"Species","year","quarter","l1","l2","no","group"
"ALL",1981,1,50,70,1,"0050-0070"
"ALL",1981,1,70,100,2,"0070-0100"
"ALL",1981,1,100,150,3,"0100-0150"
"ALL",1981,1,150,200,4,"0150-0200"
"ALL",1981,1,200,250,5,"0200-0250"
"ALL",1981,1,250,300,6,"0250-0300"
"ALL",1981,1,300,400,7,"0300-0400"
"ALL",1981,1,400,500,8,"0400-0500"
"ALL",1981,1,500,700,9,"0500-0700"
"ALL",1981,1,700,1000,10,"0700-1000"
"ALL",1981,1,1000,1200,11,"1000-1200"
"ALL",1981,1,1200,9999,12,"1200-9999"
"ALL",1981,2,50,70,1,"0050-0070"
"ALL",1981,2,70,100,2,"0070-0100"
"ALL",1981,2,100,150,3,"0100-0150"
"ALL",1981,2,150,200,4,"0150-0200"
"ALL",1981,2,200,250,5,"0200-0250"
"ALL",1981,2,250,300,6,"0250-0300"
"ALL",1981,2,300,400,7,"0300-0400"
"ALL",1981,2,400,500,8,"0400-0500"
"ALL",1981,2,500,700,9,"0500-0700"
"ALL",1981,2,700,1000,10,"0700-1000"
"ALL",1981,2,1000,1200,11,"1000-1200"
"ALL",1981,2,1200,9999,12,"1200-9999"
"ALL",1981,3,50,70,1,"0050-0070"
"ALL",1981,3,70,100,2,"0070-0100"
"ALL",1981,3,100,150,3,"0100-0150"
"ALL",1981,3,150,200,4,"0150-0200"
"ALL",1981,3,200,250,5,"0200-0250"
"ALL",1981,3,250,300,6,"0250-0300"
"ALL",1981,3,300,400,7,"0300-0400"
"ALL",1981,3,400,500,8,"0400-0500"
"ALL",1981,3,500,700,9,"0500-0700"
"ALL",1981,3,700,1000,10,"0700-1000"
"ALL",1981,3,1000,1200,11,"1000-1200"
"ALL",1981,3,1200,9999,12,"1200-9999"
"ALL",1981,4,50,70,1,"0050-0070"
"ALL",1981,4,70,100,2,"0070-0100"
"ALL",1981,4,100,150,3,"0100-0150"
"ALL",1981,4,150,200,4,"0150-0200"
"ALL",1981,4,200,250,5,"0200-0250"
"ALL",1981,4,250,300,6,"0250-0300"
"ALL",1981,4,300,400,7,"0300-0400"
"ALL",1981,4,400,500,8,"0400-0500"
"ALL",1981,4,500,700,9,"0500-0700"
"ALL",1981,4,700,1000,10,"0700-1000"
"ALL",1981,4,1000,1200,11,"1000-1200"
"ALL",1981,4,1200,9999,12,"1200-9999"
"ALL",1982,1,50,70,1,"0050-0070"
"ALL",1982,1,70,100,2,"0070-0100"
"ALL",1982,1,100,150,3,"0100-0150"
"ALL",1982,1,150,200,4,"0150-0200"
"ALL",1982,1,200,250,5,"0200-0250"
"ALL",1982,1,250,300,6,"0250-0300"
"ALL",1982,1,300,350,7,"0300-0350"
"ALL",1982,1,350,400,8,"0350-0400"
"ALL",1982,1,400,500,9,"0400-0500"
"ALL",1982,1,500,600,10,"0500-0600"
"ALL",1982,1,600,700,11,"0600-0700"
"ALL",1982,1,700,800,12,"0700-0800"
"ALL",1982,1,800,1000,13,"0800-1000"
"ALL",1982,1,1000,1200,14,"1000-1200"
"ALL",1982,1,1200,9999,15,"1200-9999"
"ALL",1982,2,50,70,1,"0050-0070"
"ALL",1982,2,70,100,2,"0070-0100"
"ALL",1982,2,100,150,3,"0100-0150"
"ALL",1982,2,150,200,4,"0150-0200"
"ALL",1982,2,200,250,5,"0200-0250"
"ALL",1982,2,250,300,6,"0250-0300"
"ALL",1982,2,300,350,7,"0300-0350"
"ALL",1982,2,350,400,8,"0350-0400"
"ALL",1982,2,400,500,9,"0400-0500"
"ALL",1982,2,500,600,10,"0500-0600"
"ALL",1982,2,600,700,11,"0600-0700"
"ALL",1982,2,700,800,12,"0700-0800"
"ALL",1982,2,800,1000,13,"0800-1000"
"ALL",1982,2,1000,1200,14,"1000-1200"
"ALL",1982,2,1200,9999,15,"1200-9999"
"ALL",1982,3,50,70,1,"0050-0070"
"ALL",1982,3,70,100,2,"0070-0100"
"ALL",1982,3,100,150,3,"0100-0150"
"ALL",1982,3,150,200,4,"0150-0200"
"ALL",1982,3,200,250,5,"0200-0250"
"ALL",1982,3,250,300,6,"0250-0300"
"ALL",1982,3,300,350,7,"0300-0350"
"ALL",1982,3,350,400,8,"0350-0400"
"ALL",1982,3,400,500,9,"0400-0500"
"ALL",1982,3,500,600,10,"0500-0600"
"ALL",1982,3,600,700,11,"0600-0700"
"ALL",1982,3,700,800,12,"0700-0800"
"ALL",1982,3,800,1000,13,"0800-1000"
"ALL",1982,3,1000,1200,14,"1000-1200"
"ALL",1982,3,1200,9999,15,"1200-9999"
"ALL",1982,4,50,70,1,"0050-0070"
"ALL",1982,4,70,100,2,"0070-0100"
"ALL",1982,4,100,150,3,"0100-0150"
"ALL",1982,4,150,200,4,"0150-0200"
"ALL",1982,4,200,250,5,"0200-0250"
"ALL",1982,4,250,300,6,"0250-0300"
"ALL",1982,4,300,350,7,"0300-0350"
"ALL",1982,4,350,400,8,"0350-0400"
"ALL",1982,4,400,500,9,"0400-0500"
"ALL",1982,4,500,600,10,"0500-0600"
"ALL",1982,4,600,700,11,"0600-0700"
"ALL",1982,4,700,800,12,"0700-0800"
"ALL",1982,4,800,1000,13,"0800-1000"
"ALL",1982,4,1000,1200,14,"1000-1200"
"ALL",1982,4,1200,9999,15,"1200-9999"
"ALL",1983,1,50,70,1,"0050-0070"
"ALL",1983,1,70,100,2,"0070-0100"
"ALL",1983,1,100,150,3,"0100-0150"
"ALL",1983,1,150,200,4,"0150-0200"
"ALL",1983,1,200,250,5,"0200-0250"
"ALL",1983,1,250,300,6,"0250-0300"
"ALL",1983,1,300,350,7,"0300-0350"
"ALL",1983,1,350,400,8,"0350-0400"
"ALL",1983,1,400,500,9,"0400-0500"
"ALL",1983,1,500,600,10,"0500-0600"
"ALL",1983,1,600,700,11,"0600-0700"
"ALL",1983,1,700,800,12,"0700-0800"
"ALL",1983,1,800,1000,13,"0800-1000"
"ALL",1983,1,1000,1200,14,"1000-1200"
"ALL",1983,1,1200,9999,15,"1200-9999"
"ALL",1983,2,50,70,1,"0050-0070"
"ALL",1983,2,70,100,2,"0070-0100"
"ALL",1983,2,100,150,3,"0100-0150"
"ALL",1983,2,150,200,4,"0150-0200"
"ALL",1983,2,200,250,5,"0200-0250"
"ALL",1983,2,250,300,6,"0250-0300"
"ALL",1983,2,300,350,7,"0300-0350"
"ALL",1983,2,350,400,8,"0350-0400"
"ALL",1983,2,400,500,9,"0400-0500"
"ALL",1983,2,500,600,10,"0500-0600"
"ALL",1983,2,600,700,11,"0600-0700"
"ALL",1983,2,700,800,12,"0700-0800"
"ALL",1983,2,800,1000,13,"0800-1000"
"ALL",1983,2,1000,1200,14,"1000-1200"
"ALL",1983,2,1200,9999,15,"1200-9999"
"ALL",1983,3,50,70,1,"0050-0070"
"ALL",1983,3,70,100,2,"0070-0100"
"ALL",1983,3,100,150,3,"0100-0150"
"ALL",1983,3,150,200,4,"0150-0200"
"ALL",1983,3,200,250,5,"0200-0250"
"ALL",1983,3,250,300,6,"0250-0300"
"ALL",1983,3,300,350,7,"0300-0350"
"ALL",1983,3,350,400,8,"0350-0400"
"ALL",1983,3,400,500,9,"0400-0500"
"ALL",1983,3,500,600,10,"0500-0600"
"ALL",1983,3,600,700,11,"0600-0700"
"ALL",1983,3,700,800,12,"0700-0800"
"ALL",1983,3,800,1000,13,"0800-1000"
"ALL",1983,3,1000,1200,14,"1000-1200"
"ALL",1983,3,1200,9999,15,"1200-9999"
"ALL",1983,4,50,70,1,"0050-0070"
"ALL",1983,4,70,100,2,"0070-0100"
"ALL",1983,4,100,150,3,"0100-0150"
"ALL",1983,4,150,200,4,"0150-0200"
"ALL",1983,4,200,250,5,"0200-0250"
"ALL",1983,4,250,300,6,"0250-0300"
"ALL",1983,4,300,350,7,"0300-0350"
"ALL",1983,4,350,400,8,"0350-0400"
"ALL",1983,4,400,500,9,"0400-0500"
"ALL",1983,4,500,600,10,"0500-0600"
"ALL",1983,4,600,700,11,"0600-0700"
"ALL",1983,4,700,800,12,"0700-0800"
"ALL",1983,4,800,1000,13,"0800-1000"
"ALL",1983,4,1000,1200,14,"1000-1200"
"ALL",1983,4,1200,9999,15,"1200-9999"
"ALL",1984,1,50,70,1,"0050-0070"
"ALL",1984,1,70,100,2,"0070-0100"
"ALL",1984,1,100,150,3,"0100-0150"
"ALL",1984,1,150,200,4,"0150-0200"
"ALL",1984,1,200,250,5,"0200-0250"
"ALL",1984,1,250,300,6,"0250-0300"
"ALL",1984,1,300,350,7,"0300-0350"
"ALL",1984,1,350,400,8,"0350-0400"
"ALL",1984,1,400,500,9,"0400-0500"
"ALL",1984,1,500,600,10,"0500-0600"
"ALL",1984,1,600,700,11,"0600-0700"
"ALL",1984,1,700,800,12,"0700-0800"
"ALL",1984,1,800,1000,13,"0800-1000"
"ALL",1984,1,1000,1200,14,"1000-1200"
"ALL",1984,1,1200,9999,15,"1200-9999"
"ALL",1984,2,50,70,1,"0050-0070"
"ALL",1984,2,70,100,2,"0070-0100"
"ALL",1984,2,100,150,3,"0100-0150"
"ALL",1984,2,150,200,4,"0150-0200"
"ALL",1984,2,200,250,5,"0200-0250"
"ALL",1984,2,250,300,6,"0250-0300"
"ALL",1984,2,300,350,7,"0300-0350"
"ALL",1984,2,350,400,8,"0350-0400"
"ALL",1984,2,400,500,9,"0400-0500"
"ALL",1984,2,500,600,10,"0500-0600"
"ALL",1984,2,600,700,11,"0600-0700"
"ALL",1984,2,700,800,12,"0700-0800"
"ALL",1984,2,800,1000,13,"0800-1000"
"ALL",1984,2,1000,1200,14,"1000-1200"
"ALL",1984,2,1200,9999,15,"1200-9999"
"ALL",1984,3,50,70,1,"0050-0070"
"ALL",1984,3,70,100,2,"0070-0100"
"ALL",1984,3,100,150,3,"0100-0150"
"ALL",1984,3,150,200,4,"0150-0200"
"ALL",1984,3,200,250,5,"0200-0250"
"ALL",1984,3,250,300,6,"0250-0300"
"ALL",1984,3,300,350,7,"0300-0350"
"ALL",1984,3,350,400,8,"0350-0400"
"ALL",1984,3,400,500,9,"0400-0500"
"ALL",1984,3,500,600,10,"0500-0600"
"ALL",1984,3,600,700,11,"0600-0700"
"ALL",1984,3,700,800,12,"0700-0800"
"ALL",1984,3,800,1000,13,"0800-1000"
"ALL",1984,3,1000,1200,14,"1000-1200"
"ALL",1984,3,1200,9999,15,"1200-9999"
"ALL",1984,4,50,70,1,"0050-0070"
"ALL",1984,4,70,100,2,"0070-0100"
"ALL",1984,4,100,150,3,"0100-0150"
"ALL",1984,4,150,200,4,"0150-0200"
"ALL",1984,4,200,250,5,"0200-0250"
"ALL",1984,4,250,300,6,"0250-0300"
"ALL",1984,4,300,350,7,"0300-0350"
"ALL",1984,4,350,400,8,"0350-0400"
"ALL",1984,4,400,500,9,"0400-0500"
"ALL",1984,4,500,600,10,"0500-0600"
"ALL",1984,4,600,700,11,"0600-0700"
"ALL",1984,4,700,800,12,"0700-0800"
"ALL",1984,4,800,1000,13,"0800-1000"
"ALL",1984,4,1000,1200,14,"1000-1200"
"ALL",1984,4,1200,9999,15,"1200-9999"
"ALL",1985,1,50,70,1,"0050-0070"
"ALL",1985,1,70,100,2,"0070-0100"
"ALL",1985,1,100,150,3,"0100-0150"
"ALL",1985,1,150,200,4,"0150-0200"
"ALL",1985,1,200,250,5,"0200-0250"
"ALL",1985,1,250,300,6,"0250-0300"
"ALL",1985,1,300,350,7,"0300-0350"
"ALL",1985,1,350,400,8,"0350-0400"
"ALL",1985,1,400,500,9,"0400-0500"
"ALL",1985,1,500,600,10,"0500-0600"
"ALL",1985,1,600,700,11,"0600-0700"
"ALL",1985,1,700,800,12,"0700-0800"
"ALL",1985,1,800,1000,13,"0800-1000"
"ALL",1985,1,1000,1200,14,"1000-1200"
"ALL",1985,1,1200,9999,15,"1200-9999"
"ALL",1985,2,50,70,1,"0050-0070"
"ALL",1985,2,70,100,2,"0070-0100"
"ALL",1985,2,100,150,3,"0100-0150"
"ALL",1985,2,150,200,4,"0150-0200"
"ALL",1985,2,200,250,5,"0200-0250"
"ALL",1985,2,250,300,6,"0250-0300"
"ALL",1985,2,300,350,7,"0300-0350"
"ALL",1985,2,350,400,8,"0350-0400"
"ALL",1985,2,400,500,9,"0400-0500"
"ALL",1985,2,500,600,10,"0500-0600"
"ALL",1985,2,600,700,11,"0600-0700"
"ALL",1985,2,700,800,12,"0700-0800"
"ALL",1985,2,800,1000,13,"0800-1000"
"ALL",1985,2,1000,1200,14,"1000-1200"
"ALL",1985,2,1200,9999,15,"1200-9999"
"ALL",1985,3,50,70,1,"0050-0070"
"ALL",1985,3,70,100,2,"0070-0100"
"ALL",1985,3,100,150,3,"0100-0150"
"ALL",1985,3,150,200,4,"0150-0200"
"ALL",1985,3,200,250,5,"0200-0250"
"ALL",1985,3,250,300,6,"0250-0300"
"ALL",1985,3,300,350,7,"0300-0350"
"ALL",1985,3,350,400,8,"0350-0400"
"ALL",1985,3,400,500,9,"0400-0500"
"ALL",1985,3,500,600,10,"0500-0600"
"ALL",1985,3,600,700,11,"0600-0700"
"ALL",1985,3,700,800,12,"0700-0800"
"ALL",1985,3,800,1000,13,"0800-1000"
"ALL",1985,3,1000,1200,14,"1000-1200"
"ALL",1985,3,1200,9999,15,"1200-9999"
"ALL",1985,4,50,70,1,"0050-0070"
"ALL",1985,4,70,100,2,"0070-0100"
"ALL",1985,4,100,150,3,"0100-0150"
"ALL",1985,4,150,200,4,"0150-0200"
"ALL",1985,4,200,250,5,"0200-0250"
"ALL",1985,4,250,300,6,"0250-0300"
"ALL",1985,4,300,350,7,"0300-0350"
"ALL",1985,4,350,400,8,"0350-0400"
"ALL",1985,4,400,500,9,"0400-0500"
"ALL",1985,4,500,600,10,"0500-0600"
"ALL",1985,4,600,700,11,"0600-0700"
"ALL",1985,4,700,800,12,"0700-0800"
"ALL",1985,4,800,1000,13,"0800-1000"
"ALL",1985,4,1000,1200,14,"1000-1200"
"ALL",1985,4,1200,9999,15,"1200-9999"
"ALL",1986,1,50,70,1,"0050-0070"
"ALL",1986,1,70,100,2,"0070-0100"
"ALL",1986,1,100,150,3,"0100-0150"
"ALL",1986,1,150,200,4,"0150-0200"
"ALL",1986,1,200,250,5,"0200-0250"
"ALL",1986,1,250,300,6,"0250-0300"
"ALL",1986,1,300,350,7,"0300-0350"
"ALL",1986,1,350,400,8,"0350-0400"
"ALL",1986,1,400,500,9,"0400-0500"
"ALL",1986,1,500,600,10,"0500-0600"
"ALL",1986,1,600,700,11,"0600-0700"
"ALL",1986,1,700,800,12,"0700-0800"
"ALL",1986,1,800,1000,13,"0800-1000"
"ALL",1986,1,1000,1200,14,"1000-1200"
"ALL",1986,1,1200,9999,15,"1200-9999"
"ALL",1986,2,50,70,1,"0050-0070"
"ALL",1986,2,70,100,2,"0070-0100"
"ALL",1986,2,100,150,3,"0100-0150"
"ALL",1986,2,150,200,4,"0150-0200"
"ALL",1986,2,200,250,5,"0200-0250"
"ALL",1986,2,250,300,6,"0250-0300"
"ALL",1986,2,300,350,7,"0300-0350"
"ALL",1986,2,350,400,8,"0350-0400"
"ALL",1986,2,400,500,9,"0400-0500"
"ALL",1986,2,500,600,10,"0500-0600"
"ALL",1986,2,600,700,11,"0600-0700"
"ALL",1986,2,700,800,12,"0700-0800"
"ALL",1986,2,800,1000,13,"0800-1000"
"ALL",1986,2,1000,1200,14,"1000-1200"
"ALL",1986,2,1200,9999,15,"1200-9999"
"ALL",1986,3,50,70,1,"0050-0070"
"ALL",1986,3,70,100,2,"0070-0100"
"ALL",1986,3,100,150,3,"0100-0150"
"ALL",1986,3,150,200,4,"0150-0200"
"ALL",1986,3,200,250,5,"0200-0250"
"ALL",1986,3,250,300,6,"0250-0300"
"ALL",1986,3,300,350,7,"0300-0350"
"ALL",1986,3,350,400,8,"0350-0400"
"ALL",1986,3,400,500,9,"0400-0500"
"ALL",1986,3,500,600,10,"0500-0600"
"ALL",1986,3,600,700,11,"0600-0700"
"ALL",1986,3,700,800,12,"0700-0800"
"ALL",1986,3,800,1000,13,"0800-1000"
"ALL",1986,3,1000,1200,14,"1000-1200"
"ALL",1986,3,1200,9999,15,"1200-9999"
"ALL",1986,4,50,70,1,"0050-0070"
"ALL",1986,4,70,100,2,"0070-0100"
"ALL",1986,4,100,150,3,"0100-0150"
"ALL",1986,4,150,200,4,"0150-0200"
"ALL",1986,4,200,250,5,"0200-0250"
"ALL",1986,4,250,300,6,"0250-0300"
"ALL",1986,4,300,350,7,"0300-0350"
"ALL",1986,4,350,400,8,"0350-0400"
"ALL",1986,4,400,500,9,"0400-0500"
"ALL",1986,4,500,600,10,"0500-0600"
"ALL",1986,4,600,700,11,"0600-0700"
"ALL",1986,4,700,800,12,"0700-0800"
"ALL",1986,4,800,1000,13,"0800-1000"
"ALL",1986,4,1000,1200,14,"1000-1200"
"ALL",1986,4,1200,9999,15,"1200-9999"
"ALL",1987,1,50,70,1,"0050-0070"
"ALL",1987,1,70,100,2,"0070-0100"
"ALL",1987,1,100,150,3,"0100-0150"
"ALL",1987,1,150,200,4,"0150-0200"
"ALL",1987,1,200,250,5,"0200-0250"
"ALL",1987,1,250,300,6,"0250-0300"
"ALL",1987,1,300,350,7,"0300-0350"
"ALL",1987,1,350,400,8,"0350-0400"
"ALL",1987,1,400,500,9,"0400-0500"
"ALL",1987,1,500,600,10,"0500-0600"
"ALL",1987,1,600,700,11,"0600-0700"
"ALL",1987,1,700,800,12,"0700-0800"
"ALL",1987,1,800,1000,13,"0800-1000"
"ALL",1987,1,1000,1200,14,"1000-1200"
"ALL",1987,1,1200,9999,15,"1200-9999"
"ALL",1987,2,50,70,1,"0050-0070"
"ALL",1987,2,70,100,2,"0070-0100"
"ALL",1987,2,100,150,3,"0100-0150"
"ALL",1987,2,150,200,4,"0150-0200"
"ALL",1987,2,200,250,5,"0200-0250"
"ALL",1987,2,250,300,6,"0250-0300"
"ALL",1987,2,300,350,7,"0300-0350"
"ALL",1987,2,350,400,8,"0350-0400"
"ALL",1987,2,400,500,9,"0400-0500"
"ALL",1987,2,500,600,10,"0500-0600"
"ALL",1987,2,600,700,11,"0600-0700"
"ALL",1987,2,700,800,12,"0700-0800"
"ALL",1987,2,800,1000,13,"0800-1000"
"ALL",1987,2,1000,1200,14,"1000-1200"
"ALL",1987,2,1200,9999,15,"1200-9999"
"ALL",1987,3,50,70,1,"0050-0070"
"ALL",1987,3,70,100,2,"0070-0100"
"ALL",1987,3,100,150,3,"0100-0150"
"ALL",1987,3,150,200,4,"0150-0200"
"ALL",1987,3,200,250,5,"0200-0250"
"ALL",1987,3,250,300,6,"0250-0300"
"ALL",1987,3,300,350,7,"0300-0350"
"ALL",1987,3,350,400,8,"0350-0400"
"ALL",1987,3,400,500,9,"0400-0500"
"ALL",1987,3,500,600,10,"0500-0600"
"ALL",1987,3,600,700,11,"0600-0700"
"ALL",1987,3,700,800,12,"0700-0800"
"ALL",1987,3,800,1000,13,"0800-1000"
"ALL",1987,3,1000,1200,14,"1000-1200"
"ALL",1987,3,1200,9999,15,"1200-9999"
"ALL",1987,4,50,70,1,"0050-0070"
"ALL",1987,4,70,100,2,"0070-0100"
"ALL",1987,4,100,150,3,"0100-0150"
"ALL",1987,4,150,200,4,"0150-0200"
"ALL",1987,4,200,250,5,"0200-0250"
"ALL",1987,4,250,300,6,"0250-0300"
"ALL",1987,4,300,350,7,"0300-0350"
"ALL",1987,4,350,400,8,"0350-0400"
"ALL",1987,4,400,500,9,"0400-0500"
"ALL",1987,4,500,600,10,"0500-0600"
"ALL",1987,4,600,700,11,"0600-0700"
"ALL",1987,4,700,800,12,"0700-0800"
"ALL",1987,4,800,1000,13,"0800-1000"
"ALL",1987,4,1000,1200,14,"1000-1200"
"ALL",1987,4,1200,9999,15,"1200-9999"
"ALL",1988,1,50,70,1,"0050-0070"
"ALL",1988,1,70,100,2,"0070-0100"
"ALL",1988,1,100,150,3,"0100-0150"
"ALL",1988,1,150,200,4,"0150-0200"
"ALL",1988,1,200,250,5,"0200-0250"
"ALL",1988,1,250,300,6,"0250-0300"
"ALL",1988,1,300,350,7,"0300-0350"
"ALL",1988,1,350,400,8,"0350-0400"
"ALL",1988,1,400,500,9,"0400-0500"
"ALL",1988,1,500,600,10,"0500-0600"
"ALL",1988,1,600,700,11,"0600-0700"
"ALL",1988,1,700,800,12,"0700-0800"
"ALL",1988,1,800,1000,13,"0800-1000"
"ALL",1988,1,1000,1200,14,"1000-1200"
"ALL",1988,1,1200,9999,15,"1200-9999"
"ALL",1988,2,50,70,1,"0050-0070"
"ALL",1988,2,70,100,2,"0070-0100"
"ALL",1988,2,100,150,3,"0100-0150"
"ALL",1988,2,150,200,4,"0150-0200"
"ALL",1988,2,200,250,5,"0200-0250"
"ALL",1988,2,250,300,6,"0250-0300"
"ALL",1988,2,300,350,7,"0300-0350"
"ALL",1988,2,350,400,8,"0350-0400"
"ALL",1988,2,400,500,9,"0400-0500"
"ALL",1988,2,500,600,10,"0500-0600"
"ALL",1988,2,600,700,11,"0600-0700"
"ALL",1988,2,700,800,12,"0700-0800"
"ALL",1988,2,800,1000,13,"0800-1000"
"ALL",1988,2,1000,1200,14,"1000-1200"
"ALL",1988,2,1200,9999,15,"1200-9999"
"ALL",1988,3,50,70,1,"0050-0070"
"ALL",1988,3,70,100,2,"0070-0100"
"ALL",1988,3,100,150,3,"0100-0150"
"ALL",1988,3,150,200,4,"0150-0200"
"ALL",1988,3,200,250,5,"0200-0250"
"ALL",1988,3,250,300,6,"0250-0300"
"ALL",1988,3,300,350,7,"0300-0350"
"ALL",1988,3,350,400,8,"0350-0400"
"ALL",1988,3,400,500,9,"0400-0500"
"ALL",1988,3,500,600,10,"0500-0600"
"ALL",1988,3,600,700,11,"0600-0700"
"ALL",1988,3,700,800,12,"0700-0800"
"ALL",1988,3,800,1000,13,"0800-1000"
"ALL",1988,3,1000,1200,14,"1000-1200"
"ALL",1988,3,1200,9999,15,"1200-9999"
"ALL",1988,4,50,70,1,"0050-0070"
"ALL",1988,4,70,100,2,"0070-0100"
"ALL",1988,4,100,150,3,"0100-0150"
"ALL",1988,4,150,200,4,"0150-0200"
"ALL",1988,4,200,250,5,"0200-0250"
"ALL",1988,4,250,300,6,"0250-0300"
"ALL",1988,4,300,350,7,"0300-0350"
"ALL",1988,4,350,400,8,"0350-0400"
"ALL",1988,4,400,500,9,"0400-0500"
"ALL",1988,4,500,600,10,"0500-0600"
"ALL",1988,4,600,700,11,"0600-0700"
"ALL",1988,4,700,800,12,"0700-0800"
"ALL",1988,4,800,1000,13,"0800-1000"
"ALL",1988,4,1000,1200,14,"1000-1200"
"ALL",1988,4,1200,9999,15,"1200-9999"
"ALL",1989,1,50,70,1,"0050-0070"
"ALL",1989,1,70,100,2,"0070-0100"
"ALL",1989,1,100,150,3,"0100-0150"
"ALL",1989,1,150,200,4,"0150-0200"
"ALL",1989,1,200,250,5,"0200-0250"
"ALL",1989,1,250,300,6,"0250-0300"
"ALL",1989,1,300,350,7,"0300-0350"
"ALL",1989,1,350,400,8,"0350-0400"
"ALL",1989,1,400,500,9,"0400-0500"
"ALL",1989,1,500,600,10,"0500-0600"
"ALL",1989,1,600,700,11,"0600-0700"
"ALL",1989,1,700,800,12,"0700-0800"
"ALL",1989,1,800,1000,13,"0800-1000"
"ALL",1989,1,1000,1200,14,"1000-1200"
"ALL",1989,1,1200,9999,15,"1200-9999"
"ALL",1989,2,50,70,1,"0050-0070"
"ALL",1989,2,70,100,2,"0070-0100"
"ALL",1989,2,100,150,3,"0100-0150"
"ALL",1989,2,150,200,4,"0150-0200"
"ALL",1989,2,200,250,5,"0200-0250"
"ALL",1989,2,250,300,6,"0250-0300"
"ALL",1989,2,300,350,7,"0300-0350"
"ALL",1989,2,350,400,8,"0350-0400"
"ALL",1989,2,400,500,9,"0400-0500"
"ALL",1989,2,500,600,10,"0500-0600"
"ALL",1989,2,600,700,11,"0600-0700"
"ALL",1989,2,700,800,12,"0700-0800"
"ALL",1989,2,800,1000,13,"0800-1000"
"ALL",1989,2,1000,1200,14,"1000-1200"
"ALL",1989,2,1200,9999,15,"1200-9999"
"ALL",1989,3,50,70,1,"0050-0070"
"ALL",1989,3,70,100,2,"0070-0100"
"ALL",1989,3,100,150,3,"0100-0150"
"ALL",1989,3,150,200,4,"0150-0200"
"ALL",1989,3,200,250,5,"0200-0250"
"ALL",1989,3,250,300,6,"0250-0300"
"ALL",1989,3,300,350,7,"0300-0350"
"ALL",1989,3,350,400,8,"0350-0400"
"ALL",1989,3,400,500,9,"0400-0500"
"ALL",1989,3,500,600,10,"0500-0600"
"ALL",1989,3,600,700,11,"0600-0700"
"ALL",1989,3,700,800,12,"0700-0800"
"ALL",1989,3,800,1000,13,"0800-1000"
"ALL",1989,3,1000,1200,14,"1000-1200"
"ALL",1989,3,1200,9999,15,"1200-9999"
"ALL",1989,4,50,70,1,"0050-0070"
"ALL",1989,4,70,100,2,"0070-0100"
"ALL",1989,4,100,150,3,"0100-0150"
"ALL",1989,4,150,200,4,"0150-0200"
"ALL",1989,4,200,250,5,"0200-0250"
"ALL",1989,4,250,300,6,"0250-0300"
"ALL",1989,4,300,350,7,"0300-0350"
"ALL",1989,4,350,400,8,"0350-0400"
"ALL",1989,4,400,500,9,"0400-0500"
"ALL",1989,4,500,600,10,"0500-0600"
"ALL",1989,4,600,700,11,"0600-0700"
"ALL",1989,4,700,800,12,"0700-0800"
"ALL",1989,4,800,1000,13,"0800-1000"
"ALL",1989,4,1000,1200,14,"1000-1200"
"ALL",1989,4,1200,9999,15,"1200-9999"
"ALL",1990,1,50,60,1,"0050-0060"
"ALL",1990,1,60,70,2,"0060-0070"
"ALL",1990,1,70,80,3,"0070-0080"
"ALL",1990,1,80,100,4,"0080-0100"
"ALL",1990,1,100,120,5,"0100-0120"
"ALL",1990,1,120,150,6,"0120-0150"
"ALL",1990,1,150,200,7,"0150-0200"
"ALL",1990,1,200,250,8,"0200-0250"
"ALL",1990,1,250,300,9,"0250-0300"
"ALL",1990,1,300,350,10,"0300-0350"
"ALL",1990,1,350,400,11,"0350-0400"
"ALL",1990,1,400,500,12,"0400-0500"
"ALL",1990,1,500,600,13,"0500-0600"
"ALL",1990,1,600,700,14,"0600-0700"
"ALL",1990,1,700,800,15,"0700-0800"
"ALL",1990,1,800,1000,16,"0800-1000"
"ALL",1990,1,1000,1200,17,"1000-1200"
"ALL",1990,1,1200,9999,18,"1200-9999"
"ALL",1990,2,50,60,1,"0050-0060"
"ALL",1990,2,60,70,2,"0060-0070"
"ALL",1990,2,70,80,3,"0070-0080"
"ALL",1990,2,80,100,4,"0080-0100"
"ALL",1990,2,100,120,5,"0100-0120"
"ALL",1990,2,120,150,6,"0120-0150"
"ALL",1990,2,150,200,7,"0150-0200"
"ALL",1990,2,200,250,8,"0200-0250"
"ALL",1990,2,250,300,9,"0250-0300"
"ALL",1990,2,300,350,10,"0300-0350"
"ALL",1990,2,350,400,11,"0350-0400"
"ALL",1990,2,400,500,12,"0400-0500"
"ALL",1990,2,500,600,13,"0500-0600"
"ALL",1990,2,600,700,14,"0600-0700"
"ALL",1990,2,700,800,15,"0700-0800"
"ALL",1990,2,800,1000,16,"0800-1000"
"ALL",1990,2,1000,1200,17,"1000-1200"
"ALL",1990,2,1200,9999,18,"1200-9999"
"ALL",1990,3,50,60,1,"0050-0060"
"ALL",1990,3,60,70,2,"0060-0070"
"ALL",1990,3,70,80,3,"0070-0080"
"ALL",1990,3,80,100,4,"0080-0100"
"ALL",1990,3,100,120,5,"0100-0120"
"ALL",1990,3,120,150,6,"0120-0150"
"ALL",1990,3,150,200,7,"0150-0200"
"ALL",1990,3,200,250,8,"0200-0250"
"ALL",1990,3,250,300,9,"0250-0300"
"ALL",1990,3,300,350,10,"0300-0350"
"ALL",1990,3,350,400,11,"0350-0400"
"ALL",1990,3,400,500,12,"0400-0500"
"ALL",1990,3,500,600,13,"0500-0600"
"ALL",1990,3,600,700,14,"0600-0700"
"ALL",1990,3,700,800,15,"0700-0800"
"ALL",1990,3,800,1000,16,"0800-1000"
"ALL",1990,3,1000,1200,17,"1000-1200"
"ALL",1990,3,1200,9999,18,"1200-9999"
"ALL",1990,4,50,60,1,"0050-0060"
"ALL",1990,4,60,70,2,"0060-0070"
"ALL",1990,4,70,80,3,"0070-0080"
"ALL",1990,4,80,100,4,"0080-0100"
"ALL",1990,4,100,120,5,"0100-0120"
"ALL",1990,4,120,150,6,"0120-0150"
"ALL",1990,4,150,200,7,"0150-0200"
"ALL",1990,4,200,250,8,"0200-0250"
"ALL",1990,4,250,300,9,"0250-0300"
"ALL",1990,4,300,350,10,"0300-0350"
"ALL",1990,4,350,400,11,"0350-0400"
"ALL",1990,4,400,500,12,"0400-0500"
"ALL",1990,4,500,600,13,"0500-0600"
"ALL",1990,4,600,700,14,"0600-0700"
"ALL",1990,4,700,800,15,"0700-0800"
"ALL",1990,4,800,1000,16,"0800-1000"
"ALL",1990,4,1000,1200,17,"1000-1200"
"ALL",1990,4,1200,9999,18,"1200-9999"
"ALL",1991,1,50,60,1,"0050-0060"
"ALL",1991,1,60,70,2,"0060-0070"
"ALL",1991,1,70,80,3,"0070-0080"
"ALL",1991,1,80,100,4,"0080-0100"
"ALL",1991,1,100,120,5,"0100-0120"
"ALL",1991,1,120,150,6,"0120-0150"
"ALL",1991,1,150,200,7,"0150-0200"
"ALL",1991,1,200,250,8,"0200-0250"
"ALL",1991,1,250,300,9,"0250-0300"
"ALL",1991,1,300,350,10,"0300-0350"
"ALL",1991,1,350,400,11,"0350-0400"
"ALL",1991,1,400,500,12,"0400-0500"
"ALL",1991,1,500,600,13,"0500-0600"
"ALL",1991,1,600,700,14,"0600-0700"
"ALL",1991,1,700,800,15,"0700-0800"
"ALL",1991,1,800,1000,16,"0800-1000"
"ALL",1991,1,1000,1200,17,"1000-1200"
"ALL",1991,1,1200,9999,18,"1200-9999"
"ALL",1991,2,50,60,1,"0050-0060"
"ALL",1991,2,60,70,2,"0060-0070"
"ALL",1991,2,70,80,3,"0070-0080"
"ALL",1991,2,80,100,4,"0080-0100"
"ALL",1991,2,100,120,5,"0100-0120"
"ALL",1991,2,120,150,6,"0120-0150"
"ALL",1991,2,150,200,7,"0150-0200"
"ALL",1991,2,200,250,8,"0200-0250"
"ALL",1991,2,250,300,9,"0250-0300"
"ALL",1991,2,300,350,10,"0300-0350"
"ALL",1991,2,350,400,11,"0350-0400"
"ALL",1991,2,400,500,12,"0400-0500"
"ALL",1991,2,500,600,13,"0500-0600"
"ALL",1991,2,600,700,14,"0600-0700"
"ALL",1991,2,700,800,15,"0700-0800"
"ALL",1991,2,800,1000,16,"0800-1000"
"ALL",1991,2,1000,1200,17,"1000-1200"
"ALL",1991,2,1200,9999,18,"1200-9999"
"ALL",1991,3,50,60,1,"0050-0060"
"ALL",1991,3,60,70,2,"0060-0070"
"ALL",1991,3,70,80,3,"0070-0080"
"ALL",1991,3,80,100,4,"0080-0100"
"ALL",1991,3,100,120,5,"0100-0120"
"ALL",1991,3,120,150,6,"0120-0150"
"ALL",1991,3,150,200,7,"0150-0200"
"ALL",1991,3,200,250,8,"0200-0250"
"ALL",1991,3,250,300,9,"0250-0300"
"ALL",1991,3,300,350,10,"0300-0350"
"ALL",1991,3,350,400,11,"0350-0400"
"ALL",1991,3,400,500,12,"0400-0500"
"ALL",1991,3,500,600,13,"0500-0600"
"ALL",1991,3,600,700,14,"0600-0700"
"ALL",1991,3,700,800,15,"0700-0800"
"ALL",1991,3,800,1000,16,"0800-1000"
"ALL",1991,3,1000,1200,17,"1000-1200"
"ALL",1991,3,1200,9999,18,"1200-9999"
"ALL",1991,4,50,60,1,"0050-0060"
"ALL",1991,4,60,70,2,"0060-0070"
"ALL",1991,4,70,80,3,"0070-0080"
"ALL",1991,4,80,100,4,"0080-0100"
"ALL",1991,4,100,120,5,"0100-0120"
"ALL",1991,4,120,150,6,"0120-0150"
"ALL",1991,4,150,200,7,"0150-0200"
"ALL",1991,4,200,250,8,"0200-0250"
"ALL",1991,4,250,300,9,"0250-0300"
"ALL",1991,4,300,350,10,"0300-0350"
"ALL",1991,4,350,400,11,"0350-0400"
"ALL",1991,4,400,500,12,"0400-0500"
"ALL",1991,4,500,600,13,"0500-0600"
"ALL",1991,4,600,700,14,"0600-0700"
"ALL",1991,4,700,800,15,"0700-0800"
"ALL",1991,4,800,1000,16,"0800-1000"
"ALL",1991,4,1000,1200,17,"1000-1200"
"ALL",1991,4,1200,9999,18,"1200-9999"
"ALL",1992,1,50,60,1,"0050-0060"
"ALL",1992,1,60,70,2,"0060-0070"
"ALL",1992,1,70,80,3,"0070-0080"
"ALL",1992,1,80,100,4,"0080-0100"
"ALL",1992,1,100,120,5,"0100-0120"
"ALL",1992,1,120,150,6,"0120-0150"
"ALL",1992,1,150,200,7,"0150-0200"
"ALL",1992,1,200,250,8,"0200-0250"
"ALL",1992,1,250,300,9,"0250-0300"
"ALL",1992,1,300,350,10,"0300-0350"
"ALL",1992,1,350,400,11,"0350-0400"
"ALL",1992,1,400,500,12,"0400-0500"
"ALL",1992,1,500,600,13,"0500-0600"
"ALL",1992,1,600,700,14,"0600-0700"
"ALL",1992,1,700,800,15,"0700-0800"
"ALL",1992,1,800,1000,16,"0800-1000"
"ALL",1992,1,1000,1200,17,"1000-1200"
"ALL",1992,1,1200,9999,18,"1200-9999"
"ALL",1992,2,50,60,1,"0050-0060"
"ALL",1992,2,60,70,2,"0060-0070"
"ALL",1992,2,70,80,3,"0070-0080"
"ALL",1992,2,80,100,4,"0080-0100"
"ALL",1992,2,100,120,5,"0100-0120"
"ALL",1992,2,120,150,6,"0120-0150"
"ALL",1992,2,150,200,7,"0150-0200"
"ALL",1992,2,200,250,8,"0200-0250"
"ALL",1992,2,250,300,9,"0250-0300"
"ALL",1992,2,300,350,10,"0300-0350"
"ALL",1992,2,350,400,11,"0350-0400"
"ALL",1992,2,400,500,12,"0400-0500"
"ALL",1992,2,500,600,13,"0500-0600"
"ALL",1992,2,600,700,14,"0600-0700"
"ALL",1992,2,700,800,15,"0700-0800"
"ALL",1992,2,800,1000,16,"0800-1000"
"ALL",1992,2,1000,1200,17,"1000-1200"
"ALL",1992,2,1200,9999,18,"1200-9999"
"ALL",1992,3,50,60,1,"0050-0060"
"ALL",1992,3,60,70,2,"0060-0070"
"ALL",1992,3,70,80,3,"0070-0080"
"ALL",1992,3,80,100,4,"0080-0100"
"ALL",1992,3,100,120,5,"0100-0120"
"ALL",1992,3,120,150,6,"0120-0150"
"ALL",1992,3,150,200,7,"0150-0200"
"ALL",1992,3,200,250,8,"0200-0250"
"ALL",1992,3,250,300,9,"0250-0300"
"ALL",1992,3,300,350,10,"0300-0350"
"ALL",1992,3,350,400,11,"0350-0400"
"ALL",1992,3,400,500,12,"0400-0500"
"ALL",1992,3,500,600,13,"0500-0600"
"ALL",1992,3,600,700,14,"0600-0700"
"ALL",1992,3,700,800,15,"0700-0800"
"ALL",1992,3,800,1000,16,"0800-1000"
"ALL",1992,3,1000,1200,17,"1000-1200"
"ALL",1992,3,1200,9999,18,"1200-9999"
"ALL",1992,4,50,60,1,"0050-0060"
"ALL",1992,4,60,70,2,"0060-0070"
"ALL",1992,4,70,80,3,"0070-0080"
"ALL",1992,4,80,100,4,"0080-0100"
"ALL",1992,4,100,120,5,"0100-0120"
"ALL",1992,4,120,150,6,"0120-0150"
"ALL",1992,4,150,200,7,"0150-0200"
"ALL",1992,4,200,250,8,"0200-0250"
"ALL",1992,4,250,300,9,"0250-0300"
"ALL",1992,4,300,350,10,"0300-0350"
"ALL",1992,4,350,400,11,"0350-0400"
"ALL",1992,4,400,500,12,"0400-0500"
"ALL",1992,4,500,600,13,"0500-0600"
"ALL",1992,4,600,700,14,"0600-0700"
"ALL",1992,4,700,800,15,"0700-0800"
"ALL",1992,4,800,1000,16,"0800-1000"
"ALL",1992,4,1000,1200,17,"1000-1200"
"ALL",1992,4,1200,9999,18,"1200-9999"
"ALL",1993,1,50,60,1,"0050-0060"
"ALL",1993,1,60,70,2,"0060-0070"
"ALL",1993,1,70,80,3,"0070-0080"
"ALL",1993,1,80,100,4,"0080-0100"
"ALL",1993,1,100,120,5,"0100-0120"
"ALL",1993,1,120,150,6,"0120-0150"
"ALL",1993,1,150,200,7,"0150-0200"
"ALL",1993,1,200,250,8,"0200-0250"
"ALL",1993,1,250,300,9,"0250-0300"
"ALL",1993,1,300,350,10,"0300-0350"
"ALL",1993,1,350,400,11,"0350-0400"
"ALL",1993,1,400,500,12,"0400-0500"
"ALL",1993,1,500,600,13,"0500-0600"
"ALL",1993,1,600,700,14,"0600-0700"
"ALL",1993,1,700,800,15,"0700-0800"
"ALL",1993,1,800,1000,16,"0800-1000"
"ALL",1993,1,1000,1200,17,"1000-1200"
"ALL",1993,1,1200,9999,18,"1200-9999"
"ALL",1993,2,50,60,1,"0050-0060"
"ALL",1993,2,60,70,2,"0060-0070"
"ALL",1993,2,70,80,3,"0070-0080"
"ALL",1993,2,80,100,4,"0080-0100"
"ALL",1993,2,100,120,5,"0100-0120"
"ALL",1993,2,120,150,6,"0120-0150"
"ALL",1993,2,150,200,7,"0150-0200"
"ALL",1993,2,200,250,8,"0200-0250"
"ALL",1993,2,250,300,9,"0250-0300"
"ALL",1993,2,300,350,10,"0300-0350"
"ALL",1993,2,350,400,11,"0350-0400"
"ALL",1993,2,400,500,12,"0400-0500"
"ALL",1993,2,500,600,13,"0500-0600"
"ALL",1993,2,600,700,14,"0600-0700"
"ALL",1993,2,700,800,15,"0700-0800"
"ALL",1993,2,800,1000,16,"0800-1000"
"ALL",1993,2,1000,1200,17,"1000-1200"
"ALL",1993,2,1200,9999,18,"1200-9999"
"ALL",1993,3,50,60,1,"0050-0060"
"ALL",1993,3,60,70,2,"0060-0070"
"ALL",1993,3,70,80,3,"0070-0080"
"ALL",1993,3,80,100,4,"0080-0100"
"ALL",1993,3,100,120,5,"0100-0120"
"ALL",1993,3,120,150,6,"0120-0150"
"ALL",1993,3,150,200,7,"0150-0200"
"ALL",1993,3,200,250,8,"0200-0250"
"ALL",1993,3,250,300,9,"0250-0300"
"ALL",1993,3,300,350,10,"0300-0350"
"ALL",1993,3,350,400,11,"0350-0400"
"ALL",1993,3,400,500,12,"0400-0500"
"ALL",1993,3,500,600,13,"0500-0600"
"ALL",1993,3,600,700,14,"0600-0700"
"ALL",1993,3,700,800,15,"0700-0800"
"ALL",1993,3,800,1000,16,"0800-1000"
"ALL",1993,3,1000,1200,17,"1000-1200"
"ALL",1993,3,1200,9999,18,"1200-9999"
"ALL",1993,4,50,60,1,"0050-0060"
"ALL",1993,4,60,70,2,"0060-0070"
"ALL",1993,4,70,80,3,"0070-0080"
"ALL",1993,4,80,100,4,"0080-0100"
"ALL",1993,4,100,120,5,"0100-0120"
"ALL",1993,4,120,150,6,"0120-0150"
"ALL",1993,4,150,200,7,"0150-0200"
"ALL",1993,4,200,250,8,"0200-0250"
"ALL",1993,4,250,300,9,"0250-0300"
"ALL",1993,4,300,350,10,"0300-0350"
"ALL",1993,4,350,400,11,"0350-0400"
"ALL",1993,4,400,500,12,"0400-0500"
"ALL",1993,4,500,600,13,"0500-0600"
"ALL",1993,4,600,700,14,"0600-0700"
"ALL",1993,4,700,800,15,"0700-0800"
"ALL",1993,4,800,1000,16,"0800-1000"
"ALL",1993,4,1000,1200,17,"1000-1200"
"ALL",1993,4,1200,9999,18,"1200-9999"
"ALL",1994,1,50,60,1,"0050-0060"
"ALL",1994,1,60,70,2,"0060-0070"
"ALL",1994,1,70,80,3,"0070-0080"
"ALL",1994,1,80,100,4,"0080-0100"
"ALL",1994,1,100,120,5,"0100-0120"
"ALL",1994,1,120,150,6,"0120-0150"
"ALL",1994,1,150,200,7,"0150-0200"
"ALL",1994,1,200,250,8,"0200-0250"
"ALL",1994,1,250,300,9,"0250-0300"
"ALL",1994,1,300,350,10,"0300-0350"
"ALL",1994,1,350,400,11,"0350-0400"
"ALL",1994,1,400,500,12,"0400-0500"
"ALL",1994,1,500,600,13,"0500-0600"
"ALL",1994,1,600,700,14,"0600-0700"
"ALL",1994,1,700,800,15,"0700-0800"
"ALL",1994,1,800,1000,16,"0800-1000"
"ALL",1994,1,1000,1200,17,"1000-1200"
"ALL",1994,1,1200,9999,18,"1200-9999"
"ALL",1994,2,50,60,1,"0050-0060"
"ALL",1994,2,60,70,2,"0060-0070"
"ALL",1994,2,70,80,3,"0070-0080"
"ALL",1994,2,80,100,4,"0080-0100"
"ALL",1994,2,100,120,5,"0100-0120"
"ALL",1994,2,120,150,6,"0120-0150"
"ALL",1994,2,150,200,7,"0150-0200"
"ALL",1994,2,200,250,8,"0200-0250"
"ALL",1994,2,250,300,9,"0250-0300"
"ALL",1994,2,300,350,10,"0300-0350"
"ALL",1994,2,350,400,11,"0350-0400"
"ALL",1994,2,400,500,12,"0400-0500"
"ALL",1994,2,500,600,13,"0500-0600"
"ALL",1994,2,600,700,14,"0600-0700"
"ALL",1994,2,700,800,15,"0700-0800"
"ALL",1994,2,800,1000,16,"0800-1000"
"ALL",1994,2,1000,1200,17,"1000-1200"
"ALL",1994,2,1200,9999,18,"1200-9999"
"ALL",1994,3,50,60,1,"0050-0060"
"ALL",1994,3,60,70,2,"0060-0070"
"ALL",1994,3,70,80,3,"0070-0080"
"ALL",1994,3,80,100,4,"0080-0100"
"ALL",1994,3,100,120,5,"0100-0120"
"ALL",1994,3,120,150,6,"0120-0150"
"ALL",1994,3,150,200,7,"0150-0200"
"ALL",1994,3,200,250,8,"0200-0250"
"ALL",1994,3,250,300,9,"0250-0300"
"ALL",1994,3,300,350,10,"0300-0350"
"ALL",1994,3,350,400,11,"0350-0400"
"ALL",1994,3,400,500,12,"0400-0500"
"ALL",1994,3,500,600,13,"0500-0600"
"ALL",1994,3,600,700,14,"0600-0700"
"ALL",1994,3,700,800,15,"0700-0800"
"ALL",1994,3,800,1000,16,"0800-1000"
"ALL",1994,3,1000,1200,17,"1000-1200"
"ALL",1994,3,1200,9999,18,"1200-9999"
"ALL",1994,4,50,60,1,"0050-0060"
"ALL",1994,4,60,70,2,"0060-0070"
"ALL",1994,4,70,80,3,"0070-0080"
"ALL",1994,4,80,100,4,"0080-0100"
"ALL",1994,4,100,120,5,"0100-0120"
"ALL",1994,4,120,150,6,"0120-0150"
"ALL",1994,4,150,200,7,"0150-0200"
"ALL",1994,4,200,250,8,"0200-0250"
"ALL",1994,4,250,300,9,"0250-0300"
"ALL",1994,4,300,350,10,"0300-0350"
"ALL",1994,4,350,400,11,"0350-0400"
"ALL",1994,4,400,500,12,"0400-0500"
"ALL",1994,4,500,600,13,"0500-0600"
"ALL",1994,4,600,700,14,"0600-0700"
"ALL",1994,4,700,800,15,"0700-0800"
"ALL",1994,4,800,1000,16,"0800-1000"
"ALL",1994,4,1000,1200,17,"1000-1200"
"ALL",1994,4,1200,9999,18,"1200-9999"
"ALL",1995,1,50,60,1,"0050-0060"
"ALL",1995,1,60,70,2,"0060-0070"
"ALL",1995,1,70,80,3,"0070-0080"
"ALL",1995,1,80,100,4,"0080-0100"
"ALL",1995,1,100,120,5,"0100-0120"
"ALL",1995,1,120,150,6,"0120-0150"
"ALL",1995,1,150,200,7,"0150-0200"
"ALL",1995,1,200,250,8,"0200-0250"
"ALL",1995,1,250,300,9,"0250-0300"
"ALL",1995,1,300,350,10,"0300-0350"
"ALL",1995,1,350,400,11,"0350-0400"
"ALL",1995,1,400,500,12,"0400-0500"
"ALL",1995,1,500,600,13,"0500-0600"
"ALL",1995,1,600,700,14,"0600-0700"
"ALL",1995,1,700,800,15,"0700-0800"
"ALL",1995,1,800,1000,16,"0800-1000"
"ALL",1995,1,1000,1200,17,"1000-1200"
"ALL",1995,1,1200,9999,18,"1200-9999"
"ALL",1995,2,50,60,1,"0050-0060"
"ALL",1995,2,60,70,2,"0060-0070"
"ALL",1995,2,70,80,3,"0070-0080"
"ALL",1995,2,80,100,4,"0080-0100"
"ALL",1995,2,100,120,5,"0100-0120"
"ALL",1995,2,120,150,6,"0120-0150"
"ALL",1995,2,150,200,7,"0150-0200"
"ALL",1995,2,200,250,8,"0200-0250"
"ALL",1995,2,250,300,9,"0250-0300"
"ALL",1995,2,300,350,10,"0300-0350"
"ALL",1995,2,350,400,11,"0350-0400"
"ALL",1995,2,400,500,12,"0400-0500"
"ALL",1995,2,500,600,13,"0500-0600"
"ALL",1995,2,600,700,14,"0600-0700"
"ALL",1995,2,700,800,15,"0700-0800"
"ALL",1995,2,800,1000,16,"0800-1000"
"ALL",1995,2,1000,1200,17,"1000-1200"
"ALL",1995,2,1200,9999,18,"1200-9999"
"ALL",1995,3,50,60,1,"0050-0060"
"ALL",1995,3,60,70,2,"0060-0070"
"ALL",1995,3,70,80,3,"0070-0080"
"ALL",1995,3,80,100,4,"0080-0100"
"ALL",1995,3,100,120,5,"0100-0120"
"ALL",1995,3,120,150,6,"0120-0150"
"ALL",1995,3,150,200,7,"0150-0200"
"ALL",1995,3,200,250,8,"0200-0250"
"ALL",1995,3,250,300,9,"0250-0300"
"ALL",1995,3,300,350,10,"0300-0350"
"ALL",1995,3,350,400,11,"0350-0400"
"ALL",1995,3,400,500,12,"0400-0500"
"ALL",1995,3,500,600,13,"0500-0600"
"ALL",1995,3,600,700,14,"0600-0700"
"ALL",1995,3,700,800,15,"0700-0800"
"ALL",1995,3,800,1000,16,"0800-1000"
"ALL",1995,3,1000,1200,17,"1000-1200"
"ALL",1995,3,1200,9999,18,"1200-9999"
"ALL",1995,4,50,60,1,"0050-0060"
"ALL",1995,4,60,70,2,"0060-0070"
"ALL",1995,4,70,80,3,"0070-0080"
"ALL",1995,4,80,100,4,"0080-0100"
"ALL",1995,4,100,120,5,"0100-0120"
"ALL",1995,4,120,150,6,"0120-0150"
"ALL",1995,4,150,200,7,"0150-0200"
"ALL",1995,4,200,250,8,"0200-0250"
"ALL",1995,4,250,300,9,"0250-0300"
"ALL",1995,4,300,350,10,"0300-0350"
"ALL",1995,4,350,400,11,"0350-0400"
"ALL",1995,4,400,500,12,"0400-0500"
"ALL",1995,4,500,600,13,"0500-0600"
"ALL",1995,4,600,700,14,"0600-0700"
"ALL",1995,4,700,800,15,"0700-0800"
"ALL",1995,4,800,1000,16,"0800-1000"
"ALL",1995,4,1000,1200,17,"1000-1200"
"ALL",1995,4,1200,9999,18,"1200-9999"
"ALL",1996,1,50,60,1,"0050-0060"
"ALL",1996,1,60,70,2,"0060-0070"
"ALL",1996,1,70,80,3,"0070-0080"
"ALL",1996,1,80,100,4,"0080-0100"
"ALL",1996,1,100,120,5,"0100-0120"
"ALL",1996,1,120,150,6,"0120-0150"
"ALL",1996,1,150,200,7,"0150-0200"
"ALL",1996,1,200,250,8,"0200-0250"
"ALL",1996,1,250,300,9,"0250-0300"
"ALL",1996,1,300,350,10,"0300-0350"
"ALL",1996,1,350,400,11,"0350-0400"
"ALL",1996,1,400,500,12,"0400-0500"
"ALL",1996,1,500,600,13,"0500-0600"
"ALL",1996,1,600,700,14,"0600-0700"
"ALL",1996,1,700,800,15,"0700-0800"
"ALL",1996,1,800,1000,16,"0800-1000"
"ALL",1996,1,1000,1200,17,"1000-1200"
"ALL",1996,1,1200,9999,18,"1200-9999"
"ALL",1996,2,50,60,1,"0050-0060"
"ALL",1996,2,60,70,2,"0060-0070"
"ALL",1996,2,70,80,3,"0070-0080"
"ALL",1996,2,80,100,4,"0080-0100"
"ALL",1996,2,100,120,5,"0100-0120"
"ALL",1996,2,120,150,6,"0120-0150"
"ALL",1996,2,150,200,7,"0150-0200"
"ALL",1996,2,200,250,8,"0200-0250"
"ALL",1996,2,250,300,9,"0250-0300"
"ALL",1996,2,300,350,10,"0300-0350"
"ALL",1996,2,350,400,11,"0350-0400"
"ALL",1996,2,400,500,12,"0400-0500"
"ALL",1996,2,500,600,13,"0500-0600"
"ALL",1996,2,600,700,14,"0600-0700"
"ALL",1996,2,700,800,15,"0700-0800"
"ALL",1996,2,800,1000,16,"0800-1000"
"ALL",1996,2,1000,1200,17,"1000-1200"
"ALL",1996,2,1200,9999,18,"1200-9999"
"ALL",1996,3,50,60,1,"0050-0060"
"ALL",1996,3,60,70,2,"0060-0070"
"ALL",1996,3,70,80,3,"0070-0080"
"ALL",1996,3,80,100,4,"0080-0100"
"ALL",1996,3,100,120,5,"0100-0120"
"ALL",1996,3,120,150,6,"0120-0150"
"ALL",1996,3,150,200,7,"0150-0200"
"ALL",1996,3,200,250,8,"0200-0250"
"ALL",1996,3,250,300,9,"0250-0300"
"ALL",1996,3,300,350,10,"0300-0350"
"ALL",1996,3,350,400,11,"0350-0400"
"ALL",1996,3,400,500,12,"0400-0500"
"ALL",1996,3,500,600,13,"0500-0600"
"ALL",1996,3,600,700,14,"0600-0700"
"ALL",1996,3,700,800,15,"0700-0800"
"ALL",1996,3,800,1000,16,"0800-1000"
"ALL",1996,3,1000,1200,17,"1000-1200"
"ALL",1996,3,1200,9999,18,"1200-9999"
"ALL",1996,4,50,60,1,"0050-0060"
"ALL",1996,4,60,70,2,"0060-0070"
"ALL",1996,4,70,80,3,"0070-0080"
"ALL",1996,4,80,100,4,"0080-0100"
"ALL",1996,4,100,120,5,"0100-0120"
"ALL",1996,4,120,150,6,"0120-0150"
"ALL",1996,4,150,200,7,"0150-0200"
"ALL",1996,4,200,250,8,"0200-0250"
"ALL",1996,4,250,300,9,"0250-0300"
"ALL",1996,4,300,350,10,"0300-0350"
"ALL",1996,4,350,400,11,"0350-0400"
"ALL",1996,4,400,500,12,"0400-0500"
"ALL",1996,4,500,600,13,"0500-0600"
"ALL",1996,4,600,700,14,"0600-0700"
"ALL",1996,4,700,800,15,"0700-0800"
"ALL",1996,4,800,1000,16,"0800-1000"
"ALL",1996,4,1000,1200,17,"1000-1200"
"ALL",1996,4,1200,9999,18,"1200-9999"
"ALL",1997,1,50,60,1,"0050-0060"
"ALL",1997,1,60,70,2,"0060-0070"
"ALL",1997,1,70,80,3,"0070-0080"
"ALL",1997,1,80,100,4,"0080-0100"
"ALL",1997,1,100,120,5,"0100-0120"
"ALL",1997,1,120,150,6,"0120-0150"
"ALL",1997,1,150,200,7,"0150-0200"
"ALL",1997,1,200,250,8,"0200-0250"
"ALL",1997,1,250,300,9,"0250-0300"
"ALL",1997,1,300,350,10,"0300-0350"
"ALL",1997,1,350,400,11,"0350-0400"
"ALL",1997,1,400,500,12,"0400-0500"
"ALL",1997,1,500,600,13,"0500-0600"
"ALL",1997,1,600,700,14,"0600-0700"
"ALL",1997,1,700,800,15,"0700-0800"
"ALL",1997,1,800,1000,16,"0800-1000"
"ALL",1997,1,1000,1200,17,"1000-1200"
"ALL",1997,1,1200,9999,18,"1200-9999"
"ALL",1997,2,50,60,1,"0050-0060"
"ALL",1997,2,60,70,2,"0060-0070"
"ALL",1997,2,70,80,3,"0070-0080"
"ALL",1997,2,80,100,4,"0080-0100"
"ALL",1997,2,100,120,5,"0100-0120"
"ALL",1997,2,120,150,6,"0120-0150"
"ALL",1997,2,150,200,7,"0150-0200"
"ALL",1997,2,200,250,8,"0200-0250"
"ALL",1997,2,250,300,9,"0250-0300"
"ALL",1997,2,300,350,10,"0300-0350"
"ALL",1997,2,350,400,11,"0350-0400"
"ALL",1997,2,400,500,12,"0400-0500"
"ALL",1997,2,500,600,13,"0500-0600"
"ALL",1997,2,600,700,14,"0600-0700"
"ALL",1997,2,700,800,15,"0700-0800"
"ALL",1997,2,800,1000,16,"0800-1000"
"ALL",1997,2,1000,1200,17,"1000-1200"
"ALL",1997,2,1200,9999,18,"1200-9999"
"ALL",1997,3,50,60,1,"0050-0060"
"ALL",1997,3,60,70,2,"0060-0070"
"ALL",1997,3,70,80,3,"0070-0080"
"ALL",1997,3,80,100,4,"0080-0100"
"ALL",1997,3,100,120,5,"0100-0120"
"ALL",1997,3,120,150,6,"0120-0150"
"ALL",1997,3,150,200,7,"0150-0200"
"ALL",1997,3,200,250,8,"0200-0250"
"ALL",1997,3,250,300,9,"0250-0300"
"ALL",1997,3,300,350,10,"0300-0350"
"ALL",1997,3,350,400,11,"0350-0400"
"ALL",1997,3,400,500,12,"0400-0500"
"ALL",1997,3,500,600,13,"0500-0600"
"ALL",1997,3,600,700,14,"0600-0700"
"ALL",1997,3,700,800,15,"0700-0800"
"ALL",1997,3,800,1000,16,"0800-1000"
"ALL",1997,3,1000,1200,17,"1000-1200"
"ALL",1997,3,1200,9999,18,"1200-9999"
"ALL",1997,4,50,60,1,"0050-0060"
"ALL",1997,4,60,70,2,"0060-0070"
"ALL",1997,4,70,80,3,"0070-0080"
"ALL",1997,4,80,100,4,"0080-0100"
"ALL",1997,4,100,120,5,"0100-0120"
"ALL",1997,4,120,150,6,"0120-0150"
"ALL",1997,4,150,200,7,"0150-0200"
"ALL",1997,4,200,250,8,"0200-0250"
"ALL",1997,4,250,300,9,"0250-0300"
"ALL",1997,4,300,350,10,"0300-0350"
"ALL",1997,4,350,400,11,"0350-0400"
"ALL",1997,4,400,500,12,"0400-0500"
"ALL",1997,4,500,600,13,"0500-0600"
"ALL",1997,4,600,700,14,"0600-0700"
"ALL",1997,4,700,800,15,"0700-0800"
"ALL",1997,4,800,1000,16,"0800-1000"
"ALL",1997,4,1000,1200,17,"1000-1200"
"ALL",1997,4,1200,9999,18,"1200-9999"
"ALL",1998,1,50,60,1,"0050-0060"
"ALL",1998,1,60,70,2,"0060-0070"
"ALL",1998,1,70,80,3,"0070-0080"
"ALL",1998,1,80,100,4,"0080-0100"
"ALL",1998,1,100,120,5,"0100-0120"
"ALL",1998,1,120,150,6,"0120-0150"
"ALL",1998,1,150,200,7,"0150-0200"
"ALL",1998,1,200,250,8,"0200-0250"
"ALL",1998,1,250,300,9,"0250-0300"
"ALL",1998,1,300,350,10,"0300-0350"
"ALL",1998,1,350,400,11,"0350-0400"
"ALL",1998,1,400,500,12,"0400-0500"
"ALL",1998,1,500,600,13,"0500-0600"
"ALL",1998,1,600,700,14,"0600-0700"
"ALL",1998,1,700,800,15,"0700-0800"
"ALL",1998,1,800,1000,16,"0800-1000"
"ALL",1998,1,1000,1200,17,"1000-1200"
"ALL",1998,1,1200,9999,18,"1200-9999"
"ALL",1998,2,50,60,1,"0050-0060"
"ALL",1998,2,60,70,2,"0060-0070"
"ALL",1998,2,70,80,3,"0070-0080"
"ALL",1998,2,80,100,4,"0080-0100"
"ALL",1998,2,100,120,5,"0100-0120"
"ALL",1998,2,120,150,6,"0120-0150"
"ALL",1998,2,150,200,7,"0150-0200"
"ALL",1998,2,200,250,8,"0200-0250"
"ALL",1998,2,250,300,9,"0250-0300"
"ALL",1998,2,300,350,10,"0300-0350"
"ALL",1998,2,350,400,11,"0350-0400"
"ALL",1998,2,400,500,12,"0400-0500"
"ALL",1998,2,500,600,13,"0500-0600"
"ALL",1998,2,600,700,14,"0600-0700"
"ALL",1998,2,700,800,15,"0700-0800"
"ALL",1998,2,800,1000,16,"0800-1000"
"ALL",1998,2,1000,1200,17,"1000-1200"
"ALL",1998,2,1200,9999,18,"1200-9999"
"ALL",1998,3,50,60,1,"0050-0060"
"ALL",1998,3,60,70,2,"0060-0070"
"ALL",1998,3,70,80,3,"0070-0080"
"ALL",1998,3,80,100,4,"0080-0100"
"ALL",1998,3,100,120,5,"0100-0120"
"ALL",1998,3,120,150,6,"0120-0150"
"ALL",1998,3,150,200,7,"0150-0200"
"ALL",1998,3,200,250,8,"0200-0250"
"ALL",1998,3,250,300,9,"0250-0300"
"ALL",1998,3,300,350,10,"0300-0350"
"ALL",1998,3,350,400,11,"0350-0400"
"ALL",1998,3,400,500,12,"0400-0500"
"ALL",1998,3,500,600,13,"0500-0600"
"ALL",1998,3,600,700,14,"0600-0700"
"ALL",1998,3,700,800,15,"0700-0800"
"ALL",1998,3,800,1000,16,"0800-1000"
"ALL",1998,3,1000,1200,17,"1000-1200"
"ALL",1998,3,1200,9999,18,"1200-9999"
"ALL",1998,4,50,60,1,"0050-0060"
"ALL",1998,4,60,70,2,"0060-0070"
"ALL",1998,4,70,80,3,"0070-0080"
"ALL",1998,4,80,100,4,"0080-0100"
"ALL",1998,4,100,120,5,"0100-0120"
"ALL",1998,4,120,150,6,"0120-0150"
"ALL",1998,4,150,200,7,"0150-0200"
"ALL",1998,4,200,250,8,"0200-0250"
"ALL",1998,4,250,300,9,"0250-0300"
"ALL",1998,4,300,350,10,"0300-0350"
"ALL",1998,4,350,400,11,"0350-0400"
"ALL",1998,4,400,500,12,"0400-0500"
"ALL",1998,4,500,600,13,"0500-0600"
"ALL",1998,4,600,700,14,"0600-0700"
"ALL",1998,4,700,800,15,"0700-0800"
"ALL",1998,4,800,1000,16,"0800-1000"
"ALL",1998,4,1000,1200,17,"1000-1200"
"ALL",1998,4,1200,9999,18,"1200-9999"
"ALL",1999,1,50,60,1,"0050-0060"
"ALL",1999,1,60,70,2,"0060-0070"
"ALL",1999,1,70,80,3,"0070-0080"
"ALL",1999,1,80,100,4,"0080-0100"
"ALL",1999,1,100,120,5,"0100-0120"
"ALL",1999,1,120,150,6,"0120-0150"
"ALL",1999,1,150,200,7,"0150-0200"
"ALL",1999,1,200,250,8,"0200-0250"
"ALL",1999,1,250,300,9,"0250-0300"
"ALL",1999,1,300,350,10,"0300-0350"
"ALL",1999,1,350,400,11,"0350-0400"
"ALL",1999,1,400,500,12,"0400-0500"
"ALL",1999,1,500,600,13,"0500-0600"
"ALL",1999,1,600,700,14,"0600-0700"
"ALL",1999,1,700,800,15,"0700-0800"
"ALL",1999,1,800,1000,16,"0800-1000"
"ALL",1999,1,1000,1200,17,"1000-1200"
"ALL",1999,1,1200,9999,18,"1200-9999"
"ALL",1999,2,50,60,1,"0050-0060"
"ALL",1999,2,60,70,2,"0060-0070"
"ALL",1999,2,70,80,3,"0070-0080"
"ALL",1999,2,80,100,4,"0080-0100"
"ALL",1999,2,100,120,5,"0100-0120"
"ALL",1999,2,120,150,6,"0120-0150"
"ALL",1999,2,150,200,7,"0150-0200"
"ALL",1999,2,200,250,8,"0200-0250"
"ALL",1999,2,250,300,9,"0250-0300"
"ALL",1999,2,300,350,10,"0300-0350"
"ALL",1999,2,350,400,11,"0350-0400"
"ALL",1999,2,400,500,12,"0400-0500"
"ALL",1999,2,500,600,13,"0500-0600"
"ALL",1999,2,600,700,14,"0600-0700"
"ALL",1999,2,700,800,15,"0700-0800"
"ALL",1999,2,800,1000,16,"0800-1000"
"ALL",1999,2,1000,1200,17,"1000-1200"
"ALL",1999,2,1200,9999,18,"1200-9999"
"ALL",1999,3,50,60,1,"0050-0060"
"ALL",1999,3,60,70,2,"0060-0070"
"ALL",1999,3,70,80,3,"0070-0080"
"ALL",1999,3,80,100,4,"0080-0100"
"ALL",1999,3,100,120,5,"0100-0120"
"ALL",1999,3,120,150,6,"0120-0150"
"ALL",1999,3,150,200,7,"0150-0200"
"ALL",1999,3,200,250,8,"0200-0250"
"ALL",1999,3,250,300,9,"0250-0300"
"ALL",1999,3,300,350,10,"0300-0350"
"ALL",1999,3,350,400,11,"0350-0400"
"ALL",1999,3,400,500,12,"0400-0500"
"ALL",1999,3,500,600,13,"0500-0600"
"ALL",1999,3,600,700,14,"0600-0700"
"ALL",1999,3,700,800,15,"0700-0800"
"ALL",1999,3,800,1000,16,"0800-1000"
"ALL",1999,3,1000,1200,17,"1000-1200"
"ALL",1999,3,1200,9999,18,"1200-9999"
"ALL",1999,4,50,60,1,"0050-0060"
"ALL",1999,4,60,70,2,"0060-0070"
"ALL",1999,4,70,80,3,"0070-0080"
"ALL",1999,4,80,100,4,"0080-0100"
"ALL",1999,4,100,120,5,"0100-0120"
"ALL",1999,4,120,150,6,"0120-0150"
"ALL",1999,4,150,200,7,"0150-0200"
"ALL",1999,4,200,250,8,"0200-0250"
"ALL",1999,4,250,300,9,"0250-0300"
"ALL",1999,4,300,350,10,"0300-0350"
"ALL",1999,4,350,400,11,"0350-0400"
"ALL",1999,4,400,500,12,"0400-0500"
"ALL",1999,4,500,600,13,"0500-0600"
"ALL",1999,4,600,700,14,"0600-0700"
"ALL",1999,4,700,800,15,"0700-0800"
"ALL",1999,4,800,1000,16,"0800-1000"
"ALL",1999,4,1000,1200,17,"1000-1200"
"ALL",1999,4,1200,9999,18,"1200-9999"
"ALL",2000,1,50,60,1,"0050-0060"
"ALL",2000,1,60,70,2,"0060-0070"
"ALL",2000,1,70,80,3,"0070-0080"
"ALL",2000,1,80,100,4,"0080-0100"
"ALL",2000,1,100,120,5,"0100-0120"
"ALL",2000,1,120,150,6,"0120-0150"
"ALL",2000,1,150,200,7,"0150-0200"
"ALL",2000,1,200,250,8,"0200-0250"
"ALL",2000,1,250,300,9,"0250-0300"
"ALL",2000,1,300,350,10,"0300-0350"
"ALL",2000,1,350,400,11,"0350-0400"
"ALL",2000,1,400,500,12,"0400-0500"
"ALL",2000,1,500,600,13,"0500-0600"
"ALL",2000,1,600,700,14,"0600-0700"
"ALL",2000,1,700,800,15,"0700-0800"
"ALL",2000,1,800,1000,16,"0800-1000"
"ALL",2000,1,1000,1200,17,"1000-1200"
"ALL",2000,1,1200,9999,18,"1200-9999"
"ALL",2000,2,50,60,1,"0050-0060"
"ALL",2000,2,60,70,2,"0060-0070"
"ALL",2000,2,70,80,3,"0070-0080"
"ALL",2000,2,80,100,4,"0080-0100"
"ALL",2000,2,100,120,5,"0100-0120"
"ALL",2000,2,120,150,6,"0120-0150"
"ALL",2000,2,150,200,7,"0150-0200"
"ALL",2000,2,200,250,8,"0200-0250"
"ALL",2000,2,250,300,9,"0250-0300"
"ALL",2000,2,300,350,10,"0300-0350"
"ALL",2000,2,350,400,11,"0350-0400"
"ALL",2000,2,400,500,12,"0400-0500"
"ALL",2000,2,500,600,13,"0500-0600"
"ALL",2000,2,600,700,14,"0600-0700"
"ALL",2000,2,700,800,15,"0700-0800"
"ALL",2000,2,800,1000,16,"0800-1000"
"ALL",2000,2,1000,1200,17,"1000-1200"
"ALL",2000,2,1200,9999,18,"1200-9999"
"ALL",2000,3,50,60,1,"0050-0060"
"ALL",2000,3,60,70,2,"0060-0070"
"ALL",2000,3,70,80,3,"0070-0080"
"ALL",2000,3,80,100,4,"0080-0100"
"ALL",2000,3,100,120,5,"0100-0120"
"ALL",2000,3,120,150,6,"0120-0150"
"ALL",2000,3,150,200,7,"0150-0200"
"ALL",2000,3,200,250,8,"0200-0250"
"ALL",2000,3,250,300,9,"0250-0300"
"ALL",2000,3,300,350,10,"0300-0350"
"ALL",2000,3,350,400,11,"0350-0400"
"ALL",2000,3,400,500,12,"0400-0500"
"ALL",2000,3,500,600,13,"0500-0600"
"ALL",2000,3,600,700,14,"0600-0700"
"ALL",2000,3,700,800,15,"0700-0800"
"ALL",2000,3,800,1000,16,"0800-1000"
"ALL",2000,3,1000,1200,17,"1000-1200"
"ALL",2000,3,1200,9999,18,"1200-9999"
"ALL",2000,4,50,60,1,"0050-0060"
"ALL",2000,4,60,70,2,"0060-0070"
"ALL",2000,4,70,80,3,"0070-0080"
"ALL",2000,4,80,100,4,"0080-0100"
"ALL",2000,4,100,120,5,"0100-0120"
"ALL",2000,4,120,150,6,"0120-0150"
"ALL",2000,4,150,200,7,"0150-0200"
"ALL",2000,4,200,250,8,"0200-0250"
"ALL",2000,4,250,300,9,"0250-0300"
"ALL",2000,4,300,350,10,"0300-0350"
"ALL",2000,4,350,400,11,"0350-0400"
"ALL",2000,4,400,500,12,"0400-0500"
"ALL",2000,4,500,600,13,"0500-0600"
"ALL",2000,4,600,700,14,"0600-0700"
"ALL",2000,4,700,800,15,"0700-0800"
"ALL",2000,4,800,1000,16,"0800-1000"
"ALL",2000,4,1000,1200,17,"1000-1200"
"ALL",2000,4,1200,9999,18,"1200-9999"
"ALL",2001,1,50,60,1,"0050-0060"
"ALL",2001,1,60,70,2,"0060-0070"
"ALL",2001,1,70,80,3,"0070-0080"
"ALL",2001,1,80,100,4,"0080-0100"
"ALL",2001,1,100,120,5,"0100-0120"
"ALL",2001,1,120,150,6,"0120-0150"
"ALL",2001,1,150,200,7,"0150-0200"
"ALL",2001,1,200,250,8,"0200-0250"
"ALL",2001,1,250,300,9,"0250-0300"
"ALL",2001,1,300,350,10,"0300-0350"
"ALL",2001,1,350,400,11,"0350-0400"
"ALL",2001,1,400,500,12,"0400-0500"
"ALL",2001,1,500,600,13,"0500-0600"
"ALL",2001,1,600,700,14,"0600-0700"
"ALL",2001,1,700,800,15,"0700-0800"
"ALL",2001,1,800,1000,16,"0800-1000"
"ALL",2001,1,1000,1200,17,"1000-1200"
"ALL",2001,1,1200,9999,18,"1200-9999"
"ALL",2001,2,50,60,1,"0050-0060"
"ALL",2001,2,60,70,2,"0060-0070"
"ALL",2001,2,70,80,3,"0070-0080"
"ALL",2001,2,80,100,4,"0080-0100"
"ALL",2001,2,100,120,5,"0100-0120"
"ALL",2001,2,120,150,6,"0120-0150"
"ALL",2001,2,150,200,7,"0150-0200"
"ALL",2001,2,200,250,8,"0200-0250"
"ALL",2001,2,250,300,9,"0250-0300"
"ALL",2001,2,300,350,10,"0300-0350"
"ALL",2001,2,350,400,11,"0350-0400"
"ALL",2001,2,400,500,12,"0400-0500"
"ALL",2001,2,500,600,13,"0500-0600"
"ALL",2001,2,600,700,14,"0600-0700"
"ALL",2001,2,700,800,15,"0700-0800"
"ALL",2001,2,800,1000,16,"0800-1000"
"ALL",2001,2,1000,1200,17,"1000-1200"
"ALL",2001,2,1200,9999,18,"1200-9999"
"ALL",2001,3,50,60,1,"0050-0060"
"ALL",2001,3,60,70,2,"0060-0070"
"ALL",2001,3,70,80,3,"0070-0080"
"ALL",2001,3,80,100,4,"0080-0100"
"ALL",2001,3,100,120,5,"0100-0120"
"ALL",2001,3,120,150,6,"0120-0150"
"ALL",2001,3,150,200,7,"0150-0200"
"ALL",2001,3,200,250,8,"0200-0250"
"ALL",2001,3,250,300,9,"0250-0300"
"ALL",2001,3,300,350,10,"0300-0350"
"ALL",2001,3,350,400,11,"0350-0400"
"ALL",2001,3,400,500,12,"0400-0500"
"ALL",2001,3,500,600,13,"0500-0600"
"ALL",2001,3,600,700,14,"0600-0700"
"ALL",2001,3,700,800,15,"0700-0800"
"ALL",2001,3,800,1000,16,"0800-1000"
"ALL",2001,3,1000,1200,17,"1000-1200"
"ALL",2001,3,1200,9999,18,"1200-9999"
"ALL",2001,4,50,60,1,"0050-0060"
"ALL",2001,4,60,70,2,"0060-0070"
"ALL",2001,4,70,80,3,"0070-0080"
"ALL",2001,4,80,100,4,"0080-0100"
"ALL",2001,4,100,120,5,"0100-0120"
"ALL",2001,4,120,150,6,"0120-0150"
"ALL",2001,4,150,200,7,"0150-0200"
"ALL",2001,4,200,250,8,"0200-0250"
"ALL",2001,4,250,300,9,"0250-0300"
"ALL",2001,4,300,350,10,"0300-0350"
"ALL",2001,4,350,400,11,"0350-0400"
"ALL",2001,4,400,500,12,"0400-0500"
"ALL",2001,4,500,600,13,"0500-0600"
"ALL",2001,4,600,700,14,"0600-0700"
"ALL",2001,4,700,800,15,"0700-0800"
"ALL",2001,4,800,1000,16,"0800-1000"
"ALL",2001,4,1000,1200,17,"1000-1200"
"ALL",2001,4,1200,9999,18,"1200-9999"
"ALL",2002,1,50,60,1,"0050-0060"
"ALL",2002,1,60,70,2,"0060-0070"
"ALL",2002,1,70,80,3,"0070-0080"
"ALL",2002,1,80,100,4,"0080-0100"
"ALL",2002,1,100,120,5,"0100-0120"
"ALL",2002,1,120,150,6,"0120-0150"
"ALL",2002,1,150,200,7,"0150-0200"
"ALL",2002,1,200,250,8,"0200-0250"
"ALL",2002,1,250,300,9,"0250-0300"
"ALL",2002,1,300,350,10,"0300-0350"
"ALL",2002,1,350,400,11,"0350-0400"
"ALL",2002,1,400,500,12,"0400-0500"
"ALL",2002,1,500,600,13,"0500-0600"
"ALL",2002,1,600,700,14,"0600-0700"
"ALL",2002,1,700,800,15,"0700-0800"
"ALL",2002,1,800,1000,16,"0800-1000"
"ALL",2002,1,1000,1200,17,"1000-1200"
"ALL",2002,1,1200,9999,18,"1200-9999"
"ALL",2002,2,50,60,1,"0050-0060"
"ALL",2002,2,60,70,2,"0060-0070"
"ALL",2002,2,70,80,3,"0070-0080"
"ALL",2002,2,80,100,4,"0080-0100"
"ALL",2002,2,100,120,5,"0100-0120"
"ALL",2002,2,120,150,6,"0120-0150"
"ALL",2002,2,150,200,7,"0150-0200"
"ALL",2002,2,200,250,8,"0200-0250"
"ALL",2002,2,250,300,9,"0250-0300"
"ALL",2002,2,300,350,10,"0300-0350"
"ALL",2002,2,350,400,11,"0350-0400"
"ALL",2002,2,400,500,12,"0400-0500"
"ALL",2002,2,500,600,13,"0500-0600"
"ALL",2002,2,600,700,14,"0600-0700"
"ALL",2002,2,700,800,15,"0700-0800"
"ALL",2002,2,800,1000,16,"0800-1000"
"ALL",2002,2,1000,1200,17,"1000-1200"
"ALL",2002,2,1200,9999,18,"1200-9999"
"ALL",2002,3,50,60,1,"0050-0060"
"ALL",2002,3,60,70,2,"0060-0070"
"ALL",2002,3,70,80,3,"0070-0080"
"ALL",2002,3,80,100,4,"0080-0100"
"ALL",2002,3,100,120,5,"0100-0120"
"ALL",2002,3,120,150,6,"0120-0150"
"ALL",2002,3,150,200,7,"0150-0200"
"ALL",2002,3,200,250,8,"0200-0250"
"ALL",2002,3,250,300,9,"0250-0300"
"ALL",2002,3,300,350,10,"0300-0350"
"ALL",2002,3,350,400,11,"0350-0400"
"ALL",2002,3,400,500,12,"0400-0500"
"ALL",2002,3,500,600,13,"0500-0600"
"ALL",2002,3,600,700,14,"0600-0700"
"ALL",2002,3,700,800,15,"0700-0800"
"ALL",2002,3,800,1000,16,"0800-1000"
"ALL",2002,3,1000,1200,17,"1000-1200"
"ALL",2002,3,1200,9999,18,"1200-9999"
"ALL",2002,4,50,60,1,"0050-0060"
"ALL",2002,4,60,70,2,"0060-0070"
"ALL",2002,4,70,80,3,"0070-0080"
"ALL",2002,4,80,100,4,"0080-0100"
"ALL",2002,4,100,120,5,"0100-0120"
"ALL",2002,4,120,150,6,"0120-0150"
"ALL",2002,4,150,200,7,"0150-0200"
"ALL",2002,4,200,250,8,"0200-0250"
"ALL",2002,4,250,300,9,"0250-0300"
"ALL",2002,4,300,350,10,"0300-0350"
"ALL",2002,4,350,400,11,"0350-0400"
"ALL",2002,4,400,500,12,"0400-0500"
"ALL",2002,4,500,600,13,"0500-0600"
"ALL",2002,4,600,700,14,"0600-0700"
"ALL",2002,4,700,800,15,"0700-0800"
"ALL",2002,4,800,1000,16,"0800-1000"
"ALL",2002,4,1000,1200,17,"1000-1200"
"ALL",2002,4,1200,9999,18,"1200-9999"
"ALL",2003,1,50,60,1,"0050-0060"
"ALL",2003,1,60,70,2,"0060-0070"
"ALL",2003,1,70,80,3,"0070-0080"
"ALL",2003,1,80,100,4,"0080-0100"
"ALL",2003,1,100,120,5,"0100-0120"
"ALL",2003,1,120,150,6,"0120-0150"
"ALL",2003,1,150,200,7,"0150-0200"
"ALL",2003,1,200,250,8,"0200-0250"
"ALL",2003,1,250,300,9,"0250-0300"
"ALL",2003,1,300,350,10,"0300-0350"
"ALL",2003,1,350,400,11,"0350-0400"
"ALL",2003,1,400,500,12,"0400-0500"
"ALL",2003,1,500,600,13,"0500-0600"
"ALL",2003,1,600,700,14,"0600-0700"
"ALL",2003,1,700,800,15,"0700-0800"
"ALL",2003,1,800,1000,16,"0800-1000"
"ALL",2003,1,1000,1200,17,"1000-1200"
"ALL",2003,1,1200,9999,18,"1200-9999"
"ALL",2003,2,50,60,1,"0050-0060"
"ALL",2003,2,60,70,2,"0060-0070"
"ALL",2003,2,70,80,3,"0070-0080"
"ALL",2003,2,80,100,4,"0080-0100"
"ALL",2003,2,100,120,5,"0100-0120"
"ALL",2003,2,120,150,6,"0120-0150"
"ALL",2003,2,150,200,7,"0150-0200"
"ALL",2003,2,200,250,8,"0200-0250"
"ALL",2003,2,250,300,9,"0250-0300"
"ALL",2003,2,300,350,10,"0300-0350"
"ALL",2003,2,350,400,11,"0350-0400"
"ALL",2003,2,400,500,12,"0400-0500"
"ALL",2003,2,500,600,13,"0500-0600"
"ALL",2003,2,600,700,14,"0600-0700"
"ALL",2003,2,700,800,15,"0700-0800"
"ALL",2003,2,800,1000,16,"0800-1000"
"ALL",2003,2,1000,1200,17,"1000-1200"
"ALL",2003,2,1200,9999,18,"1200-9999"
"ALL",2003,3,50,60,1,"0050-0060"
"ALL",2003,3,60,70,2,"0060-0070"
"ALL",2003,3,70,80,3,"0070-0080"
"ALL",2003,3,80,100,4,"0080-0100"
"ALL",2003,3,100,120,5,"0100-0120"
"ALL",2003,3,120,150,6,"0120-0150"
"ALL",2003,3,150,200,7,"0150-0200"
"ALL",2003,3,200,250,8,"0200-0250"
"ALL",2003,3,250,300,9,"0250-0300"
"ALL",2003,3,300,350,10,"0300-0350"
"ALL",2003,3,350,400,11,"0350-0400"
"ALL",2003,3,400,500,12,"0400-0500"
"ALL",2003,3,500,600,13,"0500-0600"
"ALL",2003,3,600,700,14,"0600-0700"
"ALL",2003,3,700,800,15,"0700-0800"
"ALL",2003,3,800,1000,16,"0800-1000"
"ALL",2003,3,1000,1200,17,"1000-1200"
"ALL",2003,3,1200,9999,18,"1200-9999"
"ALL",2003,4,50,60,1,"0050-0060"
"ALL",2003,4,60,70,2,"0060-0070"
"ALL",2003,4,70,80,3,"0070-0080"
"ALL",2003,4,80,100,4,"0080-0100"
"ALL",2003,4,100,120,5,"0100-0120"
"ALL",2003,4,120,150,6,"0120-0150"
"ALL",2003,4,150,200,7,"0150-0200"
"ALL",2003,4,200,250,8,"0200-0250"
"ALL",2003,4,250,300,9,"0250-0300"
"ALL",2003,4,300,350,10,"0300-0350"
"ALL",2003,4,350,400,11,"0350-0400"
"ALL",2003,4,400,500,12,"0400-0500"
"ALL",2003,4,500,600,13,"0500-0600"
"ALL",2003,4,600,700,14,"0600-0700"
"ALL",2003,4,700,800,15,"0700-0800"
"ALL",2003,4,800,1000,16,"0800-1000"
"ALL",2003,4,1000,1200,17,"1000-1200"
"ALL",2003,4,1200,9999,18,"1200-9999"
"ALL",2004,1,50,60,1,"0050-0060"
"ALL",2004,1,60,70,2,"0060-0070"
"ALL",2004,1,70,80,3,"0070-0080"
"ALL",2004,1,80,100,4,"0080-0100"
"ALL",2004,1,100,120,5,"0100-0120"
"ALL",2004,1,120,150,6,"0120-0150"
"ALL",2004,1,150,200,7,"0150-0200"
"ALL",2004,1,200,250,8,"0200-0250"
"ALL",2004,1,250,300,9,"0250-0300"
"ALL",2004,1,300,350,10,"0300-0350"
"ALL",2004,1,350,400,11,"0350-0400"
"ALL",2004,1,400,500,12,"0400-0500"
"ALL",2004,1,500,600,13,"0500-0600"
"ALL",2004,1,600,700,14,"0600-0700"
"ALL",2004,1,700,800,15,"0700-0800"
"ALL",2004,1,800,1000,16,"0800-1000"
"ALL",2004,1,1000,1200,17,"1000-1200"
"ALL",2004,1,1200,9999,18,"1200-9999"
"ALL",2004,2,50,60,1,"0050-0060"
"ALL",2004,2,60,70,2,"0060-0070"
"ALL",2004,2,70,80,3,"0070-0080"
"ALL",2004,2,80,100,4,"0080-0100"
"ALL",2004,2,100,120,5,"0100-0120"
"ALL",2004,2,120,150,6,"0120-0150"
"ALL",2004,2,150,200,7,"0150-0200"
"ALL",2004,2,200,250,8,"0200-0250"
"ALL",2004,2,250,300,9,"0250-0300"
"ALL",2004,2,300,350,10,"0300-0350"
"ALL",2004,2,350,400,11,"0350-0400"
"ALL",2004,2,400,500,12,"0400-0500"
"ALL",2004,2,500,600,13,"0500-0600"
"ALL",2004,2,600,700,14,"0600-0700"
"ALL",2004,2,700,800,15,"0700-0800"
"ALL",2004,2,800,1000,16,"0800-1000"
"ALL",2004,2,1000,1200,17,"1000-1200"
"ALL",2004,2,1200,9999,18,"1200-9999"
"ALL",2004,3,50,60,1,"0050-0060"
"ALL",2004,3,60,70,2,"0060-0070"
"ALL",2004,3,70,80,3,"0070-0080"
"ALL",2004,3,80,100,4,"0080-0100"
"ALL",2004,3,100,120,5,"0100-0120"
"ALL",2004,3,120,150,6,"0120-0150"
"ALL",2004,3,150,200,7,"0150-0200"
"ALL",2004,3,200,250,8,"0200-0250"
"ALL",2004,3,250,300,9,"0250-0300"
"ALL",2004,3,300,350,10,"0300-0350"
"ALL",2004,3,350,400,11,"0350-0400"
"ALL",2004,3,400,500,12,"0400-0500"
"ALL",2004,3,500,600,13,"0500-0600"
"ALL",2004,3,600,700,14,"0600-0700"
"ALL",2004,3,700,800,15,"0700-0800"
"ALL",2004,3,800,1000,16,"0800-1000"
"ALL",2004,3,1000,1200,17,"1000-1200"
"ALL",2004,3,1200,9999,18,"1200-9999"
"ALL",2004,4,50,60,1,"0050-0060"
"ALL",2004,4,60,70,2,"0060-0070"
"ALL",2004,4,70,80,3,"0070-0080"
"ALL",2004,4,80,100,4,"0080-0100"
"ALL",2004,4,100,120,5,"0100-0120"
"ALL",2004,4,120,150,6,"0120-0150"
"ALL",2004,4,150,200,7,"0150-0200"
"ALL",2004,4,200,250,8,"0200-0250"
"ALL",2004,4,250,300,9,"0250-0300"
"ALL",2004,4,300,350,10,"0300-0350"
"ALL",2004,4,350,400,11,"0350-0400"
"ALL",2004,4,400,500,12,"0400-0500"
"ALL",2004,4,500,600,13,"0500-0600"
"ALL",2004,4,600,700,14,"0600-0700"
"ALL",2004,4,700,800,15,"0700-0800"
"ALL",2004,4,800,1000,16,"0800-1000"
"ALL",2004,4,1000,1200,17,"1000-1200"
"ALL",2004,4,1200,9999,18,"1200-9999"
"ALL",2005,1,50,60,1,"0050-0060"
"ALL",2005,1,60,70,2,"0060-0070"
"ALL",2005,1,70,80,3,"0070-0080"
"ALL",2005,1,80,100,4,"0080-0100"
"ALL",2005,1,100,120,5,"0100-0120"
"ALL",2005,1,120,150,6,"0120-0150"
"ALL",2005,1,150,200,7,"0150-0200"
"ALL",2005,1,200,250,8,"0200-0250"
"ALL",2005,1,250,300,9,"0250-0300"
"ALL",2005,1,300,350,10,"0300-0350"
"ALL",2005,1,350,400,11,"0350-0400"
"ALL",2005,1,400,500,12,"0400-0500"
"ALL",2005,1,500,600,13,"0500-0600"
"ALL",2005,1,600,700,14,"0600-0700"
"ALL",2005,1,700,800,15,"0700-0800"
"ALL",2005,1,800,1000,16,"0800-1000"
"ALL",2005,1,1000,1200,17,"1000-1200"
"ALL",2005,1,1200,9999,18,"1200-9999"
"ALL",2005,2,50,60,1,"0050-0060"
"ALL",2005,2,60,70,2,"0060-0070"
"ALL",2005,2,70,80,3,"0070-0080"
"ALL",2005,2,80,100,4,"0080-0100"
"ALL",2005,2,100,120,5,"0100-0120"
"ALL",2005,2,120,150,6,"0120-0150"
"ALL",2005,2,150,200,7,"0150-0200"
"ALL",2005,2,200,250,8,"0200-0250"
"ALL",2005,2,250,300,9,"0250-0300"
"ALL",2005,2,300,350,10,"0300-0350"
"ALL",2005,2,350,400,11,"0350-0400"
"ALL",2005,2,400,500,12,"0400-0500"
"ALL",2005,2,500,600,13,"0500-0600"
"ALL",2005,2,600,700,14,"0600-0700"
"ALL",2005,2,700,800,15,"0700-0800"
"ALL",2005,2,800,1000,16,"0800-1000"
"ALL",2005,2,1000,1200,17,"1000-1200"
"ALL",2005,2,1200,9999,18,"1200-9999"
"ALL",2005,3,50,60,1,"0050-0060"
"ALL",2005,3,60,70,2,"0060-0070"
"ALL",2005,3,70,80,3,"0070-0080"
"ALL",2005,3,80,100,4,"0080-0100"
"ALL",2005,3,100,120,5,"0100-0120"
"ALL",2005,3,120,150,6,"0120-0150"
"ALL",2005,3,150,200,7,"0150-0200"
"ALL",2005,3,200,250,8,"0200-0250"
"ALL",2005,3,250,300,9,"0250-0300"
"ALL",2005,3,300,350,10,"0300-0350"
"ALL",2005,3,350,400,11,"0350-0400"
"ALL",2005,3,400,500,12,"0400-0500"
"ALL",2005,3,500,600,13,"0500-0600"
"ALL",2005,3,600,700,14,"0600-0700"
"ALL",2005,3,700,800,15,"0700-0800"
"ALL",2005,3,800,1000,16,"0800-1000"
"ALL",2005,3,1000,1200,17,"1000-1200"
"ALL",2005,3,1200,9999,18,"1200-9999"
"ALL",2005,4,50,60,1,"0050-0060"
"ALL",2005,4,60,70,2,"0060-0070"
"ALL",2005,4,70,80,3,"0070-0080"
"ALL",2005,4,80,100,4,"0080-0100"
"ALL",2005,4,100,120,5,"0100-0120"
"ALL",2005,4,120,150,6,"0120-0150"
"ALL",2005,4,150,200,7,"0150-0200"
"ALL",2005,4,200,250,8,"0200-0250"
"ALL",2005,4,250,300,9,"0250-0300"
"ALL",2005,4,300,350,10,"0300-0350"
"ALL",2005,4,350,400,11,"0350-0400"
"ALL",2005,4,400,500,12,"0400-0500"
"ALL",2005,4,500,600,13,"0500-0600"
"ALL",2005,4,600,700,14,"0600-0700"
"ALL",2005,4,700,800,15,"0700-0800"
"ALL",2005,4,800,1000,16,"0800-1000"
"ALL",2005,4,1000,1200,17,"1000-1200"
"ALL",2005,4,1200,9999,18,"1200-9999"
"ALL",2006,1,50,60,1,"0050-0060"
"ALL",2006,1,60,70,2,"0060-0070"
"ALL",2006,1,70,80,3,"0070-0080"
"ALL",2006,1,80,100,4,"0080-0100"
"ALL",2006,1,100,120,5,"0100-0120"
"ALL",2006,1,120,150,6,"0120-0150"
"ALL",2006,1,150,200,7,"0150-0200"
"ALL",2006,1,200,250,8,"0200-0250"
"ALL",2006,1,250,300,9,"0250-0300"
"ALL",2006,1,300,350,10,"0300-0350"
"ALL",2006,1,350,400,11,"0350-0400"
"ALL",2006,1,400,500,12,"0400-0500"
"ALL",2006,1,500,600,13,"0500-0600"
"ALL",2006,1,600,700,14,"0600-0700"
"ALL",2006,1,700,800,15,"0700-0800"
"ALL",2006,1,800,1000,16,"0800-1000"
"ALL",2006,1,1000,1200,17,"1000-1200"
"ALL",2006,1,1200,9999,18,"1200-9999"
"ALL",2006,2,50,60,1,"0050-0060"
"ALL",2006,2,60,70,2,"0060-0070"
"ALL",2006,2,70,80,3,"0070-0080"
"ALL",2006,2,80,100,4,"0080-0100"
"ALL",2006,2,100,120,5,"0100-0120"
"ALL",2006,2,120,150,6,"0120-0150"
"ALL",2006,2,150,200,7,"0150-0200"
"ALL",2006,2,200,250,8,"0200-0250"
"ALL",2006,2,250,300,9,"0250-0300"
"ALL",2006,2,300,350,10,"0300-0350"
"ALL",2006,2,350,400,11,"0350-0400"
"ALL",2006,2,400,500,12,"0400-0500"
"ALL",2006,2,500,600,13,"0500-0600"
"ALL",2006,2,600,700,14,"0600-0700"
"ALL",2006,2,700,800,15,"0700-0800"
"ALL",2006,2,800,1000,16,"0800-1000"
"ALL",2006,2,1000,1200,17,"1000-1200"
"ALL",2006,2,1200,9999,18,"1200-9999"
"ALL",2006,3,50,60,1,"0050-0060"
"ALL",2006,3,60,70,2,"0060-0070"
"ALL",2006,3,70,80,3,"0070-0080"
"ALL",2006,3,80,100,4,"0080-0100"
"ALL",2006,3,100,120,5,"0100-0120"
"ALL",2006,3,120,150,6,"0120-0150"
"ALL",2006,3,150,200,7,"0150-0200"
"ALL",2006,3,200,250,8,"0200-0250"
"ALL",2006,3,250,300,9,"0250-0300"
"ALL",2006,3,300,350,10,"0300-0350"
"ALL",2006,3,350,400,11,"0350-0400"
"ALL",2006,3,400,500,12,"0400-0500"
"ALL",2006,3,500,600,13,"0500-0600"
"ALL",2006,3,600,700,14,"0600-0700"
"ALL",2006,3,700,800,15,"0700-0800"
"ALL",2006,3,800,1000,16,"0800-1000"
"ALL",2006,3,1000,1200,17,"1000-1200"
"ALL",2006,3,1200,9999,18,"1200-9999"
"ALL",2006,4,50,60,1,"0050-0060"
"ALL",2006,4,60,70,2,"0060-0070"
"ALL",2006,4,70,80,3,"0070-0080"
"ALL",2006,4,80,100,4,"0080-0100"
"ALL",2006,4,100,120,5,"0100-0120"
"ALL",2006,4,120,150,6,"0120-0150"
"ALL",2006,4,150,200,7,"0150-0200"
"ALL",2006,4,200,250,8,"0200-0250"
"ALL",2006,4,250,300,9,"0250-0300"
"ALL",2006,4,300,350,10,"0300-0350"
"ALL",2006,4,350,400,11,"0350-0400"
"ALL",2006,4,400,500,12,"0400-0500"
"ALL",2006,4,500,600,13,"0500-0600"
"ALL",2006,4,600,700,14,"0600-0700"
"ALL",2006,4,700,800,15,"0700-0800"
"ALL",2006,4,800,1000,16,"0800-1000"
"ALL",2006,4,1000,1200,17,"1000-1200"
"ALL",2006,4,1200,9999,18,"1200-9999"
"ALL",2007,1,50,60,1,"0050-0060"
"ALL",2007,1,60,70,2,"0060-0070"
"ALL",2007,1,70,80,3,"0070-0080"
"ALL",2007,1,80,100,4,"0080-0100"
"ALL",2007,1,100,120,5,"0100-0120"
"ALL",2007,1,120,150,6,"0120-0150"
"ALL",2007,1,150,200,7,"0150-0200"
"ALL",2007,1,200,250,8,"0200-0250"
"ALL",2007,1,250,300,9,"0250-0300"
"ALL",2007,1,300,350,10,"0300-0350"
"ALL",2007,1,350,400,11,"0350-0400"
"ALL",2007,1,400,500,12,"0400-0500"
"ALL",2007,1,500,600,13,"0500-0600"
"ALL",2007,1,600,700,14,"0600-0700"
"ALL",2007,1,700,800,15,"0700-0800"
"ALL",2007,1,800,1000,16,"0800-1000"
"ALL",2007,1,1000,1200,17,"1000-1200"
"ALL",2007,1,1200,9999,18,"1200-9999"
"ALL",2007,2,50,60,1,"0050-0060"
"ALL",2007,2,60,70,2,"0060-0070"
"ALL",2007,2,70,80,3,"0070-0080"
"ALL",2007,2,80,100,4,"0080-0100"
"ALL",2007,2,100,120,5,"0100-0120"
"ALL",2007,2,120,150,6,"0120-0150"
"ALL",2007,2,150,200,7,"0150-0200"
"ALL",2007,2,200,250,8,"0200-0250"
"ALL",2007,2,250,300,9,"0250-0300"
"ALL",2007,2,300,350,10,"0300-0350"
"ALL",2007,2,350,400,11,"0350-0400"
"ALL",2007,2,400,500,12,"0400-0500"
"ALL",2007,2,500,600,13,"0500-0600"
"ALL",2007,2,600,700,14,"0600-0700"
"ALL",2007,2,700,800,15,"0700-0800"
"ALL",2007,2,800,1000,16,"0800-1000"
"ALL",2007,2,1000,1200,17,"1000-1200"
"ALL",2007,2,1200,9999,18,"1200-9999"
"ALL",2007,3,50,60,1,"0050-0060"
"ALL",2007,3,60,70,2,"0060-0070"
"ALL",2007,3,70,80,3,"0070-0080"
"ALL",2007,3,80,100,4,"0080-0100"
"ALL",2007,3,100,120,5,"0100-0120"
"ALL",2007,3,120,150,6,"0120-0150"
"ALL",2007,3,150,200,7,"0150-0200"
"ALL",2007,3,200,250,8,"0200-0250"
"ALL",2007,3,250,300,9,"0250-0300"
"ALL",2007,3,300,350,10,"0300-0350"
"ALL",2007,3,350,400,11,"0350-0400"
"ALL",2007,3,400,500,12,"0400-0500"
"ALL",2007,3,500,600,13,"0500-0600"
"ALL",2007,3,600,700,14,"0600-0700"
"ALL",2007,3,700,800,15,"0700-0800"
"ALL",2007,3,800,1000,16,"0800-1000"
"ALL",2007,3,1000,1200,17,"1000-1200"
"ALL",2007,3,1200,9999,18,"1200-9999"
"ALL",2007,4,50,60,1,"0050-0060"
"ALL",2007,4,60,70,2,"0060-0070"
"ALL",2007,4,70,80,3,"0070-0080"
"ALL",2007,4,80,100,4,"0080-0100"
"ALL",2007,4,100,120,5,"0100-0120"
"ALL",2007,4,120,150,6,"0120-0150"
"ALL",2007,4,150,200,7,"0150-0200"
"ALL",2007,4,200,250,8,"0200-0250"
"ALL",2007,4,250,300,9,"0250-0300"
"ALL",2007,4,300,350,10,"0300-0350"
"ALL",2007,4,350,400,11,"0350-0400"
"ALL",2007,4,400,500,12,"0400-0500"
"ALL",2007,4,500,600,13,"0500-0600"
"ALL",2007,4,600,700,14,"0600-0700"
"ALL",2007,4,700,800,15,"0700-0800"
"ALL",2007,4,800,1000,16,"0800-1000"
"ALL",2007,4,1000,1200,17,"1000-1200"
"ALL",2007,4,1200,9999,18,"1200-9999"
"ALL",2008,1,50,60,1,"0050-0060"
"ALL",2008,1,60,70,2,"0060-0070"
"ALL",2008,1,70,80,3,"0070-0080"
"ALL",2008,1,80,100,4,"0080-0100"
"ALL",2008,1,100,120,5,"0100-0120"
"ALL",2008,1,120,150,6,"0120-0150"
"ALL",2008,1,150,200,7,"0150-0200"
"ALL",2008,1,200,250,8,"0200-0250"
"ALL",2008,1,250,300,9,"0250-0300"
"ALL",2008,1,300,350,10,"0300-0350"
"ALL",2008,1,350,400,11,"0350-0400"
"ALL",2008,1,400,500,12,"0400-0500"
"ALL",2008,1,500,600,13,"0500-0600"
"ALL",2008,1,600,700,14,"0600-0700"
"ALL",2008,1,700,800,15,"0700-0800"
"ALL",2008,1,800,1000,16,"0800-1000"
"ALL",2008,1,1000,1200,17,"1000-1200"
"ALL",2008,1,1200,9999,18,"1200-9999"
"ALL",2008,2,50,60,1,"0050-0060"
"ALL",2008,2,60,70,2,"0060-0070"
"ALL",2008,2,70,80,3,"0070-0080"
"ALL",2008,2,80,100,4,"0080-0100"
"ALL",2008,2,100,120,5,"0100-0120"
"ALL",2008,2,120,150,6,"0120-0150"
"ALL",2008,2,150,200,7,"0150-0200"
"ALL",2008,2,200,250,8,"0200-0250"
"ALL",2008,2,250,300,9,"0250-0300"
"ALL",2008,2,300,350,10,"0300-0350"
"ALL",2008,2,350,400,11,"0350-0400"
"ALL",2008,2,400,500,12,"0400-0500"
"ALL",2008,2,500,600,13,"0500-0600"
"ALL",2008,2,600,700,14,"0600-0700"
"ALL",2008,2,700,800,15,"0700-0800"
"ALL",2008,2,800,1000,16,"0800-1000"
"ALL",2008,2,1000,1200,17,"1000-1200"
"ALL",2008,2,1200,9999,18,"1200-9999"
"ALL",2008,3,50,60,1,"0050-0060"
"ALL",2008,3,60,70,2,"0060-0070"
"ALL",2008,3,70,80,3,"0070-0080"
"ALL",2008,3,80,100,4,"0080-0100"
"ALL",2008,3,100,120,5,"0100-0120"
"ALL",2008,3,120,150,6,"0120-0150"
"ALL",2008,3,150,200,7,"0150-0200"
"ALL",2008,3,200,250,8,"0200-0250"
"ALL",2008,3,250,300,9,"0250-0300"
"ALL",2008,3,300,350,10,"0300-0350"
"ALL",2008,3,350,400,11,"0350-0400"
"ALL",2008,3,400,500,12,"0400-0500"
"ALL",2008,3,500,600,13,"0500-0600"
"ALL",2008,3,600,700,14,"0600-0700"
"ALL",2008,3,700,800,15,"0700-0800"
"ALL",2008,3,800,1000,16,"0800-1000"
"ALL",2008,3,1000,1200,17,"1000-1200"
"ALL",2008,3,1200,9999,18,"1200-9999"
"ALL",2008,4,50,60,1,"0050-0060"
"ALL",2008,4,60,70,2,"0060-0070"
"ALL",2008,4,70,80,3,"0070-0080"
"ALL",2008,4,80,100,4,"0080-0100"
"ALL",2008,4,100,120,5,"0100-0120"
"ALL",2008,4,120,150,6,"0120-0150"
"ALL",2008,4,150,200,7,"0150-0200"
"ALL",2008,4,200,250,8,"0200-0250"
"ALL",2008,4,250,300,9,"0250-0300"
"ALL",2008,4,300,350,10,"0300-0350"
"ALL",2008,4,350,400,11,"0350-0400"
"ALL",2008,4,400,500,12,"0400-0500"
"ALL",2008,4,500,600,13,"0500-0600"
"ALL",2008,4,600,700,14,"0600-0700"
"ALL",2008,4,700,800,15,"0700-0800"
"ALL",2008,4,800,1000,16,"0800-1000"
"ALL",2008,4,1000,1200,17,"1000-1200"
"ALL",2008,4,1200,9999,18,"1200-9999"
"ALL",2009,1,50,60,1,"0050-0060"
"ALL",2009,1,60,70,2,"0060-0070"
"ALL",2009,1,70,80,3,"0070-0080"
"ALL",2009,1,80,100,4,"0080-0100"
"ALL",2009,1,100,120,5,"0100-0120"
"ALL",2009,1,120,150,6,"0120-0150"
"ALL",2009,1,150,200,7,"0150-0200"
"ALL",2009,1,200,250,8,"0200-0250"
"ALL",2009,1,250,300,9,"0250-0300"
"ALL",2009,1,300,350,10,"0300-0350"
"ALL",2009,1,350,400,11,"0350-0400"
"ALL",2009,1,400,500,12,"0400-0500"
"ALL",2009,1,500,600,13,"0500-0600"
"ALL",2009,1,600,700,14,"0600-0700"
"ALL",2009,1,700,800,15,"0700-0800"
"ALL",2009,1,800,1000,16,"0800-1000"
"ALL",2009,1,1000,1200,17,"1000-1200"
"ALL",2009,1,1200,9999,18,"1200-9999"
"ALL",2009,2,50,60,1,"0050-0060"
"ALL",2009,2,60,70,2,"0060-0070"
"ALL",2009,2,70,80,3,"0070-0080"
"ALL",2009,2,80,100,4,"0080-0100"
"ALL",2009,2,100,120,5,"0100-0120"
"ALL",2009,2,120,150,6,"0120-0150"
"ALL",2009,2,150,200,7,"0150-0200"
"ALL",2009,2,200,250,8,"0200-0250"
"ALL",2009,2,250,300,9,"0250-0300"
"ALL",2009,2,300,350,10,"0300-0350"
"ALL",2009,2,350,400,11,"0350-0400"
"ALL",2009,2,400,500,12,"0400-0500"
"ALL",2009,2,500,600,13,"0500-0600"
"ALL",2009,2,600,700,14,"0600-0700"
"ALL",2009,2,700,800,15,"0700-0800"
"ALL",2009,2,800,1000,16,"0800-1000"
"ALL",2009,2,1000,1200,17,"1000-1200"
"ALL",2009,2,1200,9999,18,"1200-9999"
"ALL",2009,3,50,60,1,"0050-0060"
"ALL",2009,3,60,70,2,"0060-0070"
"ALL",2009,3,70,80,3,"0070-0080"
"ALL",2009,3,80,100,4,"0080-0100"
"ALL",2009,3,100,120,5,"0100-0120"
"ALL",2009,3,120,150,6,"0120-0150"
"ALL",2009,3,150,200,7,"0150-0200"
"ALL",2009,3,200,250,8,"0200-0250"
"ALL",2009,3,250,300,9,"0250-0300"
"ALL",2009,3,300,350,10,"0300-0350"
"ALL",2009,3,350,400,11,"0350-0400"
"ALL",2009,3,400,500,12,"0400-0500"
"ALL",2009,3,500,600,13,"0500-0600"
"ALL",2009,3,600,700,14,"0600-0700"
"ALL",2009,3,700,800,15,"0700-0800"
"ALL",2009,3,800,1000,16,"0800-1000"
"ALL",2009,3,1000,1200,17,"1000-1200"
"ALL",2009,3,1200,9999,18,"1200-9999"
"ALL",2009,4,50,60,1,"0050-0060"
"ALL",2009,4,60,70,2,"0060-0070"
"ALL",2009,4,70,80,3,"0070-0080"
"ALL",2009,4,80,100,4,"0080-0100"
"ALL",2009,4,100,120,5,"0100-0120"
"ALL",2009,4,120,150,6,"0120-0150"
"ALL",2009,4,150,200,7,"0150-0200"
"ALL",2009,4,200,250,8,"0200-0250"
"ALL",2009,4,250,300,9,"0250-0300"
"ALL",2009,4,300,350,10,"0300-0350"
"ALL",2009,4,350,400,11,"0350-0400"
"ALL",2009,4,400,500,12,"0400-0500"
"ALL",2009,4,500,600,13,"0500-0600"
"ALL",2009,4,600,700,14,"0600-0700"
"ALL",2009,4,700,800,15,"0700-0800"
"ALL",2009,4,800,1000,16,"0800-1000"
"ALL",2009,4,1000,1200,17,"1000-1200"
"ALL",2009,4,1200,9999,18,"1200-9999"
"ALL",2010,1,50,60,1,"0050-0060"
"ALL",2010,1,60,70,2,"0060-0070"
"ALL",2010,1,70,80,3,"0070-0080"
"ALL",2010,1,80,100,4,"0080-0100"
"ALL",2010,1,100,120,5,"0100-0120"
"ALL",2010,1,120,150,6,"0120-0150"
"ALL",2010,1,150,200,7,"0150-0200"
"ALL",2010,1,200,250,8,"0200-0250"
"ALL",2010,1,250,300,9,"0250-0300"
"ALL",2010,1,300,350,10,"0300-0350"
"ALL",2010,1,350,400,11,"0350-0400"
"ALL",2010,1,400,500,12,"0400-0500"
"ALL",2010,1,500,600,13,"0500-0600"
"ALL",2010,1,600,700,14,"0600-0700"
"ALL",2010,1,700,800,15,"0700-0800"
"ALL",2010,1,800,1000,16,"0800-1000"
"ALL",2010,1,1000,1200,17,"1000-1200"
"ALL",2010,1,1200,9999,18,"1200-9999"
"ALL",2010,2,50,60,1,"0050-0060"
"ALL",2010,2,60,70,2,"0060-0070"
"ALL",2010,2,70,80,3,"0070-0080"
"ALL",2010,2,80,100,4,"0080-0100"
"ALL",2010,2,100,120,5,"0100-0120"
"ALL",2010,2,120,150,6,"0120-0150"
"ALL",2010,2,150,200,7,"0150-0200"
"ALL",2010,2,200,250,8,"0200-0250"
"ALL",2010,2,250,300,9,"0250-0300"
"ALL",2010,2,300,350,10,"0300-0350"
"ALL",2010,2,350,400,11,"0350-0400"
"ALL",2010,2,400,500,12,"0400-0500"
"ALL",2010,2,500,600,13,"0500-0600"
"ALL",2010,2,600,700,14,"0600-0700"
"ALL",2010,2,700,800,15,"0700-0800"
"ALL",2010,2,800,1000,16,"0800-1000"
"ALL",2010,2,1000,1200,17,"1000-1200"
"ALL",2010,2,1200,9999,18,"1200-9999"
"ALL",2010,3,50,60,1,"0050-0060"
"ALL",2010,3,60,70,2,"0060-0070"
"ALL",2010,3,70,80,3,"0070-0080"
"ALL",2010,3,80,100,4,"0080-0100"
"ALL",2010,3,100,120,5,"0100-0120"
"ALL",2010,3,120,150,6,"0120-0150"
"ALL",2010,3,150,200,7,"0150-0200"
"ALL",2010,3,200,250,8,"0200-0250"
"ALL",2010,3,250,300,9,"0250-0300"
"ALL",2010,3,300,350,10,"0300-0350"
"ALL",2010,3,350,400,11,"0350-0400"
"ALL",2010,3,400,500,12,"0400-0500"
"ALL",2010,3,500,600,13,"0500-0600"
"ALL",2010,3,600,700,14,"0600-0700"
"ALL",2010,3,700,800,15,"0700-0800"
"ALL",2010,3,800,1000,16,"0800-1000"
"ALL",2010,3,1000,1200,17,"1000-1200"
"ALL",2010,3,1200,9999,18,"1200-9999"
"ALL",2010,4,50,60,1,"0050-0060"
"ALL",2010,4,60,70,2,"0060-0070"
"ALL",2010,4,70,80,3,"0070-0080"
"ALL",2010,4,80,100,4,"0080-0100"
"ALL",2010,4,100,120,5,"0100-0120"
"ALL",2010,4,120,150,6,"0120-0150"
"ALL",2010,4,150,200,7,"0150-0200"
"ALL",2010,4,200,250,8,"0200-0250"
"ALL",2010,4,250,300,9,"0250-0300"
"ALL",2010,4,300,350,10,"0300-0350"
"ALL",2010,4,350,400,11,"0350-0400"
"ALL",2010,4,400,500,12,"0400-0500"
"ALL",2010,4,500,600,13,"0500-0600"
"ALL",2010,4,600,700,14,"0600-0700"
"ALL",2010,4,700,800,15,"0700-0800"
"ALL",2010,4,800,1000,16,"0800-1000"
"ALL",2010,4,1000,1200,17,"1000-1200"
"ALL",2010,4,1200,9999,18,"1200-9999"
"ALL",2011,1,50,60,1,"0050-0060"
"ALL",2011,1,60,70,2,"0060-0070"
"ALL",2011,1,70,80,3,"0070-0080"
"ALL",2011,1,80,100,4,"0080-0100"
"ALL",2011,1,100,120,5,"0100-0120"
"ALL",2011,1,120,150,6,"0120-0150"
"ALL",2011,1,150,200,7,"0150-0200"
"ALL",2011,1,200,250,8,"0200-0250"
"ALL",2011,1,250,300,9,"0250-0300"
"ALL",2011,1,300,350,10,"0300-0350"
"ALL",2011,1,350,400,11,"0350-0400"
"ALL",2011,1,400,500,12,"0400-0500"
"ALL",2011,1,500,600,13,"0500-0600"
"ALL",2011,1,600,700,14,"0600-0700"
"ALL",2011,1,700,800,15,"0700-0800"
"ALL",2011,1,800,1000,16,"0800-1000"
"ALL",2011,1,1000,1200,17,"1000-1200"
"ALL",2011,1,1200,9999,18,"1200-9999"
"ALL",2011,2,50,60,1,"0050-0060"
"ALL",2011,2,60,70,2,"0060-0070"
"ALL",2011,2,70,80,3,"0070-0080"
"ALL",2011,2,80,100,4,"0080-0100"
"ALL",2011,2,100,120,5,"0100-0120"
"ALL",2011,2,120,150,6,"0120-0150"
"ALL",2011,2,150,200,7,"0150-0200"
"ALL",2011,2,200,250,8,"0200-0250"
"ALL",2011,2,250,300,9,"0250-0300"
"ALL",2011,2,300,350,10,"0300-0350"
"ALL",2011,2,350,400,11,"0350-0400"
"ALL",2011,2,400,500,12,"0400-0500"
"ALL",2011,2,500,600,13,"0500-0600"
"ALL",2011,2,600,700,14,"0600-0700"
"ALL",2011,2,700,800,15,"0700-0800"
"ALL",2011,2,800,1000,16,"0800-1000"
"ALL",2011,2,1000,1200,17,"1000-1200"
"ALL",2011,2,1200,9999,18,"1200-9999"
"ALL",2011,3,50,60,1,"0050-0060"
"ALL",2011,3,60,70,2,"0060-0070"
"ALL",2011,3,70,80,3,"0070-0080"
"ALL",2011,3,80,100,4,"0080-0100"
"ALL",2011,3,100,120,5,"0100-0120"
"ALL",2011,3,120,150,6,"0120-0150"
"ALL",2011,3,150,200,7,"0150-0200"
"ALL",2011,3,200,250,8,"0200-0250"
"ALL",2011,3,250,300,9,"0250-0300"
"ALL",2011,3,300,350,10,"0300-0350"
"ALL",2011,3,350,400,11,"0350-0400"
"ALL",2011,3,400,500,12,"0400-0500"
"ALL",2011,3,500,600,13,"0500-0600"
"ALL",2011,3,600,700,14,"0600-0700"
"ALL",2011,3,700,800,15,"0700-0800"
"ALL",2011,3,800,1000,16,"0800-1000"
"ALL",2011,3,1000,1200,17,"1000-1200"
"ALL",2011,3,1200,9999,18,"1200-9999"
"ALL",2011,4,50,60,1,"0050-0060"
"ALL",2011,4,60,70,2,"0060-0070"
"ALL",2011,4,70,80,3,"0070-0080"
"ALL",2011,4,80,100,4,"0080-0100"
"ALL",2011,4,100,120,5,"0100-0120"
"ALL",2011,4,120,150,6,"0120-0150"
"ALL",2011,4,150,200,7,"0150-0200"
"ALL",2011,4,200,250,8,"0200-0250"
"ALL",2011,4,250,300,9,"0250-0300"
"ALL",2011,4,300,350,10,"0300-0350"
"ALL",2011,4,350,400,11,"0350-0400"
"ALL",2011,4,400,500,12,"0400-0500"
"ALL",2011,4,500,600,13,"0500-0600"
"ALL",2011,4,600,700,14,"0600-0700"
"ALL",2011,4,700,800,15,"0700-0800"
"ALL",2011,4,800,1000,16,"0800-1000"
"ALL",2011,4,1000,1200,17,"1000-1200"
"ALL",2011,4,1200,9999,18,"1200-9999"
"ALL",2012,1,50,60,1,"0050-0060"
"ALL",2012,1,60,70,2,"0060-0070"
"ALL",2012,1,70,80,3,"0070-0080"
"ALL",2012,1,80,100,4,"0080-0100"
"ALL",2012,1,100,120,5,"0100-0120"
"ALL",2012,1,120,150,6,"0120-0150"
"ALL",2012,1,150,200,7,"0150-0200"
"ALL",2012,1,200,250,8,"0200-0250"
"ALL",2012,1,250,300,9,"0250-0300"
"ALL",2012,1,300,350,10,"0300-0350"
"ALL",2012,1,350,400,11,"0350-0400"
"ALL",2012,1,400,500,12,"0400-0500"
"ALL",2012,1,500,600,13,"0500-0600"
"ALL",2012,1,600,700,14,"0600-0700"
"ALL",2012,1,700,800,15,"0700-0800"
"ALL",2012,1,800,1000,16,"0800-1000"
"ALL",2012,1,1000,1200,17,"1000-1200"
"ALL",2012,1,1200,9999,18,"1200-9999"
"ALL",2012,2,50,60,1,"0050-0060"
"ALL",2012,2,60,70,2,"0060-0070"
"ALL",2012,2,70,80,3,"0070-0080"
"ALL",2012,2,80,100,4,"0080-0100"
"ALL",2012,2,100,120,5,"0100-0120"
"ALL",2012,2,120,150,6,"0120-0150"
"ALL",2012,2,150,200,7,"0150-0200"
"ALL",2012,2,200,250,8,"0200-0250"
"ALL",2012,2,250,300,9,"0250-0300"
"ALL",2012,2,300,350,10,"0300-0350"
"ALL",2012,2,350,400,11,"0350-0400"
"ALL",2012,2,400,500,12,"0400-0500"
"ALL",2012,2,500,600,13,"0500-0600"
"ALL",2012,2,600,700,14,"0600-0700"
"ALL",2012,2,700,800,15,"0700-0800"
"ALL",2012,2,800,1000,16,"0800-1000"
"ALL",2012,2,1000,1200,17,"1000-1200"
"ALL",2012,2,1200,9999,18,"1200-9999"
"ALL",2012,3,50,60,1,"0050-0060"
"ALL",2012,3,60,70,2,"0060-0070"
"ALL",2012,3,70,80,3,"0070-0080"
"ALL",2012,3,80,100,4,"0080-0100"
"ALL",2012,3,100,120,5,"0100-0120"
"ALL",2012,3,120,150,6,"0120-0150"
"ALL",2012,3,150,200,7,"0150-0200"
"ALL",2012,3,200,250,8,"0200-0250"
"ALL",2012,3,250,300,9,"0250-0300"
"ALL",2012,3,300,350,10,"0300-0350"
"ALL",2012,3,350,400,11,"0350-0400"
"ALL",2012,3,400,500,12,"0400-0500"
"ALL",2012,3,500,600,13,"0500-0600"
"ALL",2012,3,600,700,14,"0600-0700"
"ALL",2012,3,700,800,15,"0700-0800"
"ALL",2012,3,800,1000,16,"0800-1000"
"ALL",2012,3,1000,1200,17,"1000-1200"
"ALL",2012,3,1200,9999,18,"1200-9999"
"ALL",2012,4,50,60,1,"0050-0060"
"ALL",2012,4,60,70,2,"0060-0070"
"ALL",2012,4,70,80,3,"0070-0080"
"ALL",2012,4,80,100,4,"0080-0100"
"ALL",2012,4,100,120,5,"0100-0120"
"ALL",2012,4,120,150,6,"0120-0150"
"ALL",2012,4,150,200,7,"0150-0200"
"ALL",2012,4,200,250,8,"0200-0250"
"ALL",2012,4,250,300,9,"0250-0300"
"ALL",2012,4,300,350,10,"0300-0350"
"ALL",2012,4,350,400,11,"0350-0400"
"ALL",2012,4,400,500,12,"0400-0500"
"ALL",2012,4,500,600,13,"0500-0600"
"ALL",2012,4,600,700,14,"0600-0700"
"ALL",2012,4,700,800,15,"0700-0800"
"ALL",2012,4,800,1000,16,"0800-1000"
"ALL",2012,4,1000,1200,17,"1000-1200"
"ALL",2012,4,1200,9999,18,"1200-9999"
"ALL",2013,1,50,60,1,"0050-0060"
"ALL",2013,1,60,70,2,"0060-0070"
"ALL",2013,1,70,80,3,"0070-0080"
"ALL",2013,1,80,100,4,"0080-0100"
"ALL",2013,1,100,120,5,"0100-0120"
"ALL",2013,1,120,150,6,"0120-0150"
"ALL",2013,1,150,200,7,"0150-0200"
"ALL",2013,1,200,250,8,"0200-0250"
"ALL",2013,1,250,300,9,"0250-0300"
"ALL",2013,1,300,350,10,"0300-0350"
"ALL",2013,1,350,400,11,"0350-0400"
"ALL",2013,1,400,500,12,"0400-0500"
"ALL",2013,1,500,600,13,"0500-0600"
"ALL",2013,1,600,700,14,"0600-0700"
"ALL",2013,1,700,800,15,"0700-0800"
"ALL",2013,1,800,1000,16,"0800-1000"
"ALL",2013,1,1000,1200,17,"1000-1200"
"ALL",2013,1,1200,9999,18,"1200-9999"
"ALL",2013,2,50,60,1,"0050-0060"
"ALL",2013,2,60,70,2,"0060-0070"
"ALL",2013,2,70,80,3,"0070-0080"
"ALL",2013,2,80,100,4,"0080-0100"
"ALL",2013,2,100,120,5,"0100-0120"
"ALL",2013,2,120,150,6,"0120-0150"
"ALL",2013,2,150,200,7,"0150-0200"
"ALL",2013,2,200,250,8,"0200-0250"
"ALL",2013,2,250,300,9,"0250-0300"
"ALL",2013,2,300,350,10,"0300-0350"
"ALL",2013,2,350,400,11,"0350-0400"
"ALL",2013,2,400,500,12,"0400-0500"
"ALL",2013,2,500,600,13,"0500-0600"
"ALL",2013,2,600,700,14,"0600-0700"
"ALL",2013,2,700,800,15,"0700-0800"
"ALL",2013,2,800,1000,16,"0800-1000"
"ALL",2013,2,1000,1200,17,"1000-1200"
"ALL",2013,2,1200,9999,18,"1200-9999"
"ALL",2013,3,50,60,1,"0050-0060"
"ALL",2013,3,60,70,2,"0060-0070"
"ALL",2013,3,70,80,3,"0070-0080"
"ALL",2013,3,80,100,4,"0080-0100"
"ALL",2013,3,100,120,5,"0100-0120"
"ALL",2013,3,120,150,6,"0120-0150"
"ALL",2013,3,150,200,7,"0150-0200"
"ALL",2013,3,200,250,8,"0200-0250"
"ALL",2013,3,250,300,9,"0250-0300"
"ALL",2013,3,300,350,10,"0300-0350"
"ALL",2013,3,350,400,11,"0350-0400"
"ALL",2013,3,400,500,12,"0400-0500"
"ALL",2013,3,500,600,13,"0500-0600"
"ALL",2013,3,600,700,14,"0600-0700"
"ALL",2013,3,700,800,15,"0700-0800"
"ALL",2013,3,800,1000,16,"0800-1000"
"ALL",2013,3,1000,1200,17,"1000-1200"
"ALL",2013,3,1200,9999,18,"1200-9999"
"ALL",2013,4,50,60,1,"0050-0060"
"ALL",2013,4,60,70,2,"0060-0070"
"ALL",2013,4,70,80,3,"0070-0080"
"ALL",2013,4,80,100,4,"0080-0100"
"ALL",2013,4,100,120,5,"0100-0120"
"ALL",2013,4,120,150,6,"0120-0150"
"ALL",2013,4,150,200,7,"0150-0200"
"ALL",2013,4,200,250,8,"0200-0250"
"ALL",2013,4,250,300,9,"0250-0300"
"ALL",2013,4,300,350,10,"0300-0350"
"ALL",2013,4,350,400,11,"0350-0400"
"ALL",2013,4,400,500,12,"0400-0500"
"ALL",2013,4,500,600,13,"0500-0600"
"ALL",2013,4,600,700,14,"0600-0700"
"ALL",2013,4,700,800,15,"0700-0800"
"ALL",2013,4,800,1000,16,"0800-1000"
"ALL",2013,4,1000,1200,17,"1000-1200"
"ALL",2013,4,1200,9999,18,"1200-9999"
