pred_name,stratum_time,pred_size,stratum_area,w_fac_area
COD,1981-Q1,0200-0250,R-2,0.1564977976
COD,1981-Q1,0200-0250,R-6,0.6643287135
COD,1981-Q1,0200-0250,R-1,0.1045837006
COD,1981-Q1,0200-0250,R-7,0.0032618698
COD,1981-Q1,0250-0300,R-3,0.0380141969
COD,1981-Q1,0250-0300,R-4,0.1834018273
COD,1981-Q1,0250-0300,R-2,0.335909764
COD,1981-Q1,0250-0300,R-1,0.2280851816
COD,1981-Q1,0250-0300,R-6,0.1843555168
COD,1981-Q1,0250-0300,R-7,0.0302335134
COD,1981-Q1,0300-0400,R-3,0.0401186901
COD,1981-Q1,0300-0400,R-4,0.0755175343
COD,1981-Q1,0300-0400,R-1,0.2235716475
COD,1981-Q1,0300-0400,R-2,0.3185530664
COD,1981-Q1,0300-0400,R-5,0.0158984283
COD,1981-Q1,0150-0200,R-3,0.0132312014
COD,1981-Q1,0300-0400,R-6,0.2751123646
COD,1981-Q1,0300-0400,R-7,0.0512282689
COD,1981-Q1,0150-0200,R-4,0.0132312014
COD,1981-Q1,0400-0500,R-3,0.0266300832
COD,1981-Q1,0400-0500,R-4,0.0058305866
COD,1981-Q1,0400-0500,R-1,0.347144158
COD,1981-Q1,0150-0200,R-2,0.0921678115
COD,1981-Q1,0400-0500,R-2,0.0369358429
COD,1981-Q1,0400-0500,R-5,0.00538208
COD,1981-Q1,0400-0500,R-6,0.5457847695
COD,1981-Q1,0400-0500,R-7,0.0322924798
COD,1981-Q1,0500-0700,R-3,0.0877325287
COD,1981-Q1,0500-0700,R-1,0.6258072639
COD,1981-Q1,0150-0200,R-6,0.8516576142
COD,1981-Q1,0500-0700,R-2,0.05751905
COD,1981-Q1,0500-0700,R-6,0.1456450516
COD,1981-Q1,0500-0700,R-7,0.0637396287
COD,1981-Q1,0700-1000,R-3,0.0902705321
COD,1981-Q1,0700-1000,R-1,0.4789089283
COD,1981-Q1,0700-1000,R-4,0.0266060516
COD,1981-Q1,0700-1000,R-2,0.1397376658
COD,1981-Q1,0700-1000,R-5,0.0228051871
COD,1981-Q1,0700-1000,R-6,0.1707221643
COD,1981-Q1,0150-0200,R-7,0.0297121715
COD,1981-Q1,0700-1000,R-7,0.0709494709
COD,1981-Q1,0200-0250,R-4,0.0611600588
COD,1981-Q1,0200-0250,R-3,0.0101678598
HAD,1981-Q1,0100-0150,R-3,0.0114517464
HAD,1981-Q1,0100-0150,R-1,0.9885482536
HAD,1981-Q1,0200-0250,R-2,0.1760550751
HAD,1981-Q1,0200-0250,R-1,0.5851508818
HAD,1981-Q1,0200-0250,R-6,0.0016537034
HAD,1981-Q1,0200-0250,R-7,5.6604e-5
HAD,1981-Q1,0100-0150,R-2,0
HAD,1981-Q1,0250-0300,R-3,0.1523225304
HAD,1981-Q1,0250-0300,R-1,0.3769333018
HAD,1981-Q1,0250-0300,R-2,0.4407915769
HAD,1981-Q1,0250-0300,R-6,4.407079e-4
HAD,1981-Q1,0250-0300,R-7,2.627171e-4
HAD,1981-Q1,0300-0400,R-3,0.0914999455
HAD,1981-Q1,0100-0150,R-7,0
HAD,1981-Q1,0300-0400,R-2,0.1929377145
HAD,1981-Q1,0300-0400,R-1,0.689010766
HAD,1981-Q1,0300-0400,R-6,0.0115773906
HAD,1981-Q1,0300-0400,R-7,0.0041650046
HAD,1981-Q1,0150-0200,R-3,0.118305326
HAD,1981-Q1,0400-0500,R-3,0.0374384226
HAD,1981-Q1,0400-0500,R-1,0.8634618421
HAD,1981-Q1,0400-0500,R-6,0.0087098123
HAD,1981-Q1,0400-0500,R-2,0.0759400054
HAD,1981-Q1,0400-0500,R-7,0.0072476075
HAD,1981-Q1,0500-0700,R-2,0.0453983272
HAD,1981-Q1,0500-0700,R-1,0.8890808397
HAD,1981-Q1,0500-0700,R-7,0.00823223
HAD,1981-Q1,0500-0700,R-6,0.0227518257
HAD,1981-Q1,0150-0200,R-2,0.1127682466
HAD,1981-Q1,0150-0200,R-1,0.7672860192
HAD,1981-Q1,0150-0200,R-6,4.855526e-4
HAD,1981-Q1,0150-0200,R-7,0
HAD,1981-Q1,0200-0250,R-3,0.229864073
MAC,1981-Q1,0200-0250,R-2,0.6607019957
MAC,1981-Q1,0300-0400,R-2,1
MAC,1981-Q1,0150-0200,R-7,0
MAC,1981-Q1,0300-0400,R-1,0
MAC,1981-Q1,0250-0300,R-7,0
MAC,1981-Q1,0300-0400,R-7,0
MAC,1981-Q1,0200-0250,R-5,0
MAC,1981-Q1,0250-0300,R-5,0
MAC,1981-Q1,0300-0400,R-5,0
MAC,1981-Q1,0250-0300,R-2,0.9413241288
MAC,1981-Q1,0150-0200,R-2,1
WHG,1981-Q1,0100-0150,R-7,0.0434038455
WHG,1981-Q1,0100-0150,R-4,0.0374898145
WHG,1981-Q1,0150-0200,R-3,0.181063017
WHG,1981-Q1,0150-0200,R-4,0.0565180308
WHG,1981-Q1,0150-0200,R-2,0.3623890082
WHG,1981-Q1,0150-0200,R-1,0.173290996
WHG,1981-Q1,0150-0200,R-5,0.0141875669
WHG,1981-Q1,0100-0150,R-3,0.1610384237
WHG,1981-Q1,0150-0200,R-6,0.1573962763
WHG,1981-Q1,0100-0150,R-2,0.2409476093
WHG,1981-Q1,0150-0200,R-7,0.0551551048
WHG,1981-Q1,0200-0250,R-3,0.2774892007
WHG,1981-Q1,0200-0250,R-4,0.0300061777
WHG,1981-Q1,0200-0250,R-1,0.0580358266
WHG,1981-Q1,0200-0250,R-2,0.4848127193
WHG,1981-Q1,0200-0250,R-5,0.0575416944
WHG,1981-Q1,0200-0250,R-6,0.0869314834
WHG,1981-Q1,0250-0300,R-3,0.1774147715
WHG,1981-Q1,0250-0300,R-4,0.0219592688
WHG,1981-Q1,0100-0150,R-5,0.0148107909
WHG,1981-Q1,0250-0300,R-1,0.2625337332
WHG,1981-Q1,0250-0300,R-2,0.296046875
WHG,1981-Q1,0250-0300,R-5,0.0399914211
WHG,1981-Q1,0250-0300,R-6,0.1966043657
WHG,1981-Q1,0250-0300,R-7,0.0054495647
WHG,1981-Q1,0100-0150,R-6,0.3315225836
WHG,1981-Q1,0300-0400,R-3,0.1589238565
WHG,1981-Q1,0300-0400,R-4,0.0166005665
WHG,1981-Q1,0300-0400,R-1,0.4828456178
WHG,1981-Q1,0300-0400,R-5,0.0379650926
WHG,1981-Q1,0300-0400,R-6,0.2667905267
WHG,1981-Q1,0400-0500,R-1,0.7160314499
WHG,1981-Q1,0100-0150,R-1,0.1707869325
WHG,1981-Q1,0200-0250,R-7,0.0051828977
WHG,1981-Q1,0300-0400,R-2,0.0270532541
WHG,1981-Q1,0300-0400,R-7,0.0098210857
WHG,1981-Q1,0400-0500,R-6,0.2341688038
WHG,1981-Q1,0400-0500,R-7,0.0048217606
WHG,1981-Q1,0400-0500,R-3,0.0386494249
COD,1981-Q2,0150-0200,R-4,0.1081026705
COD,1981-Q2,0150-0200,R-2,0.1089801272
COD,1981-Q2,0150-0200,R-6,0.2854241427
COD,1981-Q2,0150-0200,R-7,0.3596222704
COD,1981-Q2,0200-0250,R-4,0.0455154109
COD,1981-Q2,0200-0250,R-5,0
COD,1981-Q2,0200-0250,R-1,0.0481454505
COD,1981-Q2,0200-0250,R-2,0.13308679
COD,1981-Q2,0200-0250,R-6,0.4316076115
COD,1981-Q2,0200-0250,R-7,0.2746265166
COD,1981-Q2,0250-0300,R-4,0.035929835
COD,1981-Q2,0250-0300,R-1,0.0534493413
COD,1981-Q2,0250-0300,R-5,0.0039996106
COD,1981-Q2,0250-0300,R-2,0.0857416517
COD,1981-Q2,0250-0300,R-6,0.5804134875
COD,1981-Q2,0250-0300,R-7,0.1602305528
COD,1981-Q2,0300-0400,R-1,0.2530067562
COD,1981-Q2,0300-0400,R-4,0.0742925022
COD,1981-Q2,0300-0400,R-3,0.0395969388
COD,1981-Q2,0300-0400,R-2,0.1052444953
COD,1981-Q2,0300-0400,R-5,0.0115780523
COD,1981-Q2,0300-0400,R-6,0.4494847998
COD,1981-Q2,0300-0400,R-7,0.0667964555
COD,1981-Q2,0400-0500,R-1,0.4361579983
COD,1981-Q2,0400-0500,R-4,0.0355590038
COD,1981-Q2,0400-0500,R-3,0.1050283668
COD,1981-Q2,0400-0500,R-2,0.2306405479
COD,1981-Q2,0400-0500,R-5,0.0041562472
COD,1981-Q2,0400-0500,R-6,0.0702925308
COD,1981-Q2,0500-0700,R-3,0.0532516694
COD,1981-Q2,0500-0700,R-1,0.4149935722
COD,1981-Q2,0500-0700,R-4,0.0171277299
COD,1981-Q2,0500-0700,R-2,0.2258991872
COD,1981-Q2,0500-0700,R-5,0.0500485615
COD,1981-Q2,0500-0700,R-6,0.1446803816
COD,1981-Q2,0700-1000,R-3,0.0258979894
COD,1981-Q2,0700-1000,R-1,0.4553833068
COD,1981-Q2,0700-1000,R-4,0.03123661
COD,1981-Q2,0700-1000,R-2,0.092006015
COD,1981-Q2,0700-1000,R-6,0.1911680535
HAD,1981-Q2,0150-0200,R-3,0.2021762179
HAD,1981-Q2,0150-0200,R-1,0.5415938518
HAD,1981-Q2,0150-0200,R-2,0.1622198176
HAD,1981-Q2,0150-0200,R-6,0
HAD,1981-Q2,0200-0250,R-3,0.3162647616
HAD,1981-Q2,0200-0250,R-1,0.1857100344
HAD,1981-Q2,0200-0250,R-2,0.3541656645
HAD,1981-Q2,0200-0250,R-6,5.546422e-4
HAD,1981-Q2,0250-0300,R-3,0.2698400568
HAD,1981-Q2,0250-0300,R-1,0.1884723758
HAD,1981-Q2,0250-0300,R-2,0.4276801859
HAD,1981-Q2,0250-0300,R-6,6.628443e-4
HAD,1981-Q2,0300-0400,R-3,0.1477602579
HAD,1981-Q2,0300-0400,R-1,0.4000387332
HAD,1981-Q2,0300-0400,R-2,0.3522793013
HAD,1981-Q2,0300-0400,R-6,8.25728e-5
HAD,1981-Q2,0400-0500,R-3,0.0550787695
HAD,1981-Q2,0400-0500,R-1,0.6876061694
HAD,1981-Q2,0400-0500,R-2,0.1257792952
HAD,1981-Q2,0400-0500,R-6,0
HAD,1981-Q2,0500-0700,R-3,0
HAD,1981-Q2,0500-0700,R-1,0.7411249233
HAD,1981-Q2,0500-0700,R-2,0.1186662905
MAC,1981-Q2,0250-0300,R-2,0.0190547812
MAC,1981-Q2,0300-0400,R-2,0.0739449348
MAC,1981-Q2,0400-0500,R-2,0.1015672242
MAC,1981-Q2,0300-0400,R-4,0.1622093514
MAC,1981-Q2,0400-0500,R-4,0.0362445893
MAC,1981-Q2,0400-0500,R-7,0.003421692
MAC,1981-Q2,0250-0300,R-6,0.9031042271
MAC,1981-Q2,0300-0400,R-6,0.656398337
MAC,1981-Q2,0200-0250,R-6,0.805296622
MAC,1981-Q2,0400-0500,R-6,0.8259883021
MAC,1981-Q2,0250-0300,R-5,0.0405403165
MAC,1981-Q2,0300-0400,R-5,0.0406995972
MAC,1981-Q2,0400-0500,R-5,0.0194167443
MAC,1981-Q2,0200-0250,R-5,0.0163230287
MAC,1981-Q2,0150-0200,R-6,0
MAC,1981-Q2,0400-0500,R-1,0.0063184653
MAC,1981-Q2,0300-0400,R-1,0.0231872705
MAC,1981-Q2,0300-0400,R-7,0.0029220224
WHG,1981-Q2,0200-0250,R-3,0.1146688479
WHG,1981-Q2,0200-0250,R-2,0.1736728377
WHG,1981-Q2,0200-0250,R-1,0.0367815506
WHG,1981-Q2,0250-0300,R-3,0.1603087435
WHG,1981-Q2,0250-0300,R-1,0.1650315054
WHG,1981-Q2,0250-0300,R-2,0.1744898308
WHG,1981-Q2,0300-0400,R-3,0.1027498692
WHG,1981-Q2,0300-0400,R-1,0.3110437582
WHG,1981-Q2,0300-0400,R-2,0.1323860515
WHG,1981-Q2,0400-0500,R-3,0.0067284071
WHG,1981-Q2,0400-0500,R-2,0.0177063345
WHG,1981-Q2,0400-0500,R-1,0.7074485473
WHG,1981-Q2,0100-0150,R-3,0
WHG,1981-Q2,0150-0200,R-3,0.0706346003
WHG,1981-Q2,0150-0200,R-2,0.0728452225
WHG,1981-Q2,0150-0200,R-1,0.0025850009
WHG,1981-Q2,0200-0250,R-4,0.264878117
WHG,1981-Q2,0200-0250,R-5,0.0427013079
WHG,1981-Q2,0200-0250,R-6,0.3484547575
WHG,1981-Q2,0250-0300,R-4,0.2652496262
WHG,1981-Q2,0250-0300,R-5,0.0302199067
WHG,1981-Q2,0250-0300,R-6,0.1936912636
WHG,1981-Q2,0300-0400,R-4,0.2202978955
WHG,1981-Q2,0300-0400,R-5,0.0566127185
WHG,1981-Q2,0300-0400,R-6,0.169843851
WHG,1981-Q2,0400-0500,R-4,0
WHG,1981-Q2,0400-0500,R-5,0.1214148653
WHG,1981-Q2,0400-0500,R-6,0.1368952606
WHG,1981-Q2,0100-0150,R-4,0
WHG,1981-Q2,0100-0150,R-2,0.0056442439
WHG,1981-Q2,0100-0150,R-6,0.8775509191
WHG,1981-Q2,0150-0200,R-4,0.1778581969
WHG,1981-Q2,0150-0200,R-5,0.0337847484
WHG,1981-Q2,0150-0200,R-6,0.5577855358
WHG,1981-Q2,0100-0150,R-1,0
COD,1981-Q3,0100-0150,R-6,0.41596123
COD,1981-Q3,0100-0150,R-7,0.1011101589
COD,1981-Q3,0150-0200,R-5,0
COD,1981-Q3,0150-0200,R-2,0
COD,1981-Q3,0150-0200,R-6,0
COD,1981-Q3,0150-0200,R-7,0
COD,1981-Q3,0200-0250,R-3,0.1087857598
COD,1981-Q3,0200-0250,R-4,0.2006782645
COD,1981-Q3,0200-0250,R-1,0.1530596933
COD,1981-Q3,0200-0250,R-6,0.2971158752
COD,1981-Q3,0200-0250,R-2,0.0623576528
COD,1981-Q3,0200-0250,R-7,0.1780027544
COD,1981-Q3,0250-0300,R-4,0.0540124824
COD,1981-Q3,0250-0300,R-3,0.2708707618
COD,1981-Q3,0250-0300,R-1,0.1149344759
COD,1981-Q3,0250-0300,R-2,0.1032483506
COD,1981-Q3,0250-0300,R-6,0.2353725221
COD,1981-Q3,0250-0300,R-7,0.2215614072
COD,1981-Q3,0300-0400,R-3,0.3377229041
COD,1981-Q3,0300-0400,R-4,0.0582280869
COD,1981-Q3,0300-0400,R-1,0.1407116478
COD,1981-Q3,0300-0400,R-2,0.166001125
COD,1981-Q3,0300-0400,R-6,0.1591357391
COD,1981-Q3,0300-0400,R-7,0.1338224454
COD,1981-Q3,0400-0500,R-4,0.0331720833
COD,1981-Q3,0400-0500,R-3,0.0645276
COD,1981-Q3,0400-0500,R-1,0.3519477126
COD,1981-Q3,0400-0500,R-5,0.0270792516
COD,1981-Q3,0400-0500,R-2,0.2740645926
COD,1981-Q3,0400-0500,R-6,0.0643928675
COD,1981-Q3,0400-0500,R-7,0.1848158924
COD,1981-Q3,0500-0700,R-1,0.4536187907
COD,1981-Q3,0500-0700,R-3,0.0443845168
COD,1981-Q3,0500-0700,R-4,0.03593888
COD,1981-Q3,0500-0700,R-2,0.1988618029
COD,1981-Q3,0500-0700,R-5,0.0102682514
COD,1981-Q3,0500-0700,R-6,0.0209291125
COD,1981-Q3,0500-0700,R-7,0.2359986456
COD,1981-Q3,0700-1000,R-3,0.0374681698
COD,1981-Q3,0700-1000,R-1,0.6616880173
COD,1981-Q3,0700-1000,R-4,0.0338058675
COD,1981-Q3,0700-1000,R-2,0.0845146689
COD,1981-Q3,0700-1000,R-5,0.0482940965
COD,1981-Q3,0700-1000,R-6,0.0328115773
COD,1981-Q3,0700-1000,R-7,0.1014176026
COD,1981-Q3,0100-0150,R-4,0.0012198277
COD,1981-Q3,0100-0150,R-5,0
HAD,1981-Q3,0300-0400,R-3,0.2939416883
HAD,1981-Q3,0300-0400,R-1,0.2851549349
HAD,1981-Q3,0300-0400,R-2,0.2361489581
HAD,1981-Q3,0300-0400,R-6,0.0010243727
HAD,1981-Q3,0400-0500,R-3,0.0837836475
HAD,1981-Q3,0400-0500,R-1,0.2903926164
HAD,1981-Q3,0400-0500,R-2,0.0817158382
HAD,1981-Q3,0400-0500,R-6,0
HAD,1981-Q3,0500-0700,R-1,0.4546985517
HAD,1981-Q3,0500-0700,R-3,0.0063994611
HAD,1981-Q3,0150-0200,R-3,0.2034556479
HAD,1981-Q3,0150-0200,R-1,0.3807843708
HAD,1981-Q3,0150-0200,R-2,0.3790828208
HAD,1981-Q3,0150-0200,R-6,0
HAD,1981-Q3,0200-0250,R-3,0.3005696444
HAD,1981-Q3,0200-0250,R-1,0.4225986183
HAD,1981-Q3,0200-0250,R-2,0.1779994045
HAD,1981-Q3,0250-0300,R-3,0.3593504387
HAD,1981-Q3,0250-0300,R-1,0.2297903804
HAD,1981-Q3,0250-0300,R-2,0.3121229501
HAD,1981-Q3,0250-0300,R-6,3.36454e-5
MAC,1981-Q3,0250-0300,R-1,0.0063668757
MAC,1981-Q3,0300-0400,R-1,0.0887134494
MAC,1981-Q3,0400-0500,R-1,0.0235034926
MAC,1981-Q3,0300-0400,R-2,0.0231979745
MAC,1981-Q3,0400-0500,R-2,0.0011270681
MAC,1981-Q3,0250-0300,R-2,0.0055548311
MAC,1981-Q3,0250-0300,R-6,0.8447179476
MAC,1981-Q3,0300-0400,R-6,0.770003584
MAC,1981-Q3,0250-0300,R-5,0.1033620463
MAC,1981-Q3,0300-0400,R-5,0.0589779012
MAC,1981-Q3,0400-0500,R-6,0.942958182
MAC,1981-Q3,0200-0250,R-6,0.9546727103
MAC,1981-Q3,0300-0400,R-4,0.007189687
MAC,1981-Q3,0300-0400,R-7,0.0202209947
MAC,1981-Q3,0400-0500,R-7,0.0270496336
MAC,1981-Q3,0250-0300,R-7,0.0360712447
MAC,1981-Q3,0400-0500,R-4,0
MAC,1981-Q3,0250-0300,R-4,0.0010547148
WHG,1981-Q3,0150-0200,R-4,0.0462998463
WHG,1981-Q3,0150-0200,R-2,0.0027114229
WHG,1981-Q3,0150-0200,R-6,0.7746790259
WHG,1981-Q3,0150-0200,R-7,0.1062271635
WHG,1981-Q3,0200-0250,R-3,0.1474023776
WHG,1981-Q3,0200-0250,R-4,0.1775635128
WHG,1981-Q3,0200-0250,R-2,0.0428652887
WHG,1981-Q3,0200-0250,R-1,0.004525346
WHG,1981-Q3,0200-0250,R-6,0.4941806007
WHG,1981-Q3,0200-0250,R-7,0.0647521721
WHG,1981-Q3,0250-0300,R-3,0.2439889164
WHG,1981-Q3,0250-0300,R-1,0.1706070064
WHG,1981-Q3,0250-0300,R-4,0.0873278084
WHG,1981-Q3,0250-0300,R-2,0.0897176802
WHG,1981-Q3,0250-0300,R-6,0.3214215317
WHG,1981-Q3,0250-0300,R-7,0.0337200322
WHG,1981-Q3,0300-0400,R-1,0.4516794166
WHG,1981-Q3,0300-0400,R-4,0.0585419602
WHG,1981-Q3,0300-0400,R-2,0.1176902871
WHG,1981-Q3,0300-0400,R-6,0.1769075194
WHG,1981-Q3,0300-0400,R-7,0.0521751086
WHG,1981-Q3,0400-0500,R-1,0.5606814266
WHG,1981-Q3,0400-0500,R-3,0.0115547839
WHG,1981-Q3,0400-0500,R-6,0.1613376947
WHG,1981-Q3,0100-0150,R-2,0.1054049695
WHG,1981-Q3,0400-0500,R-2,0.028380171
WHG,1981-Q3,0100-0150,R-5,3.49776e-5
WHG,1981-Q3,0100-0150,R-6,0.1254273769
WHG,1981-Q3,0150-0200,R-5,0.04295599
WHG,1981-Q3,0200-0250,R-5,0.0687107021
WHG,1981-Q3,0250-0300,R-5,0.0532170246
WHG,1981-Q3,0300-0400,R-5,0.0373269964
WHG,1981-Q3,0400-0500,R-5,0.2258829935
WHG,1981-Q3,0100-0150,R-1,0.1204628222
WHG,1981-Q3,0150-0200,R-1,0.0031006925
WHG,1981-Q3,0100-0150,R-3,0.1453213376
WHG,1981-Q3,0300-0400,R-3,0.1056787117
COD,1981-Q4,0100-0150,R-4,0.0078142565
COD,1981-Q4,0100-0150,R-2,0.2550289151
COD,1981-Q4,0100-0150,R-1,0.2153994717
COD,1981-Q4,0100-0150,R-6,0.2600016237
COD,1981-Q4,0100-0150,R-7,0.2577065274
COD,1981-Q4,0150-0200,R-4,0.0013271959
COD,1981-Q4,0150-0200,R-6,0.9033981054
COD,1981-Q4,0150-0200,R-2,0.012668688000000001
COD,1981-Q4,0150-0200,R-1,0.0018744487
COD,1981-Q4,0150-0200,R-7,0.0780168432
COD,1981-Q4,0200-0250,R-4,0.0035191288
COD,1981-Q4,0200-0250,R-2,0.0038390496
COD,1981-Q4,0200-0250,R-5,0.004798812
COD,1981-Q4,0200-0250,R-6,0.6624919932
COD,1981-Q4,0200-0250,R-7,0.2640084881
COD,1981-Q4,0250-0300,R-4,0.0236936536
COD,1981-Q4,0250-0300,R-2,0.0818508034
COD,1981-Q4,0250-0300,R-6,0.0947746144
COD,1981-Q4,0250-0300,R-7,0.3817494958
COD,1981-Q4,0300-0400,R-4,0.0271093194
COD,1981-Q4,0300-0400,R-3,0.0561902256
COD,1981-Q4,0300-0400,R-2,0.2066645517
COD,1981-Q4,0300-0400,R-1,0.4617134545
COD,1981-Q4,0300-0400,R-6,0.1244212139
COD,1981-Q4,0300-0400,R-5,0.0264051812
COD,1981-Q4,0300-0400,R-7,0.0974960537
COD,1981-Q4,0400-0500,R-4,0.132274766
COD,1981-Q4,0400-0500,R-3,0.0500468162
COD,1981-Q4,0400-0500,R-2,0.1442997448
COD,1981-Q4,0400-0500,R-1,0.4110579464
COD,1981-Q4,0400-0500,R-6,0.2197708018
COD,1981-Q4,0400-0500,R-5,0.017178541
COD,1981-Q4,0400-0500,R-7,0.0253713837
COD,1981-Q4,0500-0700,R-3,0.0283660018
COD,1981-Q4,0500-0700,R-4,0.0821121105
COD,1981-Q4,0500-0700,R-1,0.5938465135
COD,1981-Q4,0500-0700,R-2,0.1791536957
COD,1981-Q4,0500-0700,R-6,0.064196741
COD,1981-Q4,0500-0700,R-5,0.0419891474
COD,1981-Q4,0500-0700,R-7,0.0103357901
COD,1981-Q4,0700-1000,R-3,0.0340434748
COD,1981-Q4,0700-1000,R-4,0
COD,1981-Q4,0700-1000,R-2,0.1007866031
COD,1981-Q4,0700-1000,R-1,0.6335157911
COD,1981-Q4,0700-1000,R-6,0.1068337993
COD,1981-Q4,0700-1000,R-7,0.07442703
COD,1981-Q4,0100-0150,R-3,0.0040492056
COD,1981-Q4,0200-0250,R-3,0.0510593597
COD,1981-Q4,0250-0300,R-3,0.0163701607
COD,1981-Q4,0250-0300,R-1,0.4015612721
HAD,1981-Q4,0150-0200,R-3,0.1585037479
HAD,1981-Q4,0150-0200,R-1,0.2878363432
HAD,1981-Q4,0150-0200,R-2,0.3850488984
HAD,1981-Q4,0150-0200,R-6,0
HAD,1981-Q4,0150-0200,R-7,0.1678941313
HAD,1981-Q4,0200-0250,R-3,0.572499747
HAD,1981-Q4,0200-0250,R-1,0.2598187728
HAD,1981-Q4,0200-0250,R-2,0.1021518586
HAD,1981-Q4,0200-0250,R-6,0
HAD,1981-Q4,0200-0250,R-7,0.0529061087
HAD,1981-Q4,0250-0300,R-3,0.3659257858
HAD,1981-Q4,0250-0300,R-1,0.260120824
HAD,1981-Q4,0250-0300,R-2,0.3043216608
HAD,1981-Q4,0250-0300,R-7,0.0189970907
HAD,1981-Q4,0300-0400,R-3,0.1963490445
HAD,1981-Q4,0300-0400,R-1,0.455508402
HAD,1981-Q4,0300-0400,R-2,0.2567792961
HAD,1981-Q4,0300-0400,R-7,0.0281056398
HAD,1981-Q4,0400-0500,R-3,0.1932895589
HAD,1981-Q4,0400-0500,R-1,0.533316648
HAD,1981-Q4,0400-0500,R-2,0.2491019375
HAD,1981-Q4,0400-0500,R-6,0
HAD,1981-Q4,0400-0500,R-7,0
HAD,1981-Q4,0500-0700,R-1,0.8122814728
HAD,1981-Q4,0500-0700,R-2,0.131329498
HAD,1981-Q4,0500-0700,R-7,0.0110206572
MAC,1981-Q4,0300-0400,R-7,0
MAC,1981-Q4,0250-0300,R-2,0
MAC,1981-Q4,0300-0400,R-2,0
MAC,1981-Q4,0400-0500,R-2,0
MAC,1981-Q4,0300-0400,R-6,0.0229342178
MAC,1981-Q4,0250-0300,R-5,5.270857e-4
MAC,1981-Q4,0400-0500,R-6,0.1117783903
MAC,1981-Q4,0250-0300,R-6,0.0402060955
MAC,1981-Q4,0300-0400,R-1,0.0974247087
MAC,1981-Q4,0400-0500,R-1,0.4409310441
MAC,1981-Q4,0400-0500,R-7,0
WHG,1981-Q4,0100-0150,R-2,0.3217189241
WHG,1981-Q4,0100-0150,R-7,0.0606457298
WHG,1981-Q4,0150-0200,R-2,0.2511029165
WHG,1981-Q4,0150-0200,R-7,0.096157734
WHG,1981-Q4,0200-0250,R-2,0.0606843978
WHG,1981-Q4,0200-0250,R-7,0.0211139102
WHG,1981-Q4,0250-0300,R-2,0.1090025477
WHG,1981-Q4,0250-0300,R-7,0.0123633891
WHG,1981-Q4,0300-0400,R-2,0.1041537234
WHG,1981-Q4,0300-0400,R-7,0.0086165358
WHG,1981-Q4,0400-0500,R-2,0.5036734076
WHG,1981-Q4,0400-0500,R-7,0
WHG,1981-Q4,0150-0200,R-6,0.3173540965
WHG,1981-Q4,0200-0250,R-6,0.3046717487
WHG,1981-Q4,0250-0300,R-6,0.1587539029
WHG,1981-Q4,0300-0400,R-6,0.0702257175
WHG,1981-Q4,0400-0500,R-6,0.0286298568
WHG,1981-Q4,0100-0150,R-6,0.0876315144
WHG,1981-Q4,0100-0150,R-4,0.0425253261
WHG,1981-Q4,0150-0200,R-4,0.035736553
WHG,1981-Q4,0150-0200,R-5,0.0293995839
WHG,1981-Q4,0200-0250,R-4,0.3568851559
WHG,1981-Q4,0200-0250,R-5,0.049159917
WHG,1981-Q4,0250-0300,R-4,0.2542375273
WHG,1981-Q4,0300-0400,R-4,0.0345667961
WHG,1981-Q4,0150-0200,R-1,0.1192571356
WHG,1981-Q4,0250-0300,R-1,0.1537773945
WHG,1981-Q4,0300-0400,R-1,0.5744917617
WHG,1981-Q4,0400-0500,R-1,0.4279330455
WHG,1981-Q4,0100-0150,R-3,0.2366361449
WHG,1981-Q4,0100-0150,R-1,0.1951824809
WHG,1981-Q4,0150-0200,R-3,0.1509919805
WHG,1981-Q4,0200-0250,R-3,0.187619873
WHG,1981-Q4,0200-0250,R-1,0.0198649974
WHG,1981-Q4,0250-0300,R-3,0.2599477754
WHG,1981-Q4,0300-0400,R-3,0.140254303
WHG,1981-Q4,0400-0500,R-4,0
COD,1985-Q1,0250-0300,R-4,0.0684877524
COD,1985-Q1,0250-0300,R-2,0.1343071508
COD,1985-Q1,0250-0300,R-1,0.2831058502
COD,1985-Q1,0250-0300,R-6,0.3173457704
COD,1985-Q1,0300-0350,R-4,0.0868511939
COD,1985-Q1,0300-0350,R-3,0.0442903491
COD,1985-Q1,0300-0350,R-2,0.185733722
COD,1985-Q1,0300-0350,R-1,0.474971765
COD,1985-Q1,0300-0350,R-6,0.0408711501
COD,1985-Q1,0350-0400,R-4,0.1370117508
COD,1985-Q1,0350-0400,R-3,0.073883055
COD,1985-Q1,0350-0400,R-1,0.4207937553
COD,1985-Q1,0350-0400,R-2,0.1913911375
COD,1985-Q1,0150-0200,R-6,0.8040807059
COD,1985-Q1,0350-0400,R-6,0.0715920798
COD,1985-Q1,0400-0500,R-1,0.4311298585
COD,1985-Q1,0400-0500,R-4,0.1678011359
COD,1985-Q1,0400-0500,R-2,0.1550141509
COD,1985-Q1,0400-0500,R-6,0.1401342704
COD,1985-Q1,0500-0600,R-4,0.0630904692
COD,1985-Q1,0500-0600,R-1,0.5955824223
COD,1985-Q1,0500-0600,R-6,0.1239542159
COD,1985-Q1,0600-0700,R-1,0.532110632
COD,1985-Q1,0600-0700,R-4,0.0307905947
COD,1985-Q1,0600-0700,R-6,0.1304072246
COD,1985-Q1,0200-0250,R-4,0.028652425
COD,1985-Q1,0700-0800,R-6,0.2227121282
COD,1985-Q1,0800-1000,R-3,0.0174920833
COD,1985-Q1,0200-0250,R-2,0.0069460424
COD,1985-Q1,0800-1000,R-2,0.1399366666
COD,1985-Q1,0800-1000,R-6,0.2918957557
COD,1985-Q1,0200-0250,R-6,0.8137288686
COD,1985-Q1,0250-0300,R-7,0.1376049627
COD,1985-Q1,0150-0200,R-1,0.0105332911
COD,1985-Q1,0300-0350,R-7,0.1582583193
COD,1985-Q1,0350-0400,R-7,0.0980371307
COD,1985-Q1,0400-0500,R-7,0.0530116299
COD,1985-Q1,0500-0600,R-7,0.0715319445
COD,1985-Q1,0600-0700,R-7,0.0884702066
COD,1985-Q1,0700-0800,R-4,0.0222974451
COD,1985-Q1,0700-0800,R-1,0.3737664857
COD,1985-Q1,0700-0800,R-7,0.0931814909
COD,1985-Q1,0800-1000,R-4,0.0270053216
COD,1985-Q1,0800-1000,R-1,0.3853198328
COD,1985-Q1,0200-0250,R-1,0.0125246584
COD,1985-Q1,0200-0250,R-7,0.0959011834
COD,1985-Q1,0250-0300,R-5,0
COD,1985-Q1,0150-0200,R-4,0.0263917461
COD,1985-Q1,0150-0200,R-5,0.003387176
COD,1985-Q1,0300-0350,R-5,0.0090235007
COD,1985-Q1,0350-0400,R-5,0.007291091
COD,1985-Q1,0150-0200,R-7,0.1218341139
COD,1985-Q1,0400-0500,R-5,0.0053839937
COD,1985-Q1,0500-0600,R-5,0.0305893184
COD,1985-Q1,0600-0700,R-5,0.0671794793
COD,1985-Q1,0200-0250,R-5,0.0059537506
COD,1985-Q1,0700-0800,R-5,0.1945958846
COD,1985-Q1,0700-0800,R-2,0.0587841735
COD,1985-Q1,0800-1000,R-5,0.0368254386
COD,1985-Q1,0800-1000,R-7,0.1015249014
COD,1985-Q1,0150-0200,R-3,0.0179661458
COD,1985-Q1,0400-0500,R-3,0.0475249607
COD,1985-Q1,0200-0250,R-3,0.0362930716
COD,1985-Q1,0500-0600,R-2,0.0650023016
COD,1985-Q1,0600-0700,R-2,0.1063675089
COD,1985-Q1,0700-0800,R-3,0.0346623919
COD,1985-Q1,0250-0300,R-3,0.0591485135
COD,1985-Q1,0150-0200,R-2,0.0158068212
COD,1985-Q1,0500-0600,R-3,0.0502493282
WHG,1985-Q1,0100-0150,R-4,0.0685915739
WHG,1985-Q1,0150-0200,R-5,0.0056396709
WHG,1985-Q1,0150-0200,R-6,0.4367098547
WHG,1985-Q1,0150-0200,R-4,0.2263003902
WHG,1985-Q1,0100-0150,R-5,0.0133664563
WHG,1985-Q1,0100-0150,R-6,0.5189330112
WHG,1985-Q1,0150-0200,R-2,0.1020998217
WHG,1985-Q1,0150-0200,R-3,0.180373295
WHG,1985-Q1,0150-0200,R-1,0.0105957707
WHG,1985-Q1,0200-0250,R-5,0.0188317438
WHG,1985-Q1,0200-0250,R-6,0.127656998
WHG,1985-Q1,0200-0250,R-4,0.1186684335
WHG,1985-Q1,0200-0250,R-2,0.3477116357
WHG,1985-Q1,0200-0250,R-7,0.0058474802
WHG,1985-Q1,0200-0250,R-1,0.221110869
WHG,1985-Q1,0250-0300,R-5,0.0194557065
WHG,1985-Q1,0250-0300,R-6,0.1416289101
WHG,1985-Q1,0250-0300,R-4,0.0726386606
WHG,1985-Q1,0250-0300,R-2,0.1662489314
WHG,1985-Q1,0250-0300,R-7,0.0048715396
WHG,1985-Q1,0250-0300,R-3,0.1364181758
WHG,1985-Q1,0250-0300,R-1,0.4587380761
WHG,1985-Q1,0300-0350,R-5,0.0176695954
WHG,1985-Q1,0300-0350,R-6,0.280750511
WHG,1985-Q1,0300-0350,R-4,0.0301350021
WHG,1985-Q1,0300-0350,R-7,0.0097325695
WHG,1985-Q1,0300-0350,R-3,0.0679369402
WHG,1985-Q1,0300-0350,R-1,0.5096678549
WHG,1985-Q1,0350-0400,R-5,0.0230928654
WHG,1985-Q1,0350-0400,R-1,0.6709040632
WHG,1985-Q1,0100-0150,R-1,0.0137107485
WHG,1985-Q1,0150-0200,R-7,0.038281197
WHG,1985-Q1,0350-0400,R-7,0.0100471728
WHG,1985-Q1,0400-0500,R-7,0.0126587359
WHG,1985-Q1,0400-0500,R-1,0.7585979061
WHG,1985-Q1,0100-0150,R-7,0.0887586513
WHG,1985-Q1,0100-0150,R-2,0.0244010698
WHG,1985-Q1,0300-0350,R-2,0.084107527
WHG,1985-Q1,0350-0400,R-4,0.0050804304
WHG,1985-Q1,0350-0400,R-2,0.0157031485
WHG,1985-Q1,0400-0500,R-5,0.0658254268
WHG,1985-Q1,0350-0400,R-6,0.2472376503
WHG,1985-Q1,0350-0400,R-3,0.0279346695
WHG,1985-Q1,0400-0500,R-3,0
WHG,1985-Q1,0200-0250,R-3,0.1601728397
WHG,1985-Q1,0100-0150,R-3,0.272238489
COD,1985-Q3,0250-0300,R-4,0.0540124824
COD,1985-Q3,0250-0300,R-2,0.1032483506
COD,1985-Q3,0250-0300,R-6,0.2353725221
COD,1985-Q3,0300-0350,R-4,0.0582280869
COD,1985-Q3,0300-0350,R-1,0.1407116478
COD,1985-Q3,0300-0350,R-2,0.166001125
COD,1985-Q3,0300-0350,R-6,0.1591357391
COD,1985-Q3,0350-0400,R-1,0.1839281237
COD,1985-Q3,0350-0400,R-4,0.1347203381
COD,1985-Q3,0350-0400,R-2,0.1051475809
COD,1985-Q3,0350-0400,R-6,0.3380572041
COD,1985-Q3,0400-0500,R-1,0.3519477126
COD,1985-Q3,0400-0500,R-4,0.0331720833
COD,1985-Q3,0400-0500,R-2,0.2740645926
COD,1985-Q3,0400-0500,R-6,0.0643928675
COD,1985-Q3,0500-0600,R-4,0.03593888
COD,1985-Q3,0500-0600,R-6,0.0209291125
COD,1985-Q3,0600-0700,R-1,0.627884354
COD,1985-Q3,0800-1000,R-1,0.4524256385
COD,1985-Q3,0100-0150,R-1,0.0401650569
COD,1985-Q3,0100-0150,R-5,0
COD,1985-Q3,0150-0200,R-4,1
COD,1985-Q3,0150-0200,R-5,0
COD,1985-Q3,0200-0250,R-3,0.1087857598
COD,1985-Q3,0200-0250,R-4,0.2006782645
COD,1985-Q3,0200-0250,R-1,0.1530596933
COD,1985-Q3,0200-0250,R-6,0.2971158752
COD,1985-Q3,0250-0300,R-3,0.2708707618
COD,1985-Q3,0250-0300,R-1,0.1149344759
COD,1985-Q3,0300-0350,R-3,0.3377229041
COD,1985-Q3,0350-0400,R-3,0.1040522936
COD,1985-Q3,0400-0500,R-3,0.0645276
COD,1985-Q3,0500-0600,R-1,0.4536187907
COD,1985-Q3,0500-0600,R-3,0.0443845168
COD,1985-Q3,0600-0700,R-4,0
COD,1985-Q3,0600-0700,R-6,0
COD,1985-Q3,0700-0800,R-1,0.6616880173
COD,1985-Q3,0700-0800,R-6,0.0328115773
COD,1985-Q3,0100-0150,R-6,0.41596123
COD,1985-Q3,0150-0200,R-6,0
COD,1985-Q3,0200-0250,R-7,0.1780027544
COD,1985-Q3,0250-0300,R-7,0.2215614072
COD,1985-Q3,0300-0350,R-5,0.0043780516
COD,1985-Q3,0300-0350,R-7,0.1338224454
COD,1985-Q3,0350-0400,R-7,0.0777653984
COD,1985-Q3,0400-0500,R-7,0.1848158924
COD,1985-Q3,0500-0600,R-2,0.1988618029
COD,1985-Q3,0500-0600,R-7,0.2359986456
COD,1985-Q3,0600-0700,R-5,0.0805735791
COD,1985-Q3,0600-0700,R-7,0.1692045161
COD,1985-Q3,0800-1000,R-4,0.0936840969
COD,1985-Q3,0800-1000,R-6,0.0363714729
COD,1985-Q3,0800-1000,R-7,0.1686313744
COD,1985-Q3,0600-0700,R-2,0.0993740809
COD,1985-Q3,0700-0800,R-4,0.0338058675
COD,1985-Q3,0700-0800,R-2,0.0845146689
COD,1985-Q3,0800-1000,R-2,0.231087439
WHG,1985-Q3,0100-0150,R-6,0.1254273769
WHG,1985-Q3,0150-0200,R-6,0.7746790259
WHG,1985-Q3,0150-0200,R-4,0.0462998463
WHG,1985-Q3,0150-0200,R-3,0.0240258589
WHG,1985-Q3,0150-0200,R-7,0.1062271635
WHG,1985-Q3,0200-0250,R-6,0.4941806007
WHG,1985-Q3,0200-0250,R-4,0.1775635128
WHG,1985-Q3,0200-0250,R-2,0.0428652887
WHG,1985-Q3,0200-0250,R-3,0.1474023776
WHG,1985-Q3,0200-0250,R-7,0.0647521721
WHG,1985-Q3,0250-0300,R-6,0.3214215317
WHG,1985-Q3,0250-0300,R-4,0.0873278084
WHG,1985-Q3,0250-0300,R-2,0.0897176802
WHG,1985-Q3,0250-0300,R-3,0.2439889164
WHG,1985-Q3,0250-0300,R-7,0.0337200322
WHG,1985-Q3,0300-0350,R-6,0.1769075194
WHG,1985-Q3,0300-0350,R-4,0.0585419602
WHG,1985-Q3,0300-0350,R-2,0.1176902871
WHG,1985-Q3,0300-0350,R-7,0.0521751086
WHG,1985-Q3,0300-0350,R-3,0.1056787117
WHG,1985-Q3,0350-0400,R-6,0.1095205009
WHG,1985-Q3,0350-0400,R-2,0.0740128768
WHG,1985-Q3,0100-0150,R-7,0.5025650182
WHG,1985-Q3,0350-0400,R-7,0.0461063823
WHG,1985-Q3,0100-0150,R-4,7.83498e-4
WHG,1985-Q3,0100-0150,R-3,0.1453213376
WHG,1985-Q3,0150-0200,R-2,0.0027114229
WHG,1985-Q3,0250-0300,R-1,0.1706070064
WHG,1985-Q3,0300-0350,R-1,0.4516794166
WHG,1985-Q3,0350-0400,R-1,0.5566502249
WHG,1985-Q3,0150-0200,R-5,0.04295599
WHG,1985-Q3,0200-0250,R-5,0.0687107021
WHG,1985-Q3,0250-0300,R-5,0.0532170246
WHG,1985-Q3,0300-0350,R-5,0.0373269964
WHG,1985-Q3,0350-0400,R-5,0.1265325528
WHG,1985-Q3,0400-0500,R-6,0.1613376947
WHG,1985-Q3,0400-0500,R-7,0
WHG,1985-Q3,0100-0150,R-2,0.1054049695
WHG,1985-Q3,0100-0150,R-1,0.1204628222
WHG,1985-Q3,0200-0250,R-1,0.004525346
WHG,1985-Q3,0350-0400,R-4,0.0376131013
WHG,1985-Q3,0350-0400,R-3,0.0495643609
WHG,1985-Q3,0400-0500,R-2,0.028380171
WHG,1985-Q3,0400-0500,R-1,0.5606814266
COD,1986-Q1,0150-0200,R-4,0.0263917461
COD,1986-Q1,0150-0200,R-5,0.003387176
COD,1986-Q1,0150-0200,R-2,0.0158068212
COD,1986-Q1,0150-0200,R-6,0.8040807059
COD,1986-Q1,0150-0200,R-7,0.1218341139
COD,1986-Q1,0200-0250,R-5,0.0059537506
COD,1986-Q1,0200-0250,R-6,0.8137288686
COD,1986-Q1,0200-0250,R-7,0.0959011834
COD,1986-Q1,0250-0300,R-6,0.3173457704
COD,1986-Q1,0250-0300,R-5,0
COD,1986-Q1,0350-0400,R-1,0.4207937553
COD,1986-Q1,0350-0400,R-6,0.0715920798
COD,1986-Q1,0400-0500,R-1,0.4311298585
COD,1986-Q1,0500-0600,R-1,0.5955824223
COD,1986-Q1,0500-0600,R-5,0.0305893184
COD,1986-Q1,0600-0700,R-1,0.532110632
COD,1986-Q1,0600-0700,R-6,0.1304072246
COD,1986-Q1,0700-0800,R-4,0.0222974451
COD,1986-Q1,0700-0800,R-1,0.3737664857
COD,1986-Q1,0700-0800,R-5,0.1945958846
COD,1986-Q1,0700-0800,R-6,0.2227121282
COD,1986-Q1,0800-1000,R-1,0.3853198328
COD,1986-Q1,0300-0350,R-6,0.0408711501
COD,1986-Q1,0400-0500,R-6,0.1401342704
COD,1986-Q1,0500-0600,R-6,0.1239542159
COD,1986-Q1,0800-1000,R-6,0.2918957557
COD,1986-Q1,0200-0250,R-4,0.028652425
COD,1986-Q1,0250-0300,R-4,0.0684877524
COD,1986-Q1,0200-0250,R-2,0.0069460424
COD,1986-Q1,0250-0300,R-7,0.1376049627
COD,1986-Q1,0300-0350,R-4,0.0868511939
COD,1986-Q1,0300-0350,R-5,0.0090235007
COD,1986-Q1,0300-0350,R-2,0.185733722
COD,1986-Q1,0350-0400,R-4,0.1370117508
COD,1986-Q1,0350-0400,R-2,0.1913911375
COD,1986-Q1,0350-0400,R-5,0.007291091
COD,1986-Q1,0350-0400,R-7,0.0980371307
COD,1986-Q1,0400-0500,R-4,0.1678011359
COD,1986-Q1,0400-0500,R-2,0.1550141509
COD,1986-Q1,0400-0500,R-5,0.0053839937
COD,1986-Q1,0500-0600,R-4,0.0630904692
COD,1986-Q1,0500-0600,R-2,0.0650023016
COD,1986-Q1,0700-0800,R-2,0.0587841735
COD,1986-Q1,0700-0800,R-7,0.0931814909
COD,1986-Q1,0250-0300,R-1,0.2831058502
COD,1986-Q1,0300-0350,R-3,0.0442903491
COD,1986-Q1,0300-0350,R-1,0.474971765
COD,1986-Q1,0350-0400,R-3,0.073883055
COD,1986-Q1,0400-0500,R-3,0.0475249607
COD,1986-Q1,0200-0250,R-3,0.0362930716
COD,1986-Q1,0250-0300,R-3,0.0591485135
COD,1986-Q1,0500-0600,R-3,0.0502493282
COD,1986-Q1,0600-0700,R-3,0.0446743538
COD,1986-Q1,0600-0700,R-5,0.0671794793
COD,1986-Q1,0600-0700,R-2,0.1063675089
COD,1986-Q1,0700-0800,R-3,0.0346623919
COD,1986-Q1,0800-1000,R-3,0.0174920833
COD,1986-Q1,0800-1000,R-4,0.0270053216
COD,1986-Q1,0800-1000,R-5,0.0368254386
COD,1986-Q1,0800-1000,R-2,0.1399366666
COD,1986-Q1,0300-0350,R-7,0.1582583193
COD,1986-Q1,0400-0500,R-7,0.0530116299
COD,1986-Q1,0500-0600,R-7,0.0715319445
COD,1986-Q1,0600-0700,R-7,0.0884702066
COD,1986-Q1,0150-0200,R-3,0.0179661458
COD,1986-Q1,0250-0300,R-2,0.1343071508
WHG,1986-Q1,0100-0150,R-1,0.0137107485
WHG,1986-Q1,0100-0150,R-2,0.0244010698
WHG,1986-Q1,0100-0150,R-3,0.272238489
WHG,1986-Q1,0150-0200,R-6,0.4367098547
WHG,1986-Q1,0150-0200,R-5,0.0056396709
WHG,1986-Q1,0150-0200,R-4,0.2263003902
WHG,1986-Q1,0150-0200,R-2,0.1020998217
WHG,1986-Q1,0150-0200,R-3,0.180373295
WHG,1986-Q1,0150-0200,R-1,0.0105957707
WHG,1986-Q1,0200-0250,R-6,0.127656998
WHG,1986-Q1,0200-0250,R-5,0.0188317438
WHG,1986-Q1,0200-0250,R-4,0.1186684335
WHG,1986-Q1,0200-0250,R-2,0.3477116357
WHG,1986-Q1,0200-0250,R-3,0.1601728397
WHG,1986-Q1,0200-0250,R-1,0.221110869
WHG,1986-Q1,0250-0300,R-6,0.1416289101
WHG,1986-Q1,0250-0300,R-5,0.0194557065
WHG,1986-Q1,0250-0300,R-3,0.1364181758
WHG,1986-Q1,0250-0300,R-1,0.4587380761
WHG,1986-Q1,0300-0350,R-6,0.280750511
WHG,1986-Q1,0300-0350,R-5,0.0176695954
WHG,1986-Q1,0300-0350,R-4,0.0301350021
WHG,1986-Q1,0300-0350,R-1,0.5096678549
WHG,1986-Q1,0350-0400,R-6,0.2472376503
WHG,1986-Q1,0350-0400,R-3,0.0279346695
WHG,1986-Q1,0350-0400,R-1,0.6709040632
WHG,1986-Q1,0100-0150,R-5,0.0133664563
WHG,1986-Q1,0100-0150,R-6,0.5189330112
WHG,1986-Q1,0250-0300,R-4,0.0726386606
WHG,1986-Q1,0100-0150,R-4,0.0685915739
WHG,1986-Q1,0150-0200,R-7,0.038281197
WHG,1986-Q1,0200-0250,R-7,0.0058474802
WHG,1986-Q1,0250-0300,R-2,0.1662489314
WHG,1986-Q1,0300-0350,R-2,0.084107527
WHG,1986-Q1,0100-0150,R-7,0.0887586513
WHG,1986-Q1,0300-0350,R-3,0.0679369402
WHG,1986-Q1,0350-0400,R-5,0.0230928654
WHG,1986-Q1,0400-0500,R-6,0.1629179313
WHG,1986-Q1,0400-0500,R-5,0.0658254268
WHG,1986-Q1,0400-0500,R-3,0
WHG,1986-Q1,0400-0500,R-1,0.7585979061
COD,1986-Q3,0150-0200,R-1,0
COD,1986-Q3,0150-0200,R-2,0
COD,1986-Q3,0150-0200,R-7,0
COD,1986-Q3,0200-0250,R-4,0.2006782645
COD,1986-Q3,0200-0250,R-3,0.1087857598
COD,1986-Q3,0200-0250,R-1,0.1530596933
COD,1986-Q3,0200-0250,R-2,0.0623576528
COD,1986-Q3,0200-0250,R-6,0.2971158752
COD,1986-Q3,0200-0250,R-7,0.1780027544
COD,1986-Q3,0250-0300,R-4,0.0540124824
COD,1986-Q3,0250-0300,R-3,0.2708707618
COD,1986-Q3,0250-0300,R-2,0.1032483506
COD,1986-Q3,0250-0300,R-1,0.1149344759
COD,1986-Q3,0250-0300,R-6,0.2353725221
COD,1986-Q3,0250-0300,R-7,0.2215614072
COD,1986-Q3,0300-0350,R-4,0.0582280869
COD,1986-Q3,0300-0350,R-2,0.166001125
COD,1986-Q3,0300-0350,R-6,0.1591357391
COD,1986-Q3,0300-0350,R-7,0.1338224454
COD,1986-Q3,0350-0400,R-4,0.1347203381
COD,1986-Q3,0350-0400,R-3,0.1040522936
COD,1986-Q3,0350-0400,R-2,0.1051475809
COD,1986-Q3,0350-0400,R-6,0.3380572041
COD,1986-Q3,0400-0500,R-4,0.0331720833
COD,1986-Q3,0400-0500,R-2,0.2740645926
COD,1986-Q3,0400-0500,R-1,0.3519477126
COD,1986-Q3,0400-0500,R-7,0.1848158924
COD,1986-Q3,0500-0600,R-1,0.4536187907
COD,1986-Q3,0500-0600,R-2,0.1988618029
COD,1986-Q3,0600-0700,R-4,0
COD,1986-Q3,0600-0700,R-3,0.02296347
COD,1986-Q3,0600-0700,R-1,0.627884354
COD,1986-Q3,0600-0700,R-2,0.0993740809
COD,1986-Q3,0700-0800,R-1,0.6616880173
COD,1986-Q3,0700-0800,R-2,0.0845146689
COD,1986-Q3,0800-1000,R-2,0.231087439
COD,1986-Q3,0100-0150,R-4,0.0012198277
COD,1986-Q3,0100-0150,R-1,0.0401650569
COD,1986-Q3,0150-0200,R-4,1
COD,1986-Q3,0150-0200,R-6,0
COD,1986-Q3,0300-0350,R-3,0.3377229041
COD,1986-Q3,0300-0350,R-1,0.1407116478
COD,1986-Q3,0350-0400,R-1,0.1839281237
COD,1986-Q3,0350-0400,R-7,0.0777653984
COD,1986-Q3,0400-0500,R-6,0.0643928675
COD,1986-Q3,0500-0600,R-4,0.03593888
COD,1986-Q3,0500-0600,R-3,0.0443845168
COD,1986-Q3,0500-0600,R-7,0.2359986456
COD,1986-Q3,0600-0700,R-6,0
COD,1986-Q3,0600-0700,R-7,0.1692045161
COD,1986-Q3,0700-0800,R-7,0.1014176026
COD,1986-Q3,0800-1000,R-1,0.4524256385
COD,1986-Q3,0800-1000,R-7,0.1686313744
COD,1986-Q3,0100-0150,R-6,0.41596123
COD,1986-Q3,0250-0300,R-5,0
COD,1986-Q3,0300-0350,R-5,0.0043780516
COD,1986-Q3,0350-0400,R-5,0.0563290612
COD,1986-Q3,0500-0600,R-6,0.0209291125
COD,1986-Q3,0700-0800,R-3,0.0374681698
COD,1986-Q3,0700-0800,R-4,0.0338058675
COD,1986-Q3,0800-1000,R-4,0.0936840969
COD,1986-Q3,0100-0150,R-2,0.4408999287
COD,1986-Q3,0800-1000,R-3,0.0177999784
WHG,1986-Q3,0100-0150,R-5,3.49776e-5
WHG,1986-Q3,0100-0150,R-6,0.1254273769
WHG,1986-Q3,0100-0150,R-4,7.83498e-4
WHG,1986-Q3,0100-0150,R-3,0.1453213376
WHG,1986-Q3,0100-0150,R-2,0.1054049695
WHG,1986-Q3,0100-0150,R-1,0.1204628222
WHG,1986-Q3,0150-0200,R-5,0.04295599
WHG,1986-Q3,0150-0200,R-6,0.7746790259
WHG,1986-Q3,0150-0200,R-4,0.0462998463
WHG,1986-Q3,0150-0200,R-2,0.0027114229
WHG,1986-Q3,0150-0200,R-7,0.1062271635
WHG,1986-Q3,0150-0200,R-3,0.0240258589
WHG,1986-Q3,0150-0200,R-1,0.0031006925
WHG,1986-Q3,0200-0250,R-6,0.4941806007
WHG,1986-Q3,0200-0250,R-5,0.0687107021
WHG,1986-Q3,0200-0250,R-4,0.1775635128
WHG,1986-Q3,0200-0250,R-2,0.0428652887
WHG,1986-Q3,0200-0250,R-7,0.0647521721
WHG,1986-Q3,0200-0250,R-3,0.1474023776
WHG,1986-Q3,0200-0250,R-1,0.004525346
WHG,1986-Q3,0250-0300,R-6,0.3214215317
WHG,1986-Q3,0250-0300,R-5,0.0532170246
WHG,1986-Q3,0250-0300,R-4,0.0873278084
WHG,1986-Q3,0250-0300,R-2,0.0897176802
WHG,1986-Q3,0250-0300,R-7,0.0337200322
WHG,1986-Q3,0250-0300,R-3,0.2439889164
WHG,1986-Q3,0250-0300,R-1,0.1706070064
WHG,1986-Q3,0300-0350,R-6,0.1769075194
WHG,1986-Q3,0300-0350,R-5,0.0373269964
WHG,1986-Q3,0300-0350,R-4,0.0585419602
WHG,1986-Q3,0300-0350,R-2,0.1176902871
WHG,1986-Q3,0300-0350,R-7,0.0521751086
WHG,1986-Q3,0300-0350,R-3,0.1056787117
WHG,1986-Q3,0300-0350,R-1,0.4516794166
WHG,1986-Q3,0350-0400,R-6,0.1095205009
WHG,1986-Q3,0350-0400,R-2,0.0740128768
WHG,1986-Q3,0350-0400,R-3,0.0495643609
WHG,1986-Q3,0350-0400,R-1,0.5566502249
WHG,1986-Q3,0100-0150,R-7,0.5025650182
WHG,1986-Q3,0350-0400,R-7,0.0461063823
WHG,1986-Q3,0400-0500,R-4,0.0121629304
WHG,1986-Q3,0400-0500,R-2,0.028380171
WHG,1986-Q3,0400-0500,R-7,0
WHG,1986-Q3,0400-0500,R-1,0.5606814266
WHG,1986-Q3,0350-0400,R-4,0.0376131013
WHG,1986-Q3,0400-0500,R-6,0.1613376947
COD,1987-Q1,0150-0200,R-6,0.8040807059
COD,1987-Q1,0200-0250,R-4,0.028652425
COD,1987-Q1,0200-0250,R-2,0.0069460424
COD,1987-Q1,0200-0250,R-6,0.8137288686
COD,1987-Q1,0250-0300,R-4,0.0684877524
COD,1987-Q1,0250-0300,R-1,0.2831058502
COD,1987-Q1,0250-0300,R-2,0.1343071508
COD,1987-Q1,0250-0300,R-6,0.3173457704
COD,1987-Q1,0300-0350,R-4,0.0868511939
COD,1987-Q1,0300-0350,R-1,0.474971765
COD,1987-Q1,0300-0350,R-2,0.185733722
COD,1987-Q1,0300-0350,R-6,0.0408711501
COD,1987-Q1,0350-0400,R-4,0.1370117508
COD,1987-Q1,0350-0400,R-1,0.4207937553
COD,1987-Q1,0350-0400,R-2,0.1913911375
COD,1987-Q1,0350-0400,R-6,0.0715920798
COD,1987-Q1,0400-0500,R-1,0.4311298585
COD,1987-Q1,0400-0500,R-6,0.1401342704
COD,1987-Q1,0500-0600,R-1,0.5955824223
COD,1987-Q1,0500-0600,R-6,0.1239542159
COD,1987-Q1,0600-0700,R-4,0.0307905947
COD,1987-Q1,0600-0700,R-1,0.532110632
COD,1987-Q1,0700-0800,R-4,0.0222974451
COD,1987-Q1,0700-0800,R-6,0.2227121282
COD,1987-Q1,0800-1000,R-2,0.1399366666
COD,1987-Q1,0800-1000,R-6,0.2918957557
COD,1987-Q1,0200-0250,R-1,0.0125246584
COD,1987-Q1,0200-0250,R-7,0.0959011834
COD,1987-Q1,0250-0300,R-7,0.1376049627
COD,1987-Q1,0300-0350,R-7,0.1582583193
COD,1987-Q1,0350-0400,R-7,0.0980371307
COD,1987-Q1,0400-0500,R-4,0.1678011359
COD,1987-Q1,0500-0600,R-4,0.0630904692
COD,1987-Q1,0500-0600,R-2,0.0650023016
COD,1987-Q1,0800-1000,R-4,0.0270053216
COD,1987-Q1,0150-0200,R-4,0.0263917461
COD,1987-Q1,0150-0200,R-2,0.0158068212
COD,1987-Q1,0150-0200,R-5,0.003387176
COD,1987-Q1,0150-0200,R-7,0.1218341139
COD,1987-Q1,0200-0250,R-5,0.0059537506
COD,1987-Q1,0250-0300,R-5,0
COD,1987-Q1,0300-0350,R-5,0.0090235007
COD,1987-Q1,0350-0400,R-5,0.007291091
COD,1987-Q1,0400-0500,R-2,0.1550141509
COD,1987-Q1,0400-0500,R-5,0.0053839937
COD,1987-Q1,0400-0500,R-7,0.0530116299
COD,1987-Q1,0500-0600,R-5,0.0305893184
COD,1987-Q1,0600-0700,R-6,0.1304072246
COD,1987-Q1,0700-0800,R-2,0.0587841735
COD,1987-Q1,0800-1000,R-7,0.1015249014
COD,1987-Q1,0300-0350,R-3,0.0442903491
COD,1987-Q1,0700-0800,R-3,0.0346623919
COD,1987-Q1,0700-0800,R-1,0.3737664857
COD,1987-Q1,0800-1000,R-1,0.3853198328
COD,1987-Q1,0150-0200,R-3,0.0179661458
COD,1987-Q1,0150-0200,R-1,0.0105332911
COD,1987-Q1,0200-0250,R-3,0.0362930716
COD,1987-Q1,0250-0300,R-3,0.0591485135
COD,1987-Q1,0350-0400,R-3,0.073883055
COD,1987-Q1,0800-1000,R-3,0.0174920833
COD,1987-Q1,0600-0700,R-2,0.1063675089
WHG,1987-Q1,0100-0150,R-5,0.0133664563
WHG,1987-Q1,0100-0150,R-6,0.5189330112
WHG,1987-Q1,0100-0150,R-2,0.0244010698
WHG,1987-Q1,0100-0150,R-1,0.0137107485
WHG,1987-Q1,0100-0150,R-3,0.272238489
WHG,1987-Q1,0150-0200,R-6,0.4367098547
WHG,1987-Q1,0150-0200,R-5,0.0056396709
WHG,1987-Q1,0150-0200,R-2,0.1020998217
WHG,1987-Q1,0150-0200,R-1,0.0105957707
WHG,1987-Q1,0150-0200,R-3,0.180373295
WHG,1987-Q1,0200-0250,R-5,0.0188317438
WHG,1987-Q1,0200-0250,R-6,0.127656998
WHG,1987-Q1,0200-0250,R-2,0.3477116357
WHG,1987-Q1,0200-0250,R-1,0.221110869
WHG,1987-Q1,0200-0250,R-3,0.1601728397
WHG,1987-Q1,0250-0300,R-5,0.0194557065
WHG,1987-Q1,0250-0300,R-6,0.1416289101
WHG,1987-Q1,0250-0300,R-3,0.1364181758
WHG,1987-Q1,0250-0300,R-1,0.4587380761
WHG,1987-Q1,0300-0350,R-5,0.0176695954
WHG,1987-Q1,0300-0350,R-1,0.5096678549
WHG,1987-Q1,0300-0350,R-3,0.0679369402
WHG,1987-Q1,0350-0400,R-1,0.6709040632
WHG,1987-Q1,0100-0150,R-4,0.0685915739
WHG,1987-Q1,0100-0150,R-7,0.0887586513
WHG,1987-Q1,0150-0200,R-4,0.2263003902
WHG,1987-Q1,0150-0200,R-7,0.038281197
WHG,1987-Q1,0200-0250,R-4,0.1186684335
WHG,1987-Q1,0200-0250,R-7,0.0058474802
WHG,1987-Q1,0250-0300,R-4,0.0726386606
WHG,1987-Q1,0250-0300,R-2,0.1662489314
WHG,1987-Q1,0250-0300,R-7,0.0048715396
WHG,1987-Q1,0300-0350,R-6,0.280750511
WHG,1987-Q1,0300-0350,R-4,0.0301350021
WHG,1987-Q1,0300-0350,R-2,0.084107527
WHG,1987-Q1,0350-0400,R-5,0.0230928654
WHG,1987-Q1,0350-0400,R-6,0.2472376503
WHG,1987-Q1,0350-0400,R-4,0.0050804304
WHG,1987-Q1,0350-0400,R-2,0.0157031485
WHG,1987-Q1,0400-0500,R-5,0.0658254268
WHG,1987-Q1,0400-0500,R-2,0
WHG,1987-Q1,0350-0400,R-3,0.0279346695
WHG,1987-Q1,0400-0500,R-6,0.1629179313
WHG,1987-Q1,0300-0350,R-7,0.0097325695
WHG,1987-Q1,0400-0500,R-3,0
WHG,1987-Q1,0400-0500,R-1,0.7585979061
COD,1987-Q3,0150-0200,R-2,0
COD,1987-Q3,0150-0200,R-7,0
COD,1987-Q3,0200-0250,R-4,0.2006782645
COD,1987-Q3,0200-0250,R-1,0.1530596933
COD,1987-Q3,0200-0250,R-6,0.2971158752
COD,1987-Q3,0200-0250,R-2,0.0623576528
COD,1987-Q3,0200-0250,R-7,0.1780027544
COD,1987-Q3,0250-0300,R-3,0.2708707618
COD,1987-Q3,0250-0300,R-4,0.0540124824
COD,1987-Q3,0250-0300,R-2,0.1032483506
COD,1987-Q3,0250-0300,R-6,0.2353725221
COD,1987-Q3,0250-0300,R-7,0.2215614072
COD,1987-Q3,0300-0350,R-4,0.0582280869
COD,1987-Q3,0300-0350,R-5,0.0043780516
COD,1987-Q3,0300-0350,R-2,0.166001125
COD,1987-Q3,0300-0350,R-6,0.1591357391
COD,1987-Q3,0300-0350,R-1,0.1407116478
COD,1987-Q3,0300-0350,R-7,0.1338224454
COD,1987-Q3,0350-0400,R-1,0.1839281237
COD,1987-Q3,0350-0400,R-4,0.1347203381
COD,1987-Q3,0350-0400,R-3,0.1040522936
COD,1987-Q3,0350-0400,R-2,0.1051475809
COD,1987-Q3,0350-0400,R-6,0.3380572041
COD,1987-Q3,0350-0400,R-7,0.0777653984
COD,1987-Q3,0400-0500,R-1,0.3519477126
COD,1987-Q3,0400-0500,R-4,0.0331720833
COD,1987-Q3,0400-0500,R-3,0.0645276
COD,1987-Q3,0400-0500,R-5,0.0270792516
COD,1987-Q3,0400-0500,R-2,0.2740645926
COD,1987-Q3,0400-0500,R-6,0.0643928675
COD,1987-Q3,0400-0500,R-7,0.1848158924
COD,1987-Q3,0500-0600,R-4,0.03593888
COD,1987-Q3,0500-0600,R-1,0.4536187907
COD,1987-Q3,0500-0600,R-2,0.1988618029
COD,1987-Q3,0500-0600,R-6,0.0209291125
COD,1987-Q3,0500-0600,R-7,0.2359986456
COD,1987-Q3,0600-0700,R-2,0.0993740809
COD,1987-Q3,0600-0700,R-1,0.627884354
COD,1987-Q3,0600-0700,R-5,0.0805735791
COD,1987-Q3,0600-0700,R-6,0
COD,1987-Q3,0700-0800,R-1,0.6616880173
COD,1987-Q3,0700-0800,R-2,0.0845146689
COD,1987-Q3,0700-0800,R-7,0.1014176026
COD,1987-Q3,0150-0200,R-1,0
COD,1987-Q3,0200-0250,R-5,0
COD,1987-Q3,0250-0300,R-1,0.1149344759
COD,1987-Q3,0250-0300,R-5,0
COD,1987-Q3,0300-0350,R-3,0.3377229041
COD,1987-Q3,0350-0400,R-5,0.0563290612
COD,1987-Q3,0500-0600,R-3,0.0443845168
COD,1987-Q3,0500-0600,R-5,0.0102682514
COD,1987-Q3,0600-0700,R-3,0.02296347
COD,1987-Q3,0600-0700,R-4,0
COD,1987-Q3,0700-0800,R-5,0.0482940965
COD,1987-Q3,0800-1000,R-1,0.4524256385
COD,1987-Q3,0800-1000,R-2,0.231087439
COD,1987-Q3,0100-0150,R-3,6.437979e-4
COD,1987-Q3,0100-0150,R-6,0.41596123
COD,1987-Q3,0150-0200,R-4,1
COD,1987-Q3,0150-0200,R-6,0
COD,1987-Q3,0200-0250,R-3,0.1087857598
COD,1987-Q3,0600-0700,R-7,0.1692045161
COD,1987-Q3,0700-0800,R-3,0.0374681698
COD,1987-Q3,0700-0800,R-4,0.0338058675
COD,1987-Q3,0700-0800,R-6,0.0328115773
COD,1987-Q3,0800-1000,R-4,0.0936840969
COD,1987-Q3,0800-1000,R-3,0.0177999784
GUR,1987-Q3,0200-0250,R-6,0.3026800762
WHG,1987-Q3,0100-0150,R-6,0.1254273769
WHG,1987-Q3,0100-0150,R-5,3.49776e-5
WHG,1987-Q3,0100-0150,R-7,0.5025650182
WHG,1987-Q3,0100-0150,R-2,0.1054049695
WHG,1987-Q3,0150-0200,R-6,0.7746790259
WHG,1987-Q3,0150-0200,R-5,0.04295599
WHG,1987-Q3,0150-0200,R-4,0.0462998463
WHG,1987-Q3,0150-0200,R-2,0.0027114229
WHG,1987-Q3,0150-0200,R-7,0.1062271635
WHG,1987-Q3,0150-0200,R-3,0.0240258589
WHG,1987-Q3,0200-0250,R-6,0.4941806007
WHG,1987-Q3,0200-0250,R-5,0.0687107021
WHG,1987-Q3,0200-0250,R-4,0.1775635128
WHG,1987-Q3,0200-0250,R-2,0.0428652887
WHG,1987-Q3,0200-0250,R-7,0.0647521721
WHG,1987-Q3,0200-0250,R-3,0.1474023776
WHG,1987-Q3,0250-0300,R-6,0.3214215317
WHG,1987-Q3,0250-0300,R-5,0.0532170246
WHG,1987-Q3,0250-0300,R-4,0.0873278084
WHG,1987-Q3,0250-0300,R-2,0.0897176802
WHG,1987-Q3,0250-0300,R-7,0.0337200322
WHG,1987-Q3,0250-0300,R-3,0.2439889164
WHG,1987-Q3,0300-0350,R-6,0.1769075194
WHG,1987-Q3,0300-0350,R-5,0.0373269964
WHG,1987-Q3,0300-0350,R-4,0.0585419602
WHG,1987-Q3,0300-0350,R-2,0.1176902871
WHG,1987-Q3,0300-0350,R-7,0.0521751086
WHG,1987-Q3,0300-0350,R-3,0.1056787117
WHG,1987-Q3,0350-0400,R-5,0.1265325528
WHG,1987-Q3,0350-0400,R-6,0.1095205009
WHG,1987-Q3,0350-0400,R-4,0.0376131013
WHG,1987-Q3,0350-0400,R-2,0.0740128768
WHG,1987-Q3,0350-0400,R-7,0.0461063823
WHG,1987-Q3,0400-0500,R-5,0.2258829935
WHG,1987-Q3,0400-0500,R-6,0.1613376947
WHG,1987-Q3,0400-0500,R-2,0.028380171
WHG,1987-Q3,0100-0150,R-4,7.83498e-4
WHG,1987-Q3,0100-0150,R-1,0.1204628222
WHG,1987-Q3,0150-0200,R-1,0.0031006925
WHG,1987-Q3,0200-0250,R-1,0.004525346
WHG,1987-Q3,0250-0300,R-1,0.1706070064
WHG,1987-Q3,0300-0350,R-1,0.4516794166
WHG,1987-Q3,0350-0400,R-3,0.0495643609
WHG,1987-Q3,0350-0400,R-1,0.5566502249
WHG,1987-Q3,0400-0500,R-3,0.0115547839
WHG,1987-Q3,0400-0500,R-1,0.5606814266
GUR,1990-Q1,0120-0150,R-6,0.2051944644
GUR,1990-Q1,0150-0200,R-6,0.0414196262
GUR,1990-Q1,0200-0250,R-6,0.016182998
GUR,1990-Q1,0250-0300,R-6,0.0138963885
GUR,1990-Q1,0150-0200,R-5,0.0030516093
GUR,1990-Q1,0250-0300,R-5,0.0081881077
GUR,1990-Q1,0120-0150,R-5,0
GUR,1990-Q1,0300-0350,R-6,0.0269505138
GUR,1990-Q2,0200-0250,R-2,0.1068168776
GUR,1990-Q2,0250-0300,R-2,0.0865540736
GUR,1990-Q2,0120-0150,R-7,0.0175717747
GUR,1990-Q2,0150-0200,R-7,0.0729349851
GUR,1990-Q2,0200-0250,R-7,0.0839829535
GUR,1990-Q2,0250-0300,R-7,0.0582185913
GUR,1990-Q2,0300-0350,R-7,0.0346542513
GUR,1990-Q2,0350-0400,R-7,0.0440642551
GUR,1990-Q2,0150-0200,R-2,0.109479895
GUR,1990-Q2,0300-0350,R-2,0.1310994163
GUR,1990-Q2,0350-0400,R-2,0.138006799
GUR,1990-Q2,0400-0500,R-7,0
GUR,1990-Q3,0150-0200,R-7,0.2151911879
GUR,1990-Q3,0250-0300,R-7,0.0735102564
GUR,1990-Q3,0200-0250,R-7,0.1412454854
GUR,1990-Q3,0120-0150,R-7,0.0343855029
GUR,1990-Q3,0300-0350,R-7,0.0474606251
GUR,1990-Q3,0150-0200,R-2,0.1171010962
GUR,1990-Q3,0200-0250,R-2,0.1748305883
GUR,1990-Q3,0250-0300,R-2,0.1381424624
GUR,1990-Q3,0300-0350,R-2,0.1319899875
GUR,1990-Q3,0350-0400,R-2,0.11160616
GUR,1990-Q3,0250-0300,R-6,0.310961281
GUR,1990-Q3,0300-0350,R-6,0.4054744158
GUR,1990-Q3,0150-0200,R-6,0.282582177
GUR,1990-Q3,0200-0250,R-6,0.3026800762
GUR,1990-Q3,0120-0150,R-6,0.3199929644
GUR,1990-Q3,0350-0400,R-6,0.413215002
COD,1991-Q1,0200-0250,R-7,0.0959011834
COD,1991-Q1,0250-0300,R-6,0.3173457704
COD,1991-Q1,0300-0350,R-6,0.0408711501
COD,1991-Q1,0350-0400,R-4,0.1370117508
COD,1991-Q1,0350-0400,R-6,0.0715920798
COD,1991-Q1,0350-0400,R-7,0.0980371307
COD,1991-Q1,0400-0500,R-4,0.1678011359
COD,1991-Q1,0400-0500,R-2,0.1550141509
COD,1991-Q1,0400-0500,R-6,0.1401342704
COD,1991-Q1,0500-0600,R-4,0.0630904692
COD,1991-Q1,0150-0200,R-7,0.1218341139
COD,1991-Q1,0700-0800,R-6,0.2227121282
COD,1991-Q1,0800-1000,R-2,0.1399366666
COD,1991-Q1,0200-0250,R-6,0.8137288686
COD,1991-Q1,0800-1000,R-6,0.2918957557
COD,1991-Q1,0800-1000,R-7,0.1015249014
COD,1991-Q1,1000-1200,R-7,0.1876752527
COD,1991-Q1,0300-0350,R-4,0.0868511939
COD,1991-Q1,0300-0350,R-2,0.185733722
COD,1991-Q1,0350-0400,R-2,0.1913911375
COD,1991-Q1,0350-0400,R-5,0.007291091
COD,1991-Q1,0400-0500,R-7,0.0530116299
COD,1991-Q1,0500-0600,R-2,0.0650023016
COD,1991-Q1,0500-0600,R-5,0.0305893184
COD,1991-Q1,0500-0600,R-6,0.1239542159
COD,1991-Q1,0500-0600,R-7,0.0715319445
COD,1991-Q1,0600-0700,R-4,0.0307905947
COD,1991-Q1,0600-0700,R-2,0.1063675089
COD,1991-Q1,0600-0700,R-5,0.0671794793
COD,1991-Q1,0600-0700,R-6,0.1304072246
COD,1991-Q1,0600-0700,R-7,0.0884702066
COD,1991-Q1,0700-0800,R-4,0.0222974451
COD,1991-Q1,0700-0800,R-5,0.1945958846
COD,1991-Q1,0700-0800,R-2,0.0587841735
COD,1991-Q1,0700-0800,R-7,0.0931814909
COD,1991-Q1,0800-1000,R-4,0.0270053216
COD,1991-Q1,0200-0250,R-5,0.0059537506
COD,1991-Q1,0800-1000,R-5,0.0368254386
COD,1991-Q1,1000-1200,R-6,0.4274192308
COD,1991-Q1,1000-1200,R-2,0.2855059695
COD,1991-Q1,0400-0500,R-1,0.4311298585
COD,1991-Q1,0500-0600,R-3,0.0502493282
COD,1991-Q1,0500-0600,R-1,0.5955824223
COD,1991-Q1,0600-0700,R-3,0.0446743538
COD,1991-Q1,0600-0700,R-1,0.532110632
COD,1991-Q1,0700-0800,R-3,0.0346623919
COD,1991-Q1,0700-0800,R-1,0.3737664857
COD,1991-Q1,0800-1000,R-1,0.3853198328
COD,1991-Q1,0250-0300,R-3,0.0591485135
COD,1991-Q1,0300-0350,R-1,0.474971765
COD,1991-Q1,0300-0350,R-3,0.0442903491
COD,1991-Q1,0120-0150,R-6,0.7034866302
COD,1991-Q1,0350-0400,R-3,0.073883055
COD,1991-Q1,0350-0400,R-1,0.4207937553
COD,1991-Q1,0150-0200,R-3,0.0179661458
COD,1991-Q1,0400-0500,R-3,0.0475249607
COD,1991-Q1,0150-0200,R-5,0.003387176
COD,1991-Q1,0150-0200,R-6,0.8040807059
COD,1991-Q1,0120-0150,R-3,0.0121690283
COD,1991-Q1,0200-0250,R-3,0.0362930716
COD,1991-Q1,0250-0300,R-1,0.2831058502
COD,1991-Q1,0250-0300,R-2,0.1343071508
COD,1991-Q1,0300-0350,R-7,0.1582583193
COD,1991-Q1,0150-0200,R-2,0.0158068212
COD,1991-Q1,0120-0150,R-1,0.0304616242
COD,1991-Q1,0120-0150,R-2,0.0042698345
COD,1991-Q1,0200-0250,R-1,0.0125246584
COD,1991-Q1,1000-1200,R-3,0.032876445
COD,1991-Q1,1000-1200,R-1,0.0427309378
GUR,1991-Q1,0150-0200,R-4,0.1246967183
GUR,1991-Q1,0150-0200,R-6,0.0414196262
GUR,1991-Q1,0150-0200,R-7,0.0038428567
GUR,1991-Q1,0200-0250,R-4,0.2481716034
GUR,1991-Q1,0200-0250,R-6,0.016182998
GUR,1991-Q1,0250-0300,R-4,0.275611706
GUR,1991-Q1,0250-0300,R-2,0.5231881818
GUR,1991-Q1,0250-0300,R-6,0.0138963885
GUR,1991-Q1,0300-0350,R-4,0.2096151076
GUR,1991-Q1,0300-0350,R-2,0.51636590550000006
GUR,1991-Q1,0300-0350,R-6,0.0269505138
GUR,1991-Q1,0350-0400,R-4,0.1451327465
GUR,1991-Q1,0350-0400,R-6,0.0453539833
GUR,1991-Q1,0400-0500,R-4,0.3444143238
GUR,1991-Q1,0400-0500,R-6,0.0444405579
GUR,1991-Q1,0120-0150,R-6,0.2051944644
GUR,1991-Q1,0150-0200,R-1,0.1183562633
GUR,1991-Q1,0150-0200,R-3,0.0316822441
GUR,1991-Q1,0200-0250,R-1,0.1248742493
GUR,1991-Q1,0200-0250,R-3,0.0355981278
GUR,1991-Q1,0250-0300,R-1,0.1525813617
GUR,1991-Q1,0250-0300,R-3,0.0250029718
GUR,1991-Q1,0250-0300,R-5,0.0081881077
GUR,1991-Q1,0300-0350,R-1,0.2166859494
GUR,1991-Q1,0300-0350,R-3,0.0249379755
GUR,1991-Q1,0350-0400,R-1,0.2963805165
GUR,1991-Q1,0120-0150,R-2,0.3222061837
GUR,1991-Q1,0150-0200,R-2,0.676950682
GUR,1991-Q1,0200-0250,R-2,0.565808287
GUR,1991-Q1,0350-0400,R-2,0.4624419577
GUR,1991-Q1,0400-0500,R-1,0.274474225
GUR,1991-Q1,0400-0500,R-2,0.3030038039
HAD,1991-Q1,0150-0200,R-2,0.3578280167
HAD,1991-Q1,0200-0250,R-6,9.66985e-5
HAD,1991-Q1,0300-0350,R-7,0.0669986119
HAD,1991-Q1,0350-0400,R-2,0.2958334961
HAD,1991-Q1,0150-0200,R-3,0.2262386906
HAD,1991-Q1,0150-0200,R-1,0.2860776311
HAD,1991-Q1,0200-0250,R-3,0.4122542043
HAD,1991-Q1,0200-0250,R-1,0.1751081968
HAD,1991-Q1,0120-0150,R-1,0.6300953193
HAD,1991-Q1,0250-0300,R-3,0.3863215066
HAD,1991-Q1,0250-0300,R-1,0.2944808173
HAD,1991-Q1,0300-0350,R-3,0.1265694217
HAD,1991-Q1,0300-0350,R-1,0.47892157
HAD,1991-Q1,0100-0120,R-1,0.8681453297
HAD,1991-Q1,0350-0400,R-3,0.0879537817
HAD,1991-Q1,0350-0400,R-1,0.5530485285
HAD,1991-Q1,0400-0500,R-3,0.049594467
HAD,1991-Q1,0400-0500,R-1,0.7432913395
HAD,1991-Q1,0500-0600,R-1,0.7301013548
HAD,1991-Q1,0600-0700,R-1,0.8262711864
HAD,1991-Q1,0120-0150,R-2,0.2551972213
HAD,1991-Q1,0120-0150,R-7,0.0220943029
HAD,1991-Q1,0100-0120,R-2,0.0943276747
HAD,1991-Q1,0150-0200,R-7,0.050275543
HAD,1991-Q1,0200-0250,R-7,0.0460066507
HAD,1991-Q1,0250-0300,R-7,0.0181555473
HAD,1991-Q1,0350-0400,R-7,0.0381012282
HAD,1991-Q1,0120-0150,R-3,0.0848119581
HAD,1991-Q1,0100-0120,R-3,0.0280035284
HAD,1991-Q1,0200-0250,R-2,0.2709715777
HAD,1991-Q1,0250-0300,R-2,0.2890294566
HAD,1991-Q1,0300-0350,R-2,0.2992165776
HAD,1991-Q1,0400-0500,R-2,0.1697552901
HAD,1991-Q1,0500-0600,R-2,0.204405325
MAC,1991-Q1,0250-0300,R-1,0.7539731604
MAC,1991-Q1,0150-0200,R-1,0.9982903132
MAC,1991-Q1,0350-0400,R-1,0.8674944719
MAC,1991-Q1,0200-0250,R-1,0.9957113957
MAC,1991-Q1,0250-0300,R-2,0.1696181046
MAC,1991-Q1,0300-0350,R-1,0.9682108935
MAC,1991-Q1,0400-0500,R-1,1
MAC,1991-Q1,0350-0400,R-3,0.1325055281
RAJ,1991-Q1,0250-0300,R-7,0.0511325674
RAJ,1991-Q1,0500-0600,R-7,0.2747169171
RAJ,1991-Q1,0400-0500,R-2,0.2990607142
RAJ,1991-Q1,0500-0600,R-2,0.3679244426
RAJ,1991-Q1,0350-0400,R-4,0.0720872484
RAJ,1991-Q1,0250-0300,R-2,0.3281386862
RAJ,1991-Q1,0500-0600,R-6,0.1762766885
RAJ,1991-Q1,0350-0400,R-1,0.3742991742
RAJ,1991-Q1,0250-0300,R-1,0.4065407856
RAJ,1991-Q1,0500-0600,R-1,0.138679213
RAJ,1991-Q1,0300-0350,R-1,0.3758550364
RAJ,1991-Q1,0400-0500,R-1,0.2863161268
RAJ,1991-Q1,0200-0250,R-1,0.4104664285
RAJ,1991-Q1,0150-0200,R-1,0.4508167321
RAJ,1991-Q1,0350-0400,R-2,0.1998973856
RAJ,1991-Q1,0150-0200,R-2,0.314748524
RAJ,1991-Q1,0300-0350,R-3,0.1680293104
RAJ,1991-Q1,0200-0250,R-2,0.385684867
RAJ,1991-Q1,0400-0500,R-3,0.0828137459
RAJ,1991-Q1,0250-0300,R-3,0.1266944565
RAJ,1991-Q1,0300-0350,R-2,0.2297393229
RAJ,1991-Q1,0200-0250,R-3,0.1191492827
RAJ,1991-Q1,0350-0400,R-3,0.184719073
WHG,1991-Q1,0250-0300,R-6,0.1416289101
WHG,1991-Q1,0120-0150,R-6,0.3650581539
WHG,1991-Q1,0120-0150,R-2,0.0469655619
WHG,1991-Q1,0120-0150,R-7,0.0597115636
WHG,1991-Q1,0150-0200,R-4,0.2263003902
WHG,1991-Q1,0150-0200,R-6,0.4367098547
WHG,1991-Q1,0150-0200,R-2,0.1020998217
WHG,1991-Q1,0150-0200,R-7,0.038281197
WHG,1991-Q1,0200-0250,R-4,0.1186684335
WHG,1991-Q1,0200-0250,R-6,0.127656998
WHG,1991-Q1,0200-0250,R-7,0.0058474802
WHG,1991-Q1,0250-0300,R-4,0.0726386606
WHG,1991-Q1,0250-0300,R-2,0.1662489314
WHG,1991-Q1,0250-0300,R-7,0.0048715396
WHG,1991-Q1,0300-0350,R-4,0.0301350021
WHG,1991-Q1,0300-0350,R-6,0.280750511
WHG,1991-Q1,0120-0150,R-4,0.1735953729
WHG,1991-Q1,0350-0400,R-4,0.0050804304
WHG,1991-Q1,0350-0400,R-6,0.2472376503
WHG,1991-Q1,0400-0500,R-6,0.1629179313
WHG,1991-Q1,0400-0500,R-1,0.7585979061
WHG,1991-Q1,0120-0150,R-5,0.0031927781
WHG,1991-Q1,0150-0200,R-3,0.180373295
WHG,1991-Q1,0100-0120,R-3,0.272238489
WHG,1991-Q1,0150-0200,R-5,0.0056396709
WHG,1991-Q1,0200-0250,R-3,0.1601728397
WHG,1991-Q1,0200-0250,R-1,0.221110869
WHG,1991-Q1,0200-0250,R-5,0.0188317438
WHG,1991-Q1,0100-0120,R-5,0.0133664563
WHG,1991-Q1,0100-0120,R-6,0.5189330112
WHG,1991-Q1,0250-0300,R-3,0.1364181758
WHG,1991-Q1,0250-0300,R-1,0.4587380761
WHG,1991-Q1,0250-0300,R-5,0.0194557065
WHG,1991-Q1,0300-0350,R-3,0.0679369402
WHG,1991-Q1,0300-0350,R-1,0.5096678549
WHG,1991-Q1,0120-0150,R-3,0.3454732631
WHG,1991-Q1,0300-0350,R-5,0.0176695954
WHG,1991-Q1,0350-0400,R-3,0.0279346695
WHG,1991-Q1,0350-0400,R-1,0.6709040632
WHG,1991-Q1,0400-0500,R-3,0
WHG,1991-Q1,0120-0150,R-1,0.0060033065
WHG,1991-Q1,0150-0200,R-1,0.0105957707
WHG,1991-Q1,0100-0120,R-1,0.0137107485
WHG,1991-Q1,0200-0250,R-2,0.3477116357
WHG,1991-Q1,0100-0120,R-7,0.0887586513
WHG,1991-Q1,0300-0350,R-2,0.084107527
WHG,1991-Q1,0300-0350,R-7,0.0097325695
WHG,1991-Q1,0350-0400,R-7,0.0100471728
WHG,1991-Q1,0100-0120,R-2,0.0244010698
WHG,1991-Q1,0350-0400,R-2,0.0157031485
COD,1991-Q2,0120-0150,R-2,0.0474529025
COD,1991-Q2,0150-0200,R-1,0.0491774619
COD,1991-Q2,0200-0250,R-1,0.0481454505
COD,1991-Q2,0250-0300,R-1,0.0534493413
COD,1991-Q2,0300-0350,R-1,0.2530067562
COD,1991-Q2,0350-0400,R-1,0.4723505067
COD,1991-Q2,0400-0500,R-1,0.4361579983
COD,1991-Q2,0400-0500,R-2,0.2306405479
COD,1991-Q2,0500-0600,R-1,0.4149935722
COD,1991-Q2,0500-0600,R-5,0.0500485615
COD,1991-Q2,0500-0600,R-2,0.2258991872
COD,1991-Q2,0600-0700,R-1,0.4435995589
COD,1991-Q2,0700-0800,R-1,0.4553833068
COD,1991-Q2,0800-1000,R-1,0.4385689882
COD,1991-Q2,1000-1200,R-1,0.3618790627
COD,1991-Q2,0120-0150,R-1,0.4206052737
COD,1991-Q2,0150-0200,R-3,0.0886933274
COD,1991-Q2,0150-0200,R-4,0.1081026705
COD,1991-Q2,0150-0200,R-2,0.1089801272
COD,1991-Q2,0150-0200,R-6,0.2854241427
COD,1991-Q2,0150-0200,R-7,0.3596222704
COD,1991-Q2,0200-0250,R-3,0.0670182205
COD,1991-Q2,0200-0250,R-4,0.0455154109
COD,1991-Q2,0200-0250,R-2,0.13308679
COD,1991-Q2,0200-0250,R-6,0.4316076115
COD,1991-Q2,0200-0250,R-7,0.2746265166
COD,1991-Q2,0250-0300,R-3,0.0802355211
COD,1991-Q2,0250-0300,R-4,0.035929835
COD,1991-Q2,0250-0300,R-6,0.5804134875
COD,1991-Q2,0250-0300,R-2,0.0857416517
COD,1991-Q2,0300-0350,R-3,0.0395969388
COD,1991-Q2,0300-0350,R-4,0.0742925022
COD,1991-Q2,0300-0350,R-2,0.1052444953
COD,1991-Q2,0300-0350,R-6,0.4494847998
COD,1991-Q2,0350-0400,R-3,0.0533178091
COD,1991-Q2,0350-0400,R-4,0.0464452163
COD,1991-Q2,0350-0400,R-2,0.2322130896
COD,1991-Q2,0400-0500,R-3,0.1050283668
COD,1991-Q2,0400-0500,R-4,0.0355590038
COD,1991-Q2,0400-0500,R-6,0.0702925308
COD,1991-Q2,0500-0600,R-3,0.0532516694
COD,1991-Q2,0500-0600,R-4,0.0171277299
COD,1991-Q2,0500-0600,R-6,0.1446803816
COD,1991-Q2,0600-0700,R-3,0.0554195613
COD,1991-Q2,0600-0700,R-5,0.0694480718
COD,1991-Q2,0700-0800,R-4,0.03123661
COD,1991-Q2,0700-0800,R-2,0.092006015
COD,1991-Q2,0700-0800,R-7,0.1069471628
COD,1991-Q2,0800-1000,R-4,0.0683630886
COD,1991-Q2,0800-1000,R-5,0.0532699392
COD,1991-Q2,0800-1000,R-6,0.0725137047
COD,1991-Q2,1000-1200,R-5,0.0409850161
COD,1991-Q2,1000-1200,R-2,0.1649646898
COD,1991-Q2,0250-0300,R-7,0.1602305528
COD,1991-Q2,0300-0350,R-7,0.0667964555
COD,1991-Q2,0350-0400,R-6,0.0617364105
COD,1991-Q2,0350-0400,R-7,0.130596253
COD,1991-Q2,0400-0500,R-7,0.1181653051
COD,1991-Q2,0500-0600,R-7,0.0939988983
COD,1991-Q2,0600-0700,R-2,0.1966422154
COD,1991-Q2,0600-0700,R-7,0.0463699434
COD,1991-Q2,0600-0700,R-6,0.1825789809
COD,1991-Q2,0700-0800,R-6,0.1911680535
COD,1991-Q2,0800-1000,R-2,0.1090702005
COD,1991-Q2,0800-1000,R-7,0.1548925925
COD,1991-Q2,1000-1200,R-6,0.1082004425
COD,1991-Q2,0120-0150,R-7,0.2628160761
COD,1991-Q2,0250-0300,R-5,0.0039996106
COD,1991-Q2,0300-0350,R-5,0.0115780523
COD,1991-Q2,0700-0800,R-5,0.0973608625
COD,1991-Q2,0120-0150,R-3,0.0901605149
COD,1991-Q2,0700-0800,R-3,0.0258979894
COD,1991-Q2,0800-1000,R-3,0.1033214863
COD,1991-Q2,1000-1200,R-3,0.2180402857
COD,1991-Q2,1000-1200,R-7,0.1059305032
GUR,1991-Q2,0250-0300,R-1,0.1234454002
GUR,1991-Q2,0300-0350,R-1,0.0730516447
GUR,1991-Q2,0150-0200,R-1,0.0819343401
GUR,1991-Q2,0200-0250,R-1,0.116006398
GUR,1991-Q2,0250-0300,R-4,0.0790689961
GUR,1991-Q2,0250-0300,R-2,0.0865540736
GUR,1991-Q2,0250-0300,R-6,0.3688538334
GUR,1991-Q2,0300-0350,R-4,0.0613035732
GUR,1991-Q2,0300-0350,R-5,0.1638742704
GUR,1991-Q2,0300-0350,R-6,0.4876109058
GUR,1991-Q2,0300-0350,R-2,0.1310994163
GUR,1991-Q2,0350-0400,R-4,0.046769955
GUR,1991-Q2,0350-0400,R-6,0.656812846
GUR,1991-Q2,0350-0400,R-7,0.0440642551
GUR,1991-Q2,0400-0500,R-6,0.3312725715
GUR,1991-Q2,0100-0120,R-3,0.1215767069
GUR,1991-Q2,0150-0200,R-3,0.0678962988
GUR,1991-Q2,0150-0200,R-4,0.2251207167
GUR,1991-Q2,0150-0200,R-2,0.109479895
GUR,1991-Q2,0150-0200,R-5,0.0490747058
GUR,1991-Q2,0150-0200,R-6,0.3935590584
GUR,1991-Q2,0150-0200,R-7,0.0729349851
GUR,1991-Q2,0200-0250,R-3,0.0625021651
GUR,1991-Q2,0200-0250,R-4,0.0941410445
GUR,1991-Q2,0200-0250,R-2,0.1068168776
GUR,1991-Q2,0200-0250,R-5,0.1170856954
GUR,1991-Q2,0200-0250,R-6,0.419464866
GUR,1991-Q2,0200-0250,R-7,0.0839829535
GUR,1991-Q2,0250-0300,R-3,0.0734514127
GUR,1991-Q2,0250-0300,R-5,0.2104076927
GUR,1991-Q2,0250-0300,R-7,0.0582185913
GUR,1991-Q2,0300-0350,R-7,0.0346542513
GUR,1991-Q2,0350-0400,R-2,0.138006799
GUR,1991-Q2,0400-0500,R-2,0.2886086797
GUR,1991-Q2,0300-0350,R-3,0.0484059383
GUR,1991-Q2,0350-0400,R-5,0.0538563118
GUR,1991-Q2,0100-0120,R-5,0.04502841
GUR,1991-Q2,0100-0120,R-6,0.0969089693
GUR,1991-Q2,0120-0150,R-5,0.0585725822
GUR,1991-Q2,0120-0150,R-6,0.4566114779
GUR,1991-Q2,0120-0150,R-7,0.0175717747
GUR,1991-Q2,0400-0500,R-1,0.3801187489
HAD,1991-Q2,0300-0350,R-1,0.4000387332
HAD,1991-Q2,0300-0350,R-2,0.3522793013
HAD,1991-Q2,0350-0400,R-1,0.4308858238
HAD,1991-Q2,0400-0500,R-1,0.6876061694
HAD,1991-Q2,0500-0600,R-1,0.7411249233
HAD,1991-Q2,0500-0600,R-2,0.1186662905
HAD,1991-Q2,0600-0700,R-1,0.9342915811
HAD,1991-Q2,0120-0150,R-1,0.9272924239
HAD,1991-Q2,0120-0150,R-7,0
HAD,1991-Q2,0150-0200,R-1,0.5415938518
HAD,1991-Q2,0150-0200,R-7,0.018045225
HAD,1991-Q2,0200-0250,R-1,0.1857100344
HAD,1991-Q2,0200-0250,R-2,0.3541656645
HAD,1991-Q2,0200-0250,R-7,0.0274435426
HAD,1991-Q2,0250-0300,R-1,0.1884723758
HAD,1991-Q2,0250-0300,R-7,0.0285695156
HAD,1991-Q2,0300-0350,R-7,0.0248584524
HAD,1991-Q2,0350-0400,R-3,0.1281288759
HAD,1991-Q2,0350-0400,R-2,0.2755496412
HAD,1991-Q2,0350-0400,R-7,0.091272043
HAD,1991-Q2,0400-0500,R-2,0.1257792952
HAD,1991-Q2,0400-0500,R-7,0.1061437015
HAD,1991-Q2,0500-0600,R-7,0.1402087863
HAD,1991-Q2,0700-0800,R-1,1
HAD,1991-Q2,0150-0200,R-2,0.1622198176
HAD,1991-Q2,0250-0300,R-2,0.4276801859
HAD,1991-Q2,0120-0150,R-2,0.0544011555
HAD,1991-Q2,0200-0250,R-6,5.546422e-4
HAD,1991-Q2,0250-0300,R-6,6.628443e-4
HAD,1991-Q2,0300-0350,R-3,0.1477602579
HAD,1991-Q2,0400-0500,R-3,0.0550787695
HAD,1991-Q2,0150-0200,R-3,0.2021762179
HAD,1991-Q2,0200-0250,R-3,0.3162647616
HAD,1991-Q2,0250-0300,R-3,0.2698400568
HAD,1991-Q2,0300-0350,R-6,8.25728e-5
HAD,1991-Q2,0120-0150,R-3,0.0041762503
MAC,1991-Q2,0300-0350,R-1,0.0231872705
MAC,1991-Q2,0350-0400,R-1,0.0069953978
MAC,1991-Q2,0400-0500,R-7,0.003421692
MAC,1991-Q2,0200-0250,R-1,0.0075907791
MAC,1991-Q2,0250-0300,R-1,0.0051252435
MAC,1991-Q2,0300-0350,R-4,0.1622093514
MAC,1991-Q2,0300-0350,R-3,0.0406384867
MAC,1991-Q2,0300-0350,R-2,0.0739449348
MAC,1991-Q2,0300-0350,R-5,0.0406995972
MAC,1991-Q2,0300-0350,R-6,0.656398337
MAC,1991-Q2,0350-0400,R-3,0.0108553943
MAC,1991-Q2,0350-0400,R-4,0.2327257587
MAC,1991-Q2,0350-0400,R-2,0.0705037338
MAC,1991-Q2,0350-0400,R-6,0.6505235553
MAC,1991-Q2,0400-0500,R-2,0.1015672242
MAC,1991-Q2,0400-0500,R-6,0.8259883021
MAC,1991-Q2,0200-0250,R-5,0.0163230287
MAC,1991-Q2,0200-0250,R-2,0.134623133
MAC,1991-Q2,0250-0300,R-5,0.0405403165
MAC,1991-Q2,0250-0300,R-6,0.9031042271
MAC,1991-Q2,0200-0250,R-6,0.805296622
MAC,1991-Q2,0250-0300,R-2,0.0190547812
MAC,1991-Q2,0300-0350,R-7,0.0029220224
MAC,1991-Q2,0350-0400,R-5,0.0248307229
MAC,1991-Q2,0400-0500,R-4,0.0362445893
MAC,1991-Q2,0200-0250,R-4,0.0361664371
MAC,1991-Q2,0250-0300,R-4,0.0209388931
MAC,1991-Q2,0250-0300,R-7,0.0019364068
MAC,1991-Q2,0350-0400,R-7,0.0035654371
MAC,1991-Q2,0400-0500,R-1,0.0063184653
MAC,1991-Q2,0200-0250,R-7,0
MAC,1991-Q2,0400-0500,R-3,0.0070429827
MAC,1991-Q2,0250-0300,R-3,0.0093001317
RAJ,1991-Q2,0350-0400,R-2,0.2946886193
RAJ,1991-Q2,0250-0300,R-2,0.2622166323
RAJ,1991-Q2,0200-0250,R-2,0.4451866571
RAJ,1991-Q2,0300-0350,R-2,0.2186941436
RAJ,1991-Q2,0500-0600,R-2,0.5750664123
RAJ,1991-Q2,0400-0500,R-2,0.313429292
RAJ,1991-Q2,0350-0400,R-1,0.3423499929
RAJ,1991-Q2,0300-0350,R-1,0.4305540953
RAJ,1991-Q2,0400-0500,R-1,0.2861671782
RAJ,1991-Q2,0200-0250,R-1,0.408087769
RAJ,1991-Q2,0400-0500,R-7,0.06546308
RAJ,1991-Q2,0150-0200,R-7,0.1363634712
RAJ,1991-Q2,0500-0600,R-7,0.2811435794
RAJ,1991-Q2,0250-0300,R-1,0.2832876117
RAJ,1991-Q2,0350-0400,R-3,0.203043697
RAJ,1991-Q2,0400-0500,R-6,0.0460860083
RAJ,1991-Q2,0400-0500,R-4,0.1136148121
RAJ,1991-Q2,0250-0300,R-4,0.1028229109
RAJ,1991-Q2,0300-0350,R-4,0.1503522237
RAJ,1991-Q2,0300-0350,R-3,0.1757964462
RAJ,1991-Q2,0400-0500,R-3,0.1403259868
RAJ,1991-Q2,0350-0400,R-4,0.0848983879
RAJ,1991-Q2,0250-0300,R-3,0.2459121366
RAJ,1991-Q2,0150-0200,R-2,0.165289056
RAJ,1991-Q2,0350-0400,R-6,0.0611268393
RAJ,1991-Q2,0200-0250,R-3,0.0530165307
RAJ,1991-Q2,0150-0200,R-3,0.0265733944
RAJ,1991-Q2,0200-0250,R-7,0.0272058513
WHG,1991-Q2,0150-0200,R-1,0.0025850009
WHG,1991-Q2,0200-0250,R-1,0.0367815506
WHG,1991-Q2,0250-0300,R-1,0.1650315054
WHG,1991-Q2,0300-0350,R-1,0.3110437582
WHG,1991-Q2,0350-0400,R-1,0.5471326891
WHG,1991-Q2,0400-0500,R-1,0.7074485473
WHG,1991-Q2,0100-0120,R-1,0
WHG,1991-Q2,0120-0150,R-1,4.54415e-4
WHG,1991-Q2,0150-0200,R-6,0.5577855358
WHG,1991-Q2,0150-0200,R-2,0.0728452225
WHG,1991-Q2,0150-0200,R-7,0.0845066953
WHG,1991-Q2,0200-0250,R-3,0.1146688479
WHG,1991-Q2,0200-0250,R-4,0.264878117
WHG,1991-Q2,0200-0250,R-5,0.0427013079
WHG,1991-Q2,0200-0250,R-2,0.1736728377
WHG,1991-Q2,0200-0250,R-6,0.3484547575
WHG,1991-Q2,0200-0250,R-7,0.0188425815
WHG,1991-Q2,0250-0300,R-3,0.1603087435
WHG,1991-Q2,0250-0300,R-4,0.2652496262
WHG,1991-Q2,0250-0300,R-5,0.0302199067
WHG,1991-Q2,0250-0300,R-2,0.1744898308
WHG,1991-Q2,0250-0300,R-6,0.1936912636
WHG,1991-Q2,0250-0300,R-7,0.0110091237
WHG,1991-Q2,0300-0350,R-3,0.1027498692
WHG,1991-Q2,0300-0350,R-4,0.2202978955
WHG,1991-Q2,0300-0350,R-2,0.1323860515
WHG,1991-Q2,0300-0350,R-5,0.0566127185
WHG,1991-Q2,0300-0350,R-6,0.169843851
WHG,1991-Q2,0300-0350,R-7,0.0070658561
WHG,1991-Q2,0350-0400,R-4,0.1313835353
WHG,1991-Q2,0100-0120,R-4,0
WHG,1991-Q2,0100-0120,R-6,0.8775509191
WHG,1991-Q2,0100-0120,R-7,0.1135795547
WHG,1991-Q2,0120-0150,R-5,0.0189401402
WHG,1991-Q2,0120-0150,R-4,0.0375652727
WHG,1991-Q2,0120-0150,R-2,0.0036656142
WHG,1991-Q2,0120-0150,R-6,0.7850118568
WHG,1991-Q2,0120-0150,R-7,0.1335440752
WHG,1991-Q2,0150-0200,R-3,0.0706346003
WHG,1991-Q2,0150-0200,R-4,0.1778581969
WHG,1991-Q2,0150-0200,R-5,0.0337847484
WHG,1991-Q2,0350-0400,R-2,0.0552760609
WHG,1991-Q2,0350-0400,R-7,0.0081294185
WHG,1991-Q2,0350-0400,R-6,0.1458018042
WHG,1991-Q2,0350-0400,R-5,0.0758574942
WHG,1991-Q2,0400-0500,R-5,0.1214148653
WHG,1991-Q2,0400-0500,R-6,0.1368952606
WHG,1991-Q2,0400-0500,R-2,0.0177063345
WHG,1991-Q2,0350-0400,R-3,0.0364189979
WHG,1991-Q2,0100-0120,R-2,0.0056442439
WHG,1991-Q2,0120-0150,R-3,0.0208186259
COD,1991-Q3,0100-0120,R-7,0.1011101589
COD,1991-Q3,0200-0250,R-7,0.1780027544
COD,1991-Q3,0250-0300,R-7,0.2215614072
COD,1991-Q3,0300-0350,R-7,0.1338224454
COD,1991-Q3,0350-0400,R-7,0.0777653984
COD,1991-Q3,0400-0500,R-7,0.1848158924
COD,1991-Q3,0500-0600,R-7,0.2359986456
COD,1991-Q3,0600-0700,R-7,0.1692045161
COD,1991-Q3,0700-0800,R-7,0.1014176026
COD,1991-Q3,0100-0120,R-3,6.437979e-4
COD,1991-Q3,0100-0120,R-2,0.4408999287
COD,1991-Q3,0100-0120,R-1,0.0401650569
COD,1991-Q3,0100-0120,R-6,0.41596123
COD,1991-Q3,0120-0150,R-4,0.0039017964
COD,1991-Q3,0120-0150,R-2,0.2698742506
COD,1991-Q3,0120-0150,R-1,0.0171298378
COD,1991-Q3,0150-0200,R-4,1
COD,1991-Q3,0150-0200,R-7,0
COD,1991-Q3,0200-0250,R-4,0.2006782645
COD,1991-Q3,0200-0250,R-3,0.1087857598
COD,1991-Q3,0200-0250,R-1,0.1530596933
COD,1991-Q3,0200-0250,R-2,0.0623576528
COD,1991-Q3,0200-0250,R-6,0.2971158752
COD,1991-Q3,0250-0300,R-3,0.2708707618
COD,1991-Q3,0250-0300,R-4,0.0540124824
COD,1991-Q3,0250-0300,R-2,0.1032483506
COD,1991-Q3,0250-0300,R-1,0.1149344759
COD,1991-Q3,0250-0300,R-6,0.2353725221
COD,1991-Q3,0300-0350,R-3,0.3377229041
COD,1991-Q3,0300-0350,R-4,0.0582280869
COD,1991-Q3,0300-0350,R-2,0.166001125
COD,1991-Q3,0300-0350,R-1,0.1407116478
COD,1991-Q3,0300-0350,R-5,0.0043780516
COD,1991-Q3,0300-0350,R-6,0.1591357391
COD,1991-Q3,0350-0400,R-4,0.1347203381
COD,1991-Q3,0350-0400,R-3,0.1040522936
COD,1991-Q3,0350-0400,R-1,0.1839281237
COD,1991-Q3,0350-0400,R-2,0.1051475809
COD,1991-Q3,0350-0400,R-5,0.0563290612
COD,1991-Q3,0350-0400,R-6,0.3380572041
COD,1991-Q3,0400-0500,R-4,0.0331720833
COD,1991-Q3,0400-0500,R-3,0.0645276
COD,1991-Q3,0400-0500,R-2,0.2740645926
COD,1991-Q3,0400-0500,R-1,0.3519477126
COD,1991-Q3,0400-0500,R-5,0.0270792516
COD,1991-Q3,0400-0500,R-6,0.0643928675
COD,1991-Q3,0500-0600,R-4,0.03593888
COD,1991-Q3,0500-0600,R-3,0.0443845168
COD,1991-Q3,0500-0600,R-1,0.4536187907
COD,1991-Q3,0500-0600,R-2,0.1988618029
COD,1991-Q3,0500-0600,R-5,0.0102682514
COD,1991-Q3,0600-0700,R-1,0.627884354
COD,1991-Q3,0600-0700,R-5,0.0805735791
COD,1991-Q3,0600-0700,R-2,0.0993740809
COD,1991-Q3,0700-0800,R-1,0.6616880173
COD,1991-Q3,0700-0800,R-5,0.0482940965
COD,1991-Q3,0700-0800,R-2,0.0845146689
COD,1991-Q3,0700-0800,R-6,0.0328115773
COD,1991-Q3,0800-1000,R-1,0.4524256385
COD,1991-Q3,0800-1000,R-2,0.231087439
COD,1991-Q3,0800-1000,R-4,0.0936840969
COD,1991-Q3,0120-0150,R-6,0.4847408226
COD,1991-Q3,0120-0150,R-7,0.2243532926
COD,1991-Q3,0500-0600,R-6,0.0209291125
COD,1991-Q3,0700-0800,R-3,0.0374681698
COD,1991-Q3,0800-1000,R-5,0
COD,1991-Q3,0800-1000,R-6,0.0363714729
COD,1991-Q3,0800-1000,R-7,0.1686313744
COD,1991-Q3,1000-1200,R-7,0
COD,1991-Q3,0150-0200,R-1,0
COD,1991-Q3,0700-0800,R-4,0.0338058675
COD,1991-Q3,1000-1200,R-2,0.6255201109
COD,1991-Q3,0150-0200,R-2,0
GUR,1991-Q3,0150-0200,R-2,0.1171010962
GUR,1991-Q3,0150-0200,R-7,0.2151911879
GUR,1991-Q3,0200-0250,R-2,0.1748305883
GUR,1991-Q3,0200-0250,R-7,0.1412454854
GUR,1991-Q3,0250-0300,R-2,0.1381424624
GUR,1991-Q3,0250-0300,R-7,0.0735102564
GUR,1991-Q3,0100-0120,R-3,0.7348533521
GUR,1991-Q3,0100-0120,R-6,0.0228680715
GUR,1991-Q3,0120-0150,R-3,0.2510460094
GUR,1991-Q3,0120-0150,R-6,0.3199929644
GUR,1991-Q3,0150-0200,R-3,0.2278922186
GUR,1991-Q3,0150-0200,R-1,0.0581424168
GUR,1991-Q3,0150-0200,R-4,0.0562960859
GUR,1991-Q3,0150-0200,R-6,0.282582177
GUR,1991-Q3,0150-0200,R-5,0.0427948175
GUR,1991-Q3,0200-0250,R-3,0.0785410502
GUR,1991-Q3,0200-0250,R-1,0.102846865
GUR,1991-Q3,0200-0250,R-4,0.1002857523
GUR,1991-Q3,0200-0250,R-6,0.3026800762
GUR,1991-Q3,0200-0250,R-5,0.0995701827
GUR,1991-Q3,0250-0300,R-3,0.0558677948
GUR,1991-Q3,0250-0300,R-1,0.1570446386
GUR,1991-Q3,0250-0300,R-4,0.0790643646
GUR,1991-Q3,0250-0300,R-6,0.310961281
GUR,1991-Q3,0300-0350,R-3,0.0558517491
GUR,1991-Q3,0300-0350,R-1,0.1906587765
GUR,1991-Q3,0300-0350,R-4,0.0531196821
GUR,1991-Q3,0300-0350,R-2,0.1319899875
GUR,1991-Q3,0300-0350,R-6,0.4054744158
GUR,1991-Q3,0350-0400,R-4,0.0453726277
GUR,1991-Q3,0350-0400,R-3,0.0416345419
GUR,1991-Q3,0350-0400,R-6,0.413215002
GUR,1991-Q3,0350-0400,R-1,0.2817375014
GUR,1991-Q3,0350-0400,R-2,0.11160616
GUR,1991-Q3,0400-0500,R-2,0.2683540036
GUR,1991-Q3,0250-0300,R-5,0.1854092022
GUR,1991-Q3,0120-0150,R-4,0.228537489
GUR,1991-Q3,0300-0350,R-7,0.0474606251
GUR,1991-Q3,0350-0400,R-7,0.0375650002
HAD,1991-Q3,0300-0350,R-1,0.2851549349
HAD,1991-Q3,0120-0150,R-2,0.2809940258
HAD,1991-Q3,0200-0250,R-2,0.1779994045
HAD,1991-Q3,0300-0350,R-2,0.2361489581
HAD,1991-Q3,0350-0400,R-2,0.1931384578
HAD,1991-Q3,0400-0500,R-2,0.0817158382
HAD,1991-Q3,0150-0200,R-7,0.0230835277
HAD,1991-Q3,0200-0250,R-7,0.0135056895
HAD,1991-Q3,0250-0300,R-7,0.0447639682
HAD,1991-Q3,0300-0350,R-7,0.1486375193
HAD,1991-Q3,0350-0400,R-7,0.291187297
HAD,1991-Q3,0400-0500,R-7,0.5291598788
HAD,1991-Q3,0500-0600,R-2,0.0134725497
HAD,1991-Q3,0120-0150,R-7,0.1006217108
HAD,1991-Q3,0300-0350,R-3,0.2939416883
HAD,1991-Q3,0350-0400,R-3,0.1424371466
HAD,1991-Q3,0400-0500,R-3,0.0837836475
HAD,1991-Q3,0120-0150,R-3,0.1190764708
HAD,1991-Q3,0150-0200,R-3,0.2034556479
HAD,1991-Q3,0200-0250,R-3,0.3005696444
HAD,1991-Q3,0250-0300,R-3,0.3593504387
HAD,1991-Q3,0500-0600,R-3,0.0063994611
HAD,1991-Q3,0150-0200,R-2,0.3790828208
HAD,1991-Q3,0120-0150,R-1,0.4973291862
HAD,1991-Q3,0400-0500,R-1,0.2903926164
HAD,1991-Q3,0200-0250,R-1,0.4225986183
HAD,1991-Q3,0250-0300,R-1,0.2297903804
HAD,1991-Q3,0350-0400,R-1,0.3371346084
HAD,1991-Q3,0500-0600,R-1,0.4546985517
HAD,1991-Q3,0150-0200,R-1,0.3807843708
HAD,1991-Q3,0250-0300,R-2,0.3121229501
HAD,1991-Q3,0500-0600,R-7,0.5254294375
HAD,1991-Q3,0600-0700,R-1,0.5257623556
HAD,1991-Q3,0300-0350,R-6,0.0010243727
HAD,1991-Q3,0600-0700,R-3,0.0910153055
MAC,1991-Q3,0200-0250,R-1,0
MAC,1991-Q3,0200-0250,R-2,0
MAC,1991-Q3,0200-0250,R-7,0
MAC,1991-Q3,0250-0300,R-2,0.0055548311
MAC,1991-Q3,0250-0300,R-1,0.0063668757
MAC,1991-Q3,0250-0300,R-7,0.0360712447
MAC,1991-Q3,0300-0350,R-2,0.0231979745
MAC,1991-Q3,0300-0350,R-1,0.0887134494
MAC,1991-Q3,0300-0350,R-7,0.0202209947
MAC,1991-Q3,0350-0400,R-2,0.0061583418
MAC,1991-Q3,0350-0400,R-1,0.0486468803
MAC,1991-Q3,0350-0400,R-7,0.0119697347
MAC,1991-Q3,0400-0500,R-2,0.0011270681
MAC,1991-Q3,0400-0500,R-1,0.0235034926
MAC,1991-Q3,0200-0250,R-6,0.9546727103
MAC,1991-Q3,0250-0300,R-6,0.8447179476
MAC,1991-Q3,0300-0350,R-4,0.007189687
MAC,1991-Q3,0300-0350,R-3,0.0316964092
MAC,1991-Q3,0300-0350,R-6,0.770003584
MAC,1991-Q3,0300-0350,R-5,0.0589779012
MAC,1991-Q3,0350-0400,R-4,0.0172607043
MAC,1991-Q3,0350-0400,R-3,0.015903267
MAC,1991-Q3,0350-0400,R-6,0.8970872247
MAC,1991-Q3,0400-0500,R-6,0.942958182
MAC,1991-Q3,0250-0300,R-3,0.0028723399
MAC,1991-Q3,0400-0500,R-7,0.0270496336
MAC,1991-Q3,0400-0500,R-3,0.0021414293
RAJ,1991-Q3,0400-0500,R-2,0.395599971
RAJ,1991-Q3,0400-0500,R-7,0.0717429698
RAJ,1991-Q3,0200-0250,R-2,0.3336807741
RAJ,1991-Q3,0250-0300,R-1,0.5136974172
RAJ,1991-Q3,0150-0200,R-2,0.3278069714
RAJ,1991-Q3,0300-0350,R-1,0.590082147
RAJ,1991-Q3,0150-0200,R-1,0.4088646952
RAJ,1991-Q3,0400-0500,R-1,0.2593784294
RAJ,1991-Q3,0350-0400,R-1,0.5412736727
RAJ,1991-Q3,0500-0600,R-1,0.2313725201
RAJ,1991-Q3,0200-0250,R-3,0.1024847178
RAJ,1991-Q3,0120-0150,R-1,0.3511915427
RAJ,1991-Q3,0200-0250,R-1,0.3843176916
RAJ,1991-Q3,0250-0300,R-3,0.1160678489
RAJ,1991-Q3,0250-0300,R-2,0.2720074575
RAJ,1991-Q3,0300-0350,R-3,0.1005688177
RAJ,1991-Q3,0350-0400,R-3,0.0912591107
RAJ,1991-Q3,0150-0200,R-3,0.03699252
RAJ,1991-Q3,0120-0150,R-3,0.0741404368
RAJ,1991-Q3,0400-0500,R-3,0.0996123543
RAJ,1991-Q3,0300-0350,R-2,0.2130441001
RAJ,1991-Q3,0150-0200,R-4,0.1873963186
RAJ,1991-Q3,0300-0350,R-4,0.0727800655
RAJ,1991-Q3,0350-0400,R-4,0.073663098
RAJ,1991-Q3,0200-0250,R-4,0.1390623226
RAJ,1991-Q3,0250-0300,R-4,0.0649063628
RAJ,1991-Q3,0400-0500,R-4,0.1005436332
RAJ,1991-Q3,0350-0400,R-2,0.2346889052
RAJ,1991-Q3,0350-0400,R-6,0
RAJ,1991-Q3,0400-0500,R-6,0.0455291924
RAJ,1991-Q3,0250-0300,R-7,0.0333209135
RAJ,1991-Q3,0300-0350,R-7,0.0235248696
RAJ,1991-Q3,0350-0400,R-7,0.0591152134
RAJ,1991-Q3,0500-0600,R-7,0.086764695
RAJ,1991-Q3,0200-0250,R-7,0.0404544939
RAJ,1991-Q3,0150-0200,R-7,0.0389394948
RAJ,1991-Q3,0500-0600,R-2,0.6345037222
WHG,1991-Q3,0100-0120,R-7,0.5025650182
WHG,1991-Q3,0120-0150,R-7,0.2526620052
WHG,1991-Q3,0150-0200,R-2,0.0027114229
WHG,1991-Q3,0150-0200,R-7,0.1062271635
WHG,1991-Q3,0200-0250,R-2,0.0428652887
WHG,1991-Q3,0200-0250,R-7,0.0647521721
WHG,1991-Q3,0250-0300,R-1,0.1706070064
WHG,1991-Q3,0250-0300,R-7,0.0337200322
WHG,1991-Q3,0300-0350,R-1,0.4516794166
WHG,1991-Q3,0300-0350,R-7,0.0521751086
WHG,1991-Q3,0350-0400,R-7,0.0461063823
WHG,1991-Q3,0400-0500,R-7,0
WHG,1991-Q3,0100-0120,R-1,0.1204628222
WHG,1991-Q3,0100-0120,R-3,0.1453213376
WHG,1991-Q3,0100-0120,R-2,0.1054049695
WHG,1991-Q3,0100-0120,R-5,3.49776e-5
WHG,1991-Q3,0100-0120,R-4,7.83498e-4
WHG,1991-Q3,0100-0120,R-6,0.1254273769
WHG,1991-Q3,0120-0150,R-3,0.2666159372
WHG,1991-Q3,0120-0150,R-1,0.2256262493
WHG,1991-Q3,0120-0150,R-2,0.166554926
WHG,1991-Q3,0120-0150,R-6,0.0877442229
WHG,1991-Q3,0150-0200,R-3,0.0240258589
WHG,1991-Q3,0150-0200,R-4,0.0462998463
WHG,1991-Q3,0150-0200,R-1,0.0031006925
WHG,1991-Q3,0150-0200,R-5,0.04295599
WHG,1991-Q3,0150-0200,R-6,0.7746790259
WHG,1991-Q3,0200-0250,R-3,0.1474023776
WHG,1991-Q3,0200-0250,R-1,0.004525346
WHG,1991-Q3,0200-0250,R-4,0.1775635128
WHG,1991-Q3,0200-0250,R-5,0.0687107021
WHG,1991-Q3,0200-0250,R-6,0.4941806007
WHG,1991-Q3,0250-0300,R-3,0.2439889164
WHG,1991-Q3,0250-0300,R-4,0.0873278084
WHG,1991-Q3,0250-0300,R-2,0.0897176802
WHG,1991-Q3,0250-0300,R-5,0.0532170246
WHG,1991-Q3,0250-0300,R-6,0.3214215317
WHG,1991-Q3,0300-0350,R-3,0.1056787117
WHG,1991-Q3,0300-0350,R-4,0.0585419602
WHG,1991-Q3,0300-0350,R-2,0.1176902871
WHG,1991-Q3,0300-0350,R-5,0.0373269964
WHG,1991-Q3,0300-0350,R-6,0.1769075194
WHG,1991-Q3,0350-0400,R-1,0.5566502249
WHG,1991-Q3,0350-0400,R-3,0.0495643609
WHG,1991-Q3,0350-0400,R-4,0.0376131013
WHG,1991-Q3,0350-0400,R-2,0.0740128768
WHG,1991-Q3,0350-0400,R-5,0.1265325528
WHG,1991-Q3,0350-0400,R-6,0.1095205009
WHG,1991-Q3,0400-0500,R-3,0.0115547839
WHG,1991-Q3,0400-0500,R-6,0.1613376947
WHG,1991-Q3,0400-0500,R-1,0.5606814266
WHG,1991-Q3,0400-0500,R-2,0.028380171
COD,1991-Q4,0100-0120,R-2,0.2550289151
COD,1991-Q4,0100-0120,R-7,0.2577065274
COD,1991-Q4,0100-0120,R-6,0.2600016237
COD,1991-Q4,0120-0150,R-3,0.0035792643
COD,1991-Q4,0120-0150,R-2,0.0510202145
COD,1991-Q4,0120-0150,R-1,0.0277527541
COD,1991-Q4,0120-0150,R-7,0.1365047349
COD,1991-Q4,0120-0150,R-6,0.7730582905
COD,1991-Q4,0150-0200,R-2,0.012668688000000001
COD,1991-Q4,0150-0200,R-1,0.0018744487
COD,1991-Q4,0150-0200,R-7,0.0780168432
COD,1991-Q4,0150-0200,R-6,0.9033981054
COD,1991-Q4,0200-0250,R-2,0.0038390496
COD,1991-Q4,0200-0250,R-6,0.6624919932
COD,1991-Q4,0200-0250,R-7,0.2640084881
COD,1991-Q4,0250-0300,R-2,0.0818508034
COD,1991-Q4,0250-0300,R-1,0.4015612721
COD,1991-Q4,0250-0300,R-6,0.0947746144
COD,1991-Q4,0300-0350,R-3,0.0561902256
COD,1991-Q4,0300-0350,R-1,0.4617134545
COD,1991-Q4,0300-0350,R-2,0.2066645517
COD,1991-Q4,0300-0350,R-7,0.0974960537
COD,1991-Q4,0350-0400,R-3,0.1158017432
COD,1991-Q4,0350-0400,R-1,0.4091279966
COD,1991-Q4,0350-0400,R-2,0.1161721472
COD,1991-Q4,0350-0400,R-6,0.243153355
COD,1991-Q4,0400-0500,R-1,0.4110579464
COD,1991-Q4,0400-0500,R-2,0.1442997448
COD,1991-Q4,0500-0600,R-1,0.5938465135
COD,1991-Q4,0500-0600,R-2,0.1791536957
COD,1991-Q4,0600-0700,R-1,0.7423427797
COD,1991-Q4,0600-0700,R-2,0.1054341919
COD,1991-Q4,0700-0800,R-1,0.6335157911
COD,1991-Q4,0700-0800,R-7,0.07442703
COD,1991-Q4,0800-1000,R-1,0.7054079371
COD,1991-Q4,0800-1000,R-7,0.057574996
COD,1991-Q4,1000-1200,R-2,0.498630137
COD,1991-Q4,1000-1200,R-7,0.2045662101
COD,1991-Q4,0100-0120,R-1,0.2153994717
COD,1991-Q4,0150-0200,R-5,0.0027147188
COD,1991-Q4,0200-0250,R-4,0.0035191288
COD,1991-Q4,0250-0300,R-3,0.0163701607
COD,1991-Q4,0300-0350,R-4,0.0271093194
COD,1991-Q4,0300-0350,R-5,0.0264051812
COD,1991-Q4,0300-0350,R-6,0.1244212139
COD,1991-Q4,0350-0400,R-5,0.0681879994
COD,1991-Q4,0350-0400,R-7,0.0475567586
COD,1991-Q4,0400-0500,R-3,0.0500468162
COD,1991-Q4,0400-0500,R-4,0.132274766
COD,1991-Q4,0400-0500,R-6,0.2197708018
COD,1991-Q4,0500-0600,R-3,0.0283660018
COD,1991-Q4,0500-0600,R-4,0.0821121105
COD,1991-Q4,0500-0600,R-5,0.0419891474
COD,1991-Q4,0600-0700,R-5,0.0376550685
COD,1991-Q4,0120-0150,R-5,0.0011773896
COD,1991-Q4,0150-0200,R-4,0.0013271959
COD,1991-Q4,0400-0500,R-5,0.017178541
COD,1991-Q4,0500-0600,R-6,0.064196741
COD,1991-Q4,0600-0700,R-6,0.0911252659
COD,1991-Q4,0700-0800,R-5,0.0503933016
COD,1991-Q4,0700-0800,R-2,0.1007866031
COD,1991-Q4,0700-0800,R-6,0.1068337993
COD,1991-Q4,0800-1000,R-2,0.1039548539
COD,1991-Q4,0800-1000,R-6,0.081084786
COD,1991-Q4,0200-0250,R-3,0.0510593597
COD,1991-Q4,0200-0250,R-1,0.0102831686
COD,1991-Q4,0700-0800,R-3,0.0340434748
COD,1991-Q4,0800-1000,R-3,0
COD,1991-Q4,1000-1200,R-1,0.2968036529
GUR,1991-Q4,0150-0200,R-3,0.121552433
GUR,1991-Q4,0150-0200,R-2,0.5016079707
GUR,1991-Q4,0150-0200,R-6,0.1652314517
GUR,1991-Q4,0200-0250,R-3,0.0875260191
GUR,1991-Q4,0200-0250,R-2,0.4733855416
GUR,1991-Q4,0250-0300,R-3,0.0644364444
GUR,1991-Q4,0250-0300,R-2,0.5522359004
GUR,1991-Q4,0300-0350,R-2,0.5586432191
GUR,1991-Q4,0350-0400,R-2,0.3854424593
GUR,1991-Q4,0100-0120,R-5,0.0099533719
GUR,1991-Q4,0150-0200,R-1,0.0598841157
GUR,1991-Q4,0150-0200,R-4,0.0621935795
GUR,1991-Q4,0150-0200,R-5,0.0691254915
GUR,1991-Q4,0200-0250,R-1,0.1461744261
GUR,1991-Q4,0200-0250,R-4,0.1007196055
GUR,1991-Q4,0200-0250,R-5,0.083419906
GUR,1991-Q4,0200-0250,R-6,0.0948206264
GUR,1991-Q4,0250-0300,R-4,0.0816407998
GUR,1991-Q4,0250-0300,R-1,0.1771133053
GUR,1991-Q4,0250-0300,R-5,0.077569068
GUR,1991-Q4,0300-0350,R-1,0.2896663911
GUR,1991-Q4,0350-0400,R-1,0.5169037119
GUR,1991-Q4,0080-0100,R-6,0.8513566827
GUR,1991-Q4,0100-0120,R-6,0.611839624
GUR,1991-Q4,0100-0120,R-7,0.3235750711
GUR,1991-Q4,0120-0150,R-4,0.023830521
GUR,1991-Q4,0120-0150,R-5,0.0758243851
GUR,1991-Q4,0120-0150,R-6,0.3395148349
GUR,1991-Q4,0120-0150,R-7,0.187493025
GUR,1991-Q4,0150-0200,R-7,0.0204049579
GUR,1991-Q4,0200-0250,R-7,0.0139538752
GUR,1991-Q4,0250-0300,R-6,0.0399199499
GUR,1991-Q4,0300-0350,R-4,0.0375364212
GUR,1991-Q4,0300-0350,R-6,0.056856638
GUR,1991-Q4,0350-0400,R-6,0.0734642729
GUR,1991-Q4,0400-0500,R-6,0
GUR,1991-Q4,0400-0500,R-2,0.4587572417
HAD,1991-Q4,0120-0150,R-3,0.0539401343
HAD,1991-Q4,0120-0150,R-2,0.0971267541
HAD,1991-Q4,0120-0150,R-1,0.8272739984
HAD,1991-Q4,0150-0200,R-3,0.1585037479
HAD,1991-Q4,0150-0200,R-2,0.3850488984
HAD,1991-Q4,0150-0200,R-7,0.1678941313
HAD,1991-Q4,0200-0250,R-3,0.572499747
HAD,1991-Q4,0200-0250,R-2,0.1021518586
HAD,1991-Q4,0200-0250,R-7,0.0529061087
HAD,1991-Q4,0250-0300,R-3,0.3659257858
HAD,1991-Q4,0250-0300,R-2,0.3043216608
HAD,1991-Q4,0250-0300,R-7,0.0189970907
HAD,1991-Q4,0300-0350,R-3,0.1963490445
HAD,1991-Q4,0300-0350,R-2,0.2567792961
HAD,1991-Q4,0300-0350,R-1,0.455508402
HAD,1991-Q4,0300-0350,R-7,0.0281056398
HAD,1991-Q4,0350-0400,R-3,0.2177394801
HAD,1991-Q4,0350-0400,R-2,0.2176129776
HAD,1991-Q4,0350-0400,R-1,0.5270285423
HAD,1991-Q4,0350-0400,R-7,0.0019108064
HAD,1991-Q4,0400-0500,R-2,0.2491019375
HAD,1991-Q4,0400-0500,R-1,0.533316648
HAD,1991-Q4,0500-0600,R-1,0.8122814728
HAD,1991-Q4,0500-0600,R-2,0.131329498
HAD,1991-Q4,0600-0700,R-2,0.0826333712
HAD,1991-Q4,0150-0200,R-1,0.2878363432
HAD,1991-Q4,0200-0250,R-1,0.2598187728
HAD,1991-Q4,0250-0300,R-1,0.260120824
HAD,1991-Q4,0400-0500,R-3,0.1932895589
HAD,1991-Q4,0600-0700,R-1,0.8410896709
HAD,1991-Q4,0250-0300,R-6,1.622616e-4
HAD,1991-Q4,0350-0400,R-6,0.0015525302
HAD,1991-Q4,0120-0150,R-7,0.0212669267
HAD,1991-Q4,0500-0600,R-7,0.0110206572
HAD,1991-Q4,0600-0700,R-7,0.076276958
MAC,1991-Q4,0250-0300,R-3,0.9563301986
MAC,1991-Q4,0300-0350,R-3,0.879168138
MAC,1991-Q4,0350-0400,R-3,0.6104210887
MAC,1991-Q4,0150-0200,R-5,0.3605769231
MAC,1991-Q4,0250-0300,R-6,0.0402060955
MAC,1991-Q4,0300-0350,R-1,0.0974247087
MAC,1991-Q4,0300-0350,R-6,0.0229342178
MAC,1991-Q4,0350-0400,R-1,0.2134633057
MAC,1991-Q4,0350-0400,R-6,0.1761156057
MAC,1991-Q4,0400-0500,R-1,0.4409310441
MAC,1991-Q4,0400-0500,R-6,0.1117783903
MAC,1991-Q4,0150-0200,R-2,0.2019230769
MAC,1991-Q4,0150-0200,R-6,0.4375
MAC,1991-Q4,0200-0250,R-6,0.5288855125
MAC,1991-Q4,0250-0300,R-1,0.0029366202
RAJ,1991-Q4,0150-0200,R-2,0.421659162
RAJ,1991-Q4,0350-0400,R-2,0.2368346382
RAJ,1991-Q4,0200-0250,R-2,0.3280619112
RAJ,1991-Q4,0300-0350,R-7,0.0385933405
RAJ,1991-Q4,0300-0350,R-2,0.2263189723
RAJ,1991-Q4,0250-0300,R-2,0.2908569092
RAJ,1991-Q4,0350-0400,R-6,0.0746972257
RAJ,1991-Q4,0350-0400,R-3,0.1587968994
RAJ,1991-Q4,0350-0400,R-7,0.0181084184
RAJ,1991-Q4,0250-0300,R-3,0.0474937701
RAJ,1991-Q4,0200-0250,R-3,0.2301480485
RAJ,1991-Q4,0300-0350,R-1,0.3087467243
RAJ,1991-Q4,0350-0400,R-1,0.4413926973
RAJ,1991-Q4,0200-0250,R-1,0.3936742934
RAJ,1991-Q4,0250-0300,R-1,0.2437180308
RAJ,1991-Q4,0350-0400,R-4,0.0248990752
RAJ,1991-Q4,0250-0300,R-4,0.1985850621
RAJ,1991-Q4,0300-0350,R-4,0.271225421
RAJ,1991-Q4,0200-0250,R-4,0.048115747
RAJ,1991-Q4,0250-0300,R-7,0.1299829498
RAJ,1991-Q4,0120-0150,R-2,0.7117437722
RAJ,1991-Q4,0300-0350,R-3,0.1551155418
RAJ,1991-Q4,0250-0300,R-6,0.089363278
WHG,1991-Q4,0100-0120,R-2,0.3217189241
WHG,1991-Q4,0100-0120,R-7,0.0606457298
WHG,1991-Q4,0100-0120,R-6,0.0876315144
WHG,1991-Q4,0120-0150,R-3,0.2375567498
WHG,1991-Q4,0120-0150,R-2,0.3084408082
WHG,1991-Q4,0120-0150,R-1,0.170210692
WHG,1991-Q4,0120-0150,R-7,0.0730225662
WHG,1991-Q4,0120-0150,R-6,0.1225170265
WHG,1991-Q4,0150-0200,R-3,0.1509919805
WHG,1991-Q4,0150-0200,R-1,0.1192571356
WHG,1991-Q4,0150-0200,R-2,0.2511029165
WHG,1991-Q4,0150-0200,R-7,0.096157734
WHG,1991-Q4,0150-0200,R-6,0.3173540965
WHG,1991-Q4,0200-0250,R-3,0.187619873
WHG,1991-Q4,0200-0250,R-2,0.0606843978
WHG,1991-Q4,0200-0250,R-1,0.0198649974
WHG,1991-Q4,0200-0250,R-7,0.0211139102
WHG,1991-Q4,0200-0250,R-6,0.3046717487
WHG,1991-Q4,0250-0300,R-3,0.2599477754
WHG,1991-Q4,0250-0300,R-2,0.1090025477
WHG,1991-Q4,0250-0300,R-1,0.1537773945
WHG,1991-Q4,0250-0300,R-7,0.0123633891
WHG,1991-Q4,0250-0300,R-6,0.1587539029
WHG,1991-Q4,0300-0350,R-3,0.140254303
WHG,1991-Q4,0300-0350,R-2,0.1041537234
WHG,1991-Q4,0300-0350,R-1,0.5744917617
WHG,1991-Q4,0300-0350,R-7,0.0086165358
WHG,1991-Q4,0300-0350,R-6,0.0702257175
WHG,1991-Q4,0350-0400,R-1,0.7189995618
WHG,1991-Q4,0350-0400,R-2,0.0414578568
WHG,1991-Q4,0350-0400,R-7,0.0247051688
WHG,1991-Q4,0400-0500,R-1,0.4279330455
WHG,1991-Q4,0400-0500,R-7,0
WHG,1991-Q4,0100-0120,R-3,0.2366361449
WHG,1991-Q4,0100-0120,R-4,0.0425253261
WHG,1991-Q4,0100-0120,R-1,0.1951824809
WHG,1991-Q4,0100-0120,R-5,0.0556598798
WHG,1991-Q4,0120-0150,R-4,0.0518160879
WHG,1991-Q4,0120-0150,R-5,0.0364360694
WHG,1991-Q4,0150-0200,R-4,0.035736553
WHG,1991-Q4,0150-0200,R-5,0.0293995839
WHG,1991-Q4,0200-0250,R-4,0.3568851559
WHG,1991-Q4,0200-0250,R-5,0.049159917
WHG,1991-Q4,0250-0300,R-4,0.2542375273
WHG,1991-Q4,0250-0300,R-5,0.0519174631
WHG,1991-Q4,0300-0350,R-5,0.0676911626
WHG,1991-Q4,0350-0400,R-3,0.0367260634
WHG,1991-Q4,0350-0400,R-5,0.1023326844
WHG,1991-Q4,0350-0400,R-6,0.0642334389
WHG,1991-Q4,0400-0500,R-2,0.5036734076
WHG,1991-Q4,0300-0350,R-4,0.0345667961
WHG,1991-Q4,0400-0500,R-6,0.0286298568
WHG,1991-Q1,0350-0400,R-5,0.0230928654
WHG,1991-Q1,0400-0500,R-7,0.0126587359
COD,1987-Q1,0700-0800,R-5,0.1945958846
GUR,1991-Q2,0350-0400,R-1,0.0443329396
GUR,1990-Q1,0200-0250,R-5,0.0076348747
GUR,1990-Q2,0080-0100,R-2,0.4695274008
GUR,1990-Q2,0120-0150,R-2,0.0951804461
RAJ,1991-Q1,0500-0600,R-3,0.0097589076
MAC,1991-Q2,0400-0500,R-5,0.0194167443
RAJ,1991-Q2,0300-0350,R-7,0.0246030912
RAJ,1991-Q2,0150-0200,R-1,0.0584414877
RAJ,1991-Q2,0200-0250,R-6,0
GUR,1991-Q3,0400-0500,R-1,0.3927726779
GUR,1991-Q3,0400-0500,R-6,0.2382230277
GUR,1991-Q4,0250-0300,R-7,0.0070845322
RAJ,1991-Q4,0350-0400,R-5,0.0452710459
COD,1991-Q1,0250-0300,R-7,0.1376049627
COD,1981-Q4,0200-0250,R-1,0.0102831686
