"Species","Species.n","Year","label","SSB","Rec","used","model","alfa","beta","std","info1","info2","incl"
"Cod",16,1974,"2020",182.381,8.7171,TRUE,100,4.833487,107000,0.5228472,0,0,FALSE
"Cod",16,1975,"2020",169.51,5.15028,TRUE,100,4.833487,107000,0.5228472,0,0,FALSE
"Cod",16,1976,"2020",152.664,17.5686,TRUE,100,4.833487,107000,0.5228472,0,0,FALSE
"Cod",16,1977,"2020",124.134,9.04124,TRUE,100,4.833487,107000,0.5228472,0,0,FALSE
"Cod",16,1978,"2020",119.212,15.3795,TRUE,100,4.833487,107000,0.5228472,0,0,FALSE
"Cod",16,1979,"2020",113.896,7.94022,TRUE,100,4.833487,107000,0.5228472,0,0,FALSE
"Cod",16,1980,"2020",127.389,9.17323,TRUE,100,4.833487,107000,0.5228472,0,0,FALSE
"Cod",16,1981,"2020",132.241,30.5688,TRUE,100,4.833487,107000,0.5228472,0,0,FALSE
"Cod",16,1982,"2020",124.49,10.8217,TRUE,100,4.833487,107000,0.5228472,0,0,FALSE
"Cod",16,1983,"2020",107.75,10.4801,TRUE,100,4.833487,107000,0.5228472,0,0,FALSE
"Cod",16,1984,"2020",94.3072,10.4303,TRUE,100,4.833487,107000,0.5228472,0,0,FALSE
"Cod",16,1985,"2020",97.2804,8.47313,TRUE,100,4.833487,107000,0.5228472,0,0,FALSE
"Cod",16,1986,"2020",84.6659,6.68529,TRUE,100,4.833487,107000,0.5228472,0,0,FALSE
"Cod",16,1987,"2020",86.5401,5.1149,TRUE,100,4.833487,107000,0.5228472,0,0,FALSE
"Cod",16,1988,"2020",83.9937,4.07248,TRUE,100,4.833487,107000,0.5228472,0,0,TRUE
"Cod",16,1989,"2020",77.612,3.56364,TRUE,100,4.833487,107000,0.5228472,0,0,TRUE
"Cod",16,1990,"2020",74.6418,4.90097,TRUE,100,4.833487,107000,0.5228472,0,0,TRUE
"Cod",16,1991,"2020",70.6024,5.97428,TRUE,100,4.833487,107000,0.5228472,0,0,TRUE
"Cod",16,1992,"2020",67.714,4.64774,TRUE,100,4.833487,107000,0.5228472,0,0,TRUE
"Cod",16,1993,"2020",69.2958,6.81557,TRUE,100,4.833487,107000,0.5228472,0,0,TRUE
"Cod",16,1994,"2020",75.7356,6.76585,TRUE,100,4.833487,107000,0.5228472,0,0,TRUE
"Cod",16,1995,"2020",84.9008,6.15195,TRUE,100,4.833487,107000,0.5228472,0,0,TRUE
"Cod",16,1996,"2020",85.9141,8.47226,TRUE,100,4.833487,107000,0.5228472,0,0,TRUE
"Cod",16,1997,"2020",73.6771,6.29574,TRUE,100,4.833487,107000,0.5228472,0,0,TRUE
"Cod",16,1998,"2020",75.3193,7.34615,TRUE,100,4.833487,107000,0.5228472,0,0,TRUE
"Cod",16,1999,"2020",62.2831,14.0654,TRUE,100,4.833487,107000,0.5228472,0,0,TRUE
"Cod",16,2000,"2020",46.9106,4.92811,TRUE,100,4.833487,107000,0.5228472,0,0,TRUE
"Cod",16,2001,"2020",52.229,6.1959,TRUE,100,4.833487,107000,0.5228472,0,0,TRUE
"Cod",16,2002,"2020",44.7542,8.28066,TRUE,100,4.833487,107000,0.5228472,0,0,TRUE
"Cod",16,2003,"2020",42.9504,10.4503,TRUE,100,4.833487,107000,0.5228472,0,0,TRUE
"Cod",16,2004,"2020",36.2083,8.80947,TRUE,100,4.833487,107000,0.5228472,0,0,TRUE
"Cod",16,2005,"2020",36.8681,12.8546,TRUE,100,4.833487,107000,0.5228472,0,0,TRUE
"Cod",16,2006,"2020",39.7754,8.57906,TRUE,100,4.833487,107000,0.5228472,0,0,TRUE
"Cod",16,2007,"2020",48.7988,9.46368,TRUE,100,4.833487,107000,0.5228472,0,0,TRUE
"Cod",16,2008,"2020",56.4051,10.7034,TRUE,100,4.833487,107000,0.5228472,0,0,TRUE
"Cod",16,2009,"2020",55.6809,6.90685,TRUE,100,4.833487,107000,0.5228472,0,0,TRUE
"Cod",16,2010,"2020",52.5174,7.04623,TRUE,100,4.833487,107000,0.5228472,0,0,TRUE
"Cod",16,2011,"2020",57.4888,13.4744,TRUE,100,4.833487,107000,0.5228472,0,0,TRUE
"Cod",16,2012,"2020",57.5206,14.5903,TRUE,100,4.833487,107000,0.5228472,0,0,TRUE
"Cod",16,2013,"2020",57.1307,13.5567,TRUE,100,4.833487,107000,0.5228472,0,0,TRUE
"Cod",16,2014,"2020",61.2846,10.2389,TRUE,100,4.833487,107000,0.5228472,0,0,TRUE
"Cod",16,2015,"2020",69.5683,8.98181,TRUE,100,4.833487,107000,0.5228472,0,0,TRUE
"Cod",16,2016,"2020",71.3236,9.71016,TRUE,100,4.833487,107000,0.5228472,0,0,TRUE
"Cod",16,2017,"2020",66.2306,4.30574,TRUE,100,4.833487,107000,0.5228472,0,0,TRUE
"Cod",16,2018,"2020",63.5317,5.05428,TRUE,100,4.833487,107000,0.5228472,0,0,TRUE
"Cod",16,2019,"2020",45.5303,5.01764,TRUE,100,4.833487,107000,0.5228472,0,0,TRUE
"Cod",16,1974,"2023",183.175,3.50556,TRUE,100,3.752686,86000,0.4710973,0,0,FALSE
"Cod",16,1975,"2023",169.285,2.2511,TRUE,100,3.752686,86000,0.4710973,0,0,FALSE
"Cod",16,1976,"2023",151.626,7.82303,TRUE,100,3.752686,86000,0.4710973,0,0,FALSE
"Cod",16,1977,"2023",120.824,4.35142,TRUE,100,3.752686,86000,0.4710973,0,0,FALSE
"Cod",16,1978,"2023",114.52,5.71204,TRUE,100,3.752686,86000,0.4710973,0,0,FALSE
"Cod",16,1979,"2023",107.554,4.64856,TRUE,100,3.752686,86000,0.4710973,0,0,FALSE
"Cod",16,1980,"2023",119.756,3.97702,TRUE,100,3.752686,86000,0.4710973,0,0,FALSE
"Cod",16,1981,"2023",123.797,14.0984,TRUE,100,3.752686,86000,0.4710973,0,0,FALSE
"Cod",16,1982,"2023",116.098,5.05785,TRUE,100,3.752686,86000,0.4710973,0,0,FALSE
"Cod",16,1983,"2023",99.7733,5.66313,TRUE,100,3.752686,86000,0.4710973,0,0,FALSE
"Cod",16,1984,"2023",88.1207,4.0529,TRUE,100,3.752686,86000,0.4710973,0,0,FALSE
"Cod",16,1985,"2023",89.7346,5.2067,TRUE,100,3.752686,86000,0.4710973,0,0,FALSE
"Cod",16,1986,"2023",77.6648,3.58011,TRUE,100,3.752686,86000,0.4710973,0,0,FALSE
"Cod",16,1987,"2023",79.1526,3.73614,TRUE,100,3.752686,86000,0.4710973,0,0,FALSE
"Cod",16,1988,"2023",76.1034,2.99106,TRUE,100,3.752686,86000,0.4710973,0,0,TRUE
"Cod",16,1989,"2023",71.1149,2.62258,TRUE,100,3.752686,86000,0.4710973,0,0,TRUE
"Cod",16,1990,"2023",68.5298,2.93439,TRUE,100,3.752686,86000,0.4710973,0,0,TRUE
"Cod",16,1991,"2023",64.8112,3.4674,TRUE,100,3.752686,86000,0.4710973,0,0,TRUE
"Cod",16,1992,"2023",64.5985,2.11731,TRUE,100,3.752686,86000,0.4710973,0,0,TRUE
"Cod",16,1993,"2023",69.3459,3.45056,TRUE,100,3.752686,86000,0.4710973,0,0,TRUE
"Cod",16,1994,"2023",71.3584,2.74349,TRUE,100,3.752686,86000,0.4710973,0,0,TRUE
"Cod",16,1995,"2023",81.8505,3.28194,TRUE,100,3.752686,86000,0.4710973,0,0,TRUE
"Cod",16,1996,"2023",91.101,5.33292,TRUE,100,3.752686,86000,0.4710973,0,0,TRUE
"Cod",16,1997,"2023",89.6503,1.69071,TRUE,100,3.752686,86000,0.4710973,0,0,TRUE
"Cod",16,1998,"2023",94.9938,2.68543,TRUE,100,3.752686,86000,0.4710973,0,0,TRUE
"Cod",16,1999,"2023",67.4352,4.95764,TRUE,100,3.752686,86000,0.4710973,0,0,TRUE
"Cod",16,2000,"2023",47.3388,1.77324,TRUE,100,3.752686,86000,0.4710973,0,0,TRUE
"Cod",16,2001,"2023",45.9979,1.88361,TRUE,100,3.752686,86000,0.4710973,0,0,TRUE
"Cod",16,2002,"2023",46.365,2.09348,TRUE,100,3.752686,86000,0.4710973,0,0,TRUE
"Cod",16,2003,"2023",34.4515,3.61327,TRUE,100,3.752686,86000,0.4710973,0,0,TRUE
"Cod",16,2004,"2023",35.1484,2.63155,TRUE,100,3.752686,86000,0.4710973,0,0,TRUE
"Cod",16,2005,"2023",36.1139,4.72323,TRUE,100,3.752686,86000,0.4710973,0,0,TRUE
"Cod",16,2006,"2023",37.8645,2.61132,TRUE,100,3.752686,86000,0.4710973,0,0,TRUE
"Cod",16,2007,"2023",45.4769,2.7179,TRUE,100,3.752686,86000,0.4710973,0,0,TRUE
"Cod",16,2008,"2023",53.2146,2.57656,TRUE,100,3.752686,86000,0.4710973,0,0,TRUE
"Cod",16,2009,"2023",55.0626,2.27768,TRUE,100,3.752686,86000,0.4710973,0,0,TRUE
"Cod",16,2010,"2023",54.2939,1.86301,TRUE,100,3.752686,86000,0.4710973,0,0,TRUE
"Cod",16,2011,"2023",65.3147,4.1361,TRUE,100,3.752686,86000,0.4710973,0,0,TRUE
"Cod",16,2012,"2023",72.0669,6.1768,TRUE,100,3.752686,86000,0.4710973,0,0,TRUE
"Cod",16,2013,"2023",72.8769,4.43878,TRUE,100,3.752686,86000,0.4710973,0,0,TRUE
"Cod",16,2014,"2023",76.4921,2.48661,TRUE,100,3.752686,86000,0.4710973,0,0,TRUE
"Cod",16,2015,"2023",85.1028,1.91304,TRUE,100,3.752686,86000,0.4710973,0,0,TRUE
"Cod",16,2016,"2023",85.632,2.71203,TRUE,100,3.752686,86000,0.4710973,0,0,TRUE
"Cod",16,2017,"2023",79.0365,1.36704,TRUE,100,3.752686,86000,0.4710973,0,0,TRUE
"Cod",16,2018,"2023",69.2416,1.30994,TRUE,100,3.752686,86000,0.4710973,0,0,TRUE
"Cod",16,2019,"2023",50.5895,1.13867,TRUE,100,3.752686,86000,0.4710973,0,0,TRUE
"Cod",16,2020,"2023",41.1514,0.92824,TRUE,100,3.752686,86000,0.4710973,0,0,TRUE
"Cod",16,2021,"2023",45.3135,1.88505,TRUE,100,3.752686,86000,0.4710973,0,0,TRUE
"Cod",16,2022,"2023",48.9199,2.16503,TRUE,100,3.752686,86000,0.4710973,0,0,TRUE
"Whiting",17,1974,"2020",381.679,39.645,TRUE,100,4.931107,119970,0.2732489,0,0,FALSE
"Whiting",17,1975,"2020",301.391,37.6751,TRUE,100,4.931107,119970,0.2732489,0,0,FALSE
"Whiting",17,1976,"2020",392.358,41.588,TRUE,100,4.931107,119970,0.2732489,0,0,FALSE
"Whiting",17,1977,"2020",376.474,33.6689,TRUE,100,4.931107,119970,0.2732489,0,0,FALSE
"Whiting",17,1978,"2020",379.243,32.422,TRUE,100,4.931107,119970,0.2732489,0,0,FALSE
"Whiting",17,1979,"2020",380.761,27.6865,TRUE,100,4.931107,119970,0.2732489,0,0,FALSE
"Whiting",17,1980,"2020",401.855,21.2412,TRUE,100,4.931107,119970,0.2732489,0,0,FALSE
"Whiting",17,1981,"2020",415.334,30.2501,TRUE,100,4.931107,119970,0.2732489,0,0,FALSE
"Whiting",17,1982,"2020",301.388,15.021,TRUE,100,4.931107,119970,0.2732489,0,0,TRUE
"Whiting",17,1983,"2020",249.171,16.4022,TRUE,100,4.931107,119970,0.2732489,0,0,TRUE
"Whiting",17,1984,"2020",194.404,17.5924,TRUE,100,4.931107,119970,0.2732489,0,0,TRUE
"Whiting",17,1985,"2020",202.824,18.4224,TRUE,100,4.931107,119970,0.2732489,0,0,TRUE
"Whiting",17,1986,"2020",207.171,23.9074,TRUE,100,4.931107,119970,0.2732489,0,0,TRUE
"Whiting",17,1987,"2020",224.638,22.7428,TRUE,100,4.931107,119970,0.2732489,0,0,TRUE
"Whiting",17,1988,"2020",225.949,26.1897,TRUE,100,4.931107,119970,0.2732489,0,0,TRUE
"Whiting",17,1989,"2020",221.544,18.3593,TRUE,100,4.931107,119970,0.2732489,0,0,TRUE
"Whiting",17,1990,"2020",241.025,15.428,TRUE,100,4.931107,119970,0.2732489,0,0,TRUE
"Whiting",17,1991,"2020",220.517,13.7157,TRUE,100,4.931107,119970,0.2732489,0,0,TRUE
"Whiting",17,1992,"2020",206.51,19.8952,TRUE,100,4.931107,119970,0.2732489,0,0,TRUE
"Whiting",17,1993,"2020",192.347,16.058,TRUE,100,4.931107,119970,0.2732489,0,0,TRUE
"Whiting",17,1994,"2020",176.14,14.449,TRUE,100,4.931107,119970,0.2732489,0,0,TRUE
"Whiting",17,1995,"2020",176.544,14.1654,TRUE,100,4.931107,119970,0.2732489,0,0,TRUE
"Whiting",17,1996,"2020",162.865,7.69549,TRUE,100,4.931107,119970,0.2732489,0,0,TRUE
"Whiting",17,1997,"2020",137.415,15.3854,TRUE,100,4.931107,119970,0.2732489,0,0,TRUE
"Whiting",17,1998,"2020",120.268,25.5304,TRUE,100,4.931107,119970,0.2732489,0,0,TRUE
"Whiting",17,1999,"2020",118.996,20.2351,TRUE,100,4.931107,119970,0.2732489,0,0,TRUE
"Whiting",17,2000,"2020",128.618,22.0644,TRUE,100,4.931107,119970,0.2732489,0,0,TRUE
"Whiting",17,2001,"2020",160.179,26.3499,TRUE,100,4.931107,119970,0.2732489,0,0,TRUE
"Whiting",17,2002,"2020",165.39,19.1926,TRUE,100,4.931107,119970,0.2732489,0,0,TRUE
"Whiting",17,2003,"2020",153.007,15.6117,TRUE,100,4.931107,119970,0.2732489,0,0,TRUE
"Whiting",17,2004,"2020",125.306,15.9565,TRUE,100,4.931107,119970,0.2732489,0,0,TRUE
"Whiting",17,2005,"2020",108.098,13.4783,TRUE,100,4.931107,119970,0.2732489,0,0,TRUE
"Whiting",17,2006,"2020",98.3716,14.8628,TRUE,100,4.931107,119970,0.2732489,0,0,TRUE
"Whiting",17,2007,"2020",94.2276,17.6621,TRUE,100,4.931107,119970,0.2732489,0,0,TRUE
"Whiting",17,2008,"2020",98.5249,15.7201,TRUE,100,4.931107,119970,0.2732489,0,0,TRUE
"Whiting",17,2009,"2020",101.376,8.4161,TRUE,100,4.931107,119970,0.2732489,0,0,TRUE
"Whiting",17,2010,"2020",126.421,15.8363,TRUE,100,4.931107,119970,0.2732489,0,0,TRUE
"Whiting",17,2011,"2020",131.348,15.687,TRUE,100,4.931107,119970,0.2732489,0,0,TRUE
"Whiting",17,2012,"2020",141.047,10.1345,TRUE,100,4.931107,119970,0.2732489,0,0,TRUE
"Whiting",17,2013,"2020",128.999,12.3955,TRUE,100,4.931107,119970,0.2732489,0,0,TRUE
"Whiting",17,2014,"2020",123.667,14.1159,TRUE,100,4.931107,119970,0.2732489,0,0,TRUE
"Whiting",17,2015,"2020",126.165,20.1393,TRUE,100,4.931107,119970,0.2732489,0,0,TRUE
"Whiting",17,2016,"2020",135.395,21.3252,TRUE,100,4.931107,119970,0.2732489,0,0,TRUE
"Whiting",17,2017,"2020",147.7,14.2589,TRUE,100,4.931107,119970,0.2732489,0,0,TRUE
"Whiting",17,2018,"2020",153.169,10.5124,TRUE,100,4.931107,119970,0.2732489,0,0,TRUE
"Whiting",17,2019,"2020",140.165,14.825,TRUE,100,4.931107,119970,0.2732489,0,0,TRUE
"Whiting",17,1974,"2023",367.882,28.642,TRUE,100,4.720076,119970,0.2904175,0,0,FALSE
"Whiting",17,1975,"2023",299.865,24.5854,TRUE,100,4.720076,119970,0.2904175,0,0,FALSE
"Whiting",17,1976,"2023",381.144,32.0675,TRUE,100,4.720076,119970,0.2904175,0,0,FALSE
"Whiting",17,1977,"2023",374.354,24.5743,TRUE,100,4.720076,119970,0.2904175,0,0,FALSE
"Whiting",17,1978,"2023",384.693,27.0444,TRUE,100,4.720076,119970,0.2904175,0,0,FALSE
"Whiting",17,1979,"2023",405.621,17.3886,TRUE,100,4.720076,119970,0.2904175,0,0,FALSE
"Whiting",17,1980,"2023",422.793,12.1833,TRUE,100,4.720076,119970,0.2904175,0,0,FALSE
"Whiting",17,1981,"2023",416.132,21.8514,TRUE,100,4.720076,119970,0.2904175,0,0,FALSE
"Whiting",17,1982,"2023",290.768,8.17435,TRUE,100,4.720076,119970,0.2904175,0,0,TRUE
"Whiting",17,1983,"2023",222.332,11.0126,TRUE,100,4.720076,119970,0.2904175,0,0,TRUE
"Whiting",17,1984,"2023",175.305,12.732,TRUE,100,4.720076,119970,0.2904175,0,0,TRUE
"Whiting",17,1985,"2023",203.111,13.6332,TRUE,100,4.720076,119970,0.2904175,0,0,TRUE
"Whiting",17,1986,"2023",207.573,16.6786,TRUE,100,4.720076,119970,0.2904175,0,0,TRUE
"Whiting",17,1987,"2023",228.709,15.6862,TRUE,100,4.720076,119970,0.2904175,0,0,TRUE
"Whiting",17,1988,"2023",255.936,19.4129,TRUE,100,4.720076,119970,0.2904175,0,0,TRUE
"Whiting",17,1989,"2023",255.668,13.7328,TRUE,100,4.720076,119970,0.2904175,0,0,TRUE
"Whiting",17,1990,"2023",309.974,11.3416,TRUE,100,4.720076,119970,0.2904175,0,0,TRUE
"Whiting",17,1991,"2023",304.84,10.7997,TRUE,100,4.720076,119970,0.2904175,0,0,TRUE
"Whiting",17,1992,"2023",303.275,14.9389,TRUE,100,4.720076,119970,0.2904175,0,0,TRUE
"Whiting",17,1993,"2023",276.517,12.4483,TRUE,100,4.720076,119970,0.2904175,0,0,TRUE
"Whiting",17,1994,"2023",255.442,12.7943,TRUE,100,4.720076,119970,0.2904175,0,0,TRUE
"Whiting",17,1995,"2023",255.296,11.6525,TRUE,100,4.720076,119970,0.2904175,0,0,TRUE
"Whiting",17,1996,"2023",241.622,6.77709,TRUE,100,4.720076,119970,0.2904175,0,0,TRUE
"Whiting",17,1997,"2023",214.098,12.8831,TRUE,100,4.720076,119970,0.2904175,0,0,TRUE
"Whiting",17,1998,"2023",190.148,21.992,TRUE,100,4.720076,119970,0.2904175,0,0,TRUE
"Whiting",17,1999,"2023",180.02,20.7361,TRUE,100,4.720076,119970,0.2904175,0,0,TRUE
"Whiting",17,2000,"2023",199.385,18.954,TRUE,100,4.720076,119970,0.2904175,0,0,TRUE
"Whiting",17,2001,"2023",248.301,22.56,TRUE,100,4.720076,119970,0.2904175,0,0,TRUE
"Whiting",17,2002,"2023",259.921,15.1565,TRUE,100,4.720076,119970,0.2904175,0,0,TRUE
"Whiting",17,2003,"2023",248.221,10.2255,TRUE,100,4.720076,119970,0.2904175,0,0,TRUE
"Whiting",17,2004,"2023",201.071,10.7764,TRUE,100,4.720076,119970,0.2904175,0,0,TRUE
"Whiting",17,2005,"2023",168.366,10.8658,TRUE,100,4.720076,119970,0.2904175,0,0,TRUE
"Whiting",17,2006,"2023",151.931,11.2117,TRUE,100,4.720076,119970,0.2904175,0,0,TRUE
"Whiting",17,2007,"2023",142.584,17.0909,TRUE,100,4.720076,119970,0.2904175,0,0,TRUE
"Whiting",17,2008,"2023",147.843,12.8913,TRUE,100,4.720076,119970,0.2904175,0,0,TRUE
"Whiting",17,2009,"2023",159.821,7.49588,TRUE,100,4.720076,119970,0.2904175,0,0,TRUE
"Whiting",17,2010,"2023",205.28,12.7263,TRUE,100,4.720076,119970,0.2904175,0,0,TRUE
"Whiting",17,2011,"2023",209.553,13.5426,TRUE,100,4.720076,119970,0.2904175,0,0,TRUE
"Whiting",17,2012,"2023",231.19,11.0679,TRUE,100,4.720076,119970,0.2904175,0,0,TRUE
"Whiting",17,2013,"2023",210.686,12.1076,TRUE,100,4.720076,119970,0.2904175,0,0,TRUE
"Whiting",17,2014,"2023",195.958,12.5527,TRUE,100,4.720076,119970,0.2904175,0,0,TRUE
"Whiting",17,2015,"2023",202.299,17.0819,TRUE,100,4.720076,119970,0.2904175,0,0,TRUE
"Whiting",17,2016,"2023",216.402,19.5055,TRUE,100,4.720076,119970,0.2904175,0,0,TRUE
"Whiting",17,2017,"2023",236.402,15.8981,TRUE,100,4.720076,119970,0.2904175,0,0,TRUE
"Whiting",17,2018,"2023",241.548,12.3626,TRUE,100,4.720076,119970,0.2904175,0,0,TRUE
"Whiting",17,2019,"2023",242.686,20.6101,TRUE,100,4.720076,119970,0.2904175,0,0,TRUE
"Whiting",17,2020,"2023",298.603,20.1652,TRUE,100,4.720076,119970,0.2904175,0,0,TRUE
"Whiting",17,2021,"2023",403.424,7.80228,TRUE,100,4.720076,119970,0.2904175,0,0,TRUE
"Whiting",17,2022,"2023",457.742,14.8907,TRUE,100,4.720076,119970,0.2904175,0,0,TRUE
"Haddock",18,1974,"2020",317.498,39.8788,TRUE,100,3.640281,94000,1.042461,0,0,FALSE
"Haddock",18,1975,"2020",143.443,3.73444,TRUE,100,3.640281,94000,1.042461,0,0,FALSE
"Haddock",18,1976,"2020",167.771,5.99486,TRUE,100,3.640281,94000,1.042461,0,0,FALSE
"Haddock",18,1977,"2020",326.366,12.5457,TRUE,100,3.640281,94000,1.042461,0,0,FALSE
"Haddock",18,1978,"2020",129.057,17.338,TRUE,100,3.640281,94000,1.042461,0,0,FALSE
"Haddock",18,1979,"2020",81.3367,33.5988,TRUE,100,3.640281,94000,1.042461,0,0,FALSE
"Haddock",18,1980,"2020",94.2847,16.1304,TRUE,100,3.640281,94000,1.042461,0,0,FALSE
"Haddock",18,1981,"2020",166.983,24.2127,TRUE,100,3.640281,94000,1.042461,0,0,FALSE
"Haddock",18,1982,"2020",388.41,13.0484,TRUE,100,3.640281,94000,1.042461,0,0,FALSE
"Haddock",18,1983,"2020",262.274,21.0239,TRUE,100,3.640281,94000,1.042461,0,0,FALSE
"Haddock",18,1984,"2020",227.174,7.55298,TRUE,100,3.640281,94000,1.042461,0,0,FALSE
"Haddock",18,1985,"2020",152.538,7.91925,TRUE,100,3.640281,94000,1.042461,0,0,FALSE
"Haddock",18,1986,"2020",253.471,16.8434,TRUE,100,3.640281,94000,1.042461,0,0,FALSE
"Haddock",18,1987,"2020",159.166,1.79857,TRUE,100,3.640281,94000,1.042461,0,0,FALSE
"Haddock",18,1988,"2020",120.186,1.56628,TRUE,100,3.640281,94000,1.042461,0,0,TRUE
"Haddock",18,1989,"2020",151.954,2.53755,TRUE,100,3.640281,94000,1.042461,0,0,TRUE
"Haddock",18,1990,"2020",68.1068,6.47863,TRUE,100,3.640281,94000,1.042461,0,0,TRUE
"Haddock",18,1991,"2020",40.0723,7.54672,TRUE,100,3.640281,94000,1.042461,0,0,TRUE
"Haddock",18,1992,"2020",39.7756,10.595,TRUE,100,3.640281,94000,1.042461,0,0,TRUE
"Haddock",18,1993,"2020",85.2097,3.52565,TRUE,100,3.640281,94000,1.042461,0,0,TRUE
"Haddock",18,1994,"2020",102.591,17.1883,TRUE,100,3.640281,94000,1.042461,0,0,TRUE
"Haddock",18,1995,"2020",134.365,7.48423,TRUE,100,3.640281,94000,1.042461,0,0,TRUE
"Haddock",18,1996,"2020",95.0544,5.11671,TRUE,100,3.640281,94000,1.042461,0,0,TRUE
"Haddock",18,1997,"2020",190.981,3.81199,TRUE,100,3.640281,94000,1.042461,0,0,TRUE
"Haddock",18,1998,"2020",134.362,2.05933,TRUE,100,3.640281,94000,1.042461,0,0,TRUE
"Haddock",18,1999,"2020",112.01,20.4327,TRUE,100,3.640281,94000,1.042461,0,0,TRUE
"Haddock",18,2000,"2020",64.528,6.26037,TRUE,100,3.640281,94000,1.042461,0,0,TRUE
"Haddock",18,2001,"2020",38.5622,1.14213,TRUE,100,3.640281,94000,1.042461,0,0,TRUE
"Haddock",18,2002,"2020",402.946,1.64357,TRUE,100,3.640281,94000,1.042461,0,0,TRUE
"Haddock",18,2003,"2020",276.641,2.01335,TRUE,100,3.640281,94000,1.042461,0,0,TRUE
"Haddock",18,2004,"2020",170.041,1.70467,TRUE,100,3.640281,94000,1.042461,0,0,TRUE
"Haddock",18,2005,"2020",105.463,12.9611,TRUE,100,3.640281,94000,1.042461,0,0,TRUE
"Haddock",18,2006,"2020",66.2557,3.11156,TRUE,100,3.640281,94000,1.042461,0,0,TRUE
"Haddock",18,2007,"2020",37.3241,1.79408,TRUE,100,3.640281,94000,1.042461,0,0,TRUE
"Haddock",18,2008,"2020",144.011,1.03921,TRUE,100,3.640281,94000,1.042461,0,0,TRUE
"Haddock",18,2009,"2020",103.293,5.65631,TRUE,100,3.640281,94000,1.042461,0,0,TRUE
"Haddock",18,2010,"2020",83.9163,0.769676,TRUE,100,3.640281,94000,1.042461,0,0,TRUE
"Haddock",18,2011,"2020",61.166,0.357525,TRUE,100,3.640281,94000,1.042461,0,0,TRUE
"Haddock",18,2012,"2020",159.5,0.879007,TRUE,100,3.640281,94000,1.042461,0,0,TRUE
"Haddock",18,2013,"2020",120.396,0.519564,TRUE,100,3.640281,94000,1.042461,0,0,TRUE
"Haddock",18,2014,"2020",78.7016,4.18965,TRUE,100,3.640281,94000,1.042461,0,0,TRUE
"Haddock",18,2015,"2020",55.3681,1.35256,TRUE,100,3.640281,94000,1.042461,0,0,TRUE
"Haddock",18,2016,"2020",30.7553,2.24272,TRUE,100,3.640281,94000,1.042461,0,0,TRUE
"Haddock",18,2017,"2020",103.651,1.21308,TRUE,100,3.640281,94000,1.042461,0,0,TRUE
"Haddock",18,2018,"2020",88.0691,1.8623,TRUE,100,3.640281,94000,1.042461,0,0,TRUE
"Haddock",18,2019,"2020",101.156,9.29692,TRUE,100,3.640281,94000,1.042461,0,0,TRUE
"Haddock",18,1974,"2023",398.445,48.4584,TRUE,3,14.76976,0,1.019098,0,0,FALSE
"Haddock",18,1975,"2023",321.233,4.41953,TRUE,3,14.76976,0,1.019098,0,0,FALSE
"Haddock",18,1976,"2023",523.555,5.05665,TRUE,3,14.76976,0,1.019098,0,0,FALSE
"Haddock",18,1977,"2023",406.07,10.9643,TRUE,3,14.76976,0,1.019098,0,0,FALSE
"Haddock",18,1978,"2023",178.633,16.7167,TRUE,3,14.76976,0,1.019098,0,0,FALSE
"Haddock",18,1979,"2023",133.753,26.8609,TRUE,3,14.76976,0,1.019098,0,0,FALSE
"Haddock",18,1980,"2023",176.636,15.7003,TRUE,3,14.76976,0,1.019098,0,0,FALSE
"Haddock",18,1981,"2023",312.712,22.0218,TRUE,3,14.76976,0,1.019098,0,0,FALSE
"Haddock",18,1982,"2023",342.402,9.93945,TRUE,3,14.76976,0,1.019098,0,0,FALSE
"Haddock",18,1983,"2023",269.629,15.2383,TRUE,3,14.76976,0,1.019098,0,0,FALSE
"Haddock",18,1984,"2023",224.695,5.1897,TRUE,3,14.76976,0,1.019098,0,0,FALSE
"Haddock",18,1985,"2023",250.312,5.79324,TRUE,3,14.76976,0,1.019098,0,0,FALSE
"Haddock",18,1986,"2023",236.368,12.3465,TRUE,3,14.76976,0,1.019098,0,0,FALSE
"Haddock",18,1987,"2023",185.603,1.80419,TRUE,3,14.76976,0,1.019098,0,0,FALSE
"Haddock",18,1988,"2023",196.648,1.30482,TRUE,3,14.76976,0,1.019098,0,0,TRUE
"Haddock",18,1989,"2023",142.642,2.55413,TRUE,3,14.76976,0,1.019098,0,0,TRUE
"Haddock",18,1990,"2023",76.8979,5.02942,TRUE,3,14.76976,0,1.019098,0,0,TRUE
"Haddock",18,1991,"2023",63.2122,7.15411,TRUE,3,14.76976,0,1.019098,0,0,TRUE
"Haddock",18,1992,"2023",100.404,10.2219,TRUE,3,14.76976,0,1.019098,0,0,TRUE
"Haddock",18,1993,"2023",175.269,4.08705,TRUE,3,14.76976,0,1.019098,0,0,TRUE
"Haddock",18,1994,"2023",213.227,16.4135,TRUE,3,14.76976,0,1.019098,0,0,TRUE
"Haddock",18,1995,"2023",194.304,8.46395,TRUE,3,14.76976,0,1.019098,0,0,TRUE
"Haddock",18,1996,"2023",247.781,6.27614,TRUE,3,14.76976,0,1.019098,0,0,TRUE
"Haddock",18,1997,"2023",226.101,3.68186,TRUE,3,14.76976,0,1.019098,0,0,TRUE
"Haddock",18,1998,"2023",190.279,1.89283,TRUE,3,14.76976,0,1.019098,0,0,TRUE
"Haddock",18,1999,"2023",140.229,17.7898,TRUE,3,14.76976,0,1.019098,0,0,TRUE
"Haddock",18,2000,"2023",104.342,6.06554,TRUE,3,14.76976,0,1.019098,0,0,TRUE
"Haddock",18,2001,"2023",359.108,1.23057,TRUE,3,14.76976,0,1.019098,0,0,TRUE
"Haddock",18,2002,"2023",424.075,1.52213,TRUE,3,14.76976,0,1.019098,0,0,TRUE
"Haddock",18,2003,"2023",262.943,1.39581,TRUE,3,14.76976,0,1.019098,0,0,TRUE
"Haddock",18,2004,"2023",178.514,1.20338,TRUE,3,14.76976,0,1.019098,0,0,TRUE
"Haddock",18,2005,"2023",120.207,8.37387,TRUE,3,14.76976,0,1.019098,0,0,TRUE
"Haddock",18,2006,"2023",90.1025,2.27096,TRUE,3,14.76976,0,1.019098,0,0,TRUE
"Haddock",18,2007,"2023",138.54,1.23744,TRUE,3,14.76976,0,1.019098,0,0,TRUE
"Haddock",18,2008,"2023",135.861,0.644455,TRUE,3,14.76976,0,1.019098,0,0,TRUE
"Haddock",18,2009,"2023",95.5592,4.24981,TRUE,3,14.76976,0,1.019098,0,0,TRUE
"Haddock",18,2010,"2023",85.8194,0.612004,TRUE,3,14.76976,0,1.019098,0,0,TRUE
"Haddock",18,2011,"2023",134.109,0.329445,TRUE,3,14.76976,0,1.019098,0,0,TRUE
"Haddock",18,2012,"2023",145.762,0.617448,TRUE,3,14.76976,0,1.019098,0,0,TRUE
"Haddock",18,2013,"2023",109.179,0.515704,TRUE,3,14.76976,0,1.019098,0,0,TRUE
"Haddock",18,2014,"2023",77.0254,3.95079,TRUE,3,14.76976,0,1.019098,0,0,TRUE
"Haddock",18,2015,"2023",61.9371,1.02097,TRUE,3,14.76976,0,1.019098,0,0,TRUE
"Haddock",18,2016,"2023",99.0691,1.64806,TRUE,3,14.76976,0,1.019098,0,0,TRUE
"Haddock",18,2017,"2023",117.805,0.836903,TRUE,3,14.76976,0,1.019098,0,0,TRUE
"Haddock",18,2018,"2023",97.3515,1.78712,TRUE,3,14.76976,0,1.019098,0,0,TRUE
"Haddock",18,2019,"2023",81.2228,6.20412,TRUE,3,14.76976,0,1.019098,0,0,TRUE
"Haddock",18,2020,"2023",93.129,8.56981,TRUE,3,14.76976,0,1.019098,0,0,TRUE
"Haddock",18,2021,"2023",208.356,3.60991,TRUE,3,14.76976,0,1.019098,0,0,TRUE
"Haddock",18,2022,"2023",352.007,3.91944,TRUE,3,14.76976,0,1.019098,0,0,TRUE
"Saithe",19,1974,"2020",572.406,0.27137,TRUE,1,2.533926,4.150826e-06,0.4285265,0,0,TRUE
"Saithe",19,1975,"2020",497.424,0.153313,TRUE,1,2.533926,4.150826e-06,0.4285265,0,0,TRUE
"Saithe",19,1976,"2020",376.534,0.183496,TRUE,1,2.533926,4.150826e-06,0.4285265,0,0,TRUE
"Saithe",19,1977,"2020",298.755,0.161716,TRUE,1,2.533926,4.150826e-06,0.4285265,0,0,TRUE
"Saithe",19,1978,"2020",254.043,0.364389,TRUE,1,2.533926,4.150826e-06,0.4285265,0,0,TRUE
"Saithe",19,1979,"2020",246.564,0.284533,TRUE,1,2.533926,4.150826e-06,0.4285265,0,0,TRUE
"Saithe",19,1980,"2020",228.868,0.28625,TRUE,1,2.533926,4.150826e-06,0.4285265,0,0,TRUE
"Saithe",19,1981,"2020",218.336,0.255431,TRUE,1,2.533926,4.150826e-06,0.4285265,0,0,TRUE
"Saithe",19,1982,"2020",198.9,0.306118,TRUE,1,2.533926,4.150826e-06,0.4285265,0,0,TRUE
"Saithe",19,1983,"2020",203.148,0.597339,TRUE,1,2.533926,4.150826e-06,0.4285265,0,0,TRUE
"Saithe",19,1984,"2020",166.707,0.296052,TRUE,1,2.533926,4.150826e-06,0.4285265,0,0,TRUE
"Saithe",19,1985,"2020",144.646,0.27163,TRUE,1,2.533926,4.150826e-06,0.4285265,0,0,TRUE
"Saithe",19,1986,"2020",129.382,0.174697,TRUE,1,2.533926,4.150826e-06,0.4285265,0,0,TRUE
"Saithe",19,1987,"2020",131.547,0.167932,TRUE,1,2.533926,4.150826e-06,0.4285265,0,0,TRUE
"Saithe",19,1988,"2020",131.821,0.230755,TRUE,1,2.533926,4.150826e-06,0.4285265,0,0,TRUE
"Saithe",19,1989,"2020",112.128,0.187098,TRUE,1,2.533926,4.150826e-06,0.4285265,0,0,TRUE
"Saithe",19,1990,"2020",106.897,0.226405,TRUE,1,2.533926,4.150826e-06,0.4285265,0,0,TRUE
"Saithe",19,1991,"2020",100.498,0.169817,TRUE,1,2.533926,4.150826e-06,0.4285265,0,0,TRUE
"Saithe",19,1992,"2020",98.6726,0.47411,TRUE,1,2.533926,4.150826e-06,0.4285265,0,0,TRUE
"Saithe",19,1993,"2020",110.72,0.208737,TRUE,1,2.533926,4.150826e-06,0.4285265,0,0,TRUE
"Saithe",19,1994,"2020",109.725,0.290323,TRUE,1,2.533926,4.150826e-06,0.4285265,0,0,TRUE
"Saithe",19,1995,"2020",134.077,0.136527,TRUE,1,2.533926,4.150826e-06,0.4285265,0,0,TRUE
"Saithe",19,1996,"2020",145.871,0.26693,TRUE,1,2.533926,4.150826e-06,0.4285265,0,0,TRUE
"Saithe",19,1997,"2020",177.353,0.145076,TRUE,1,2.533926,4.150826e-06,0.4285265,0,0,TRUE
"Saithe",19,1998,"2020",178.39,0.324583,TRUE,1,2.533926,4.150826e-06,0.4285265,0,0,TRUE
"Saithe",19,1999,"2020",181.353,0.36011,TRUE,1,2.533926,4.150826e-06,0.4285265,0,0,TRUE
"Saithe",19,2000,"2020",170.798,0.244942,TRUE,1,2.533926,4.150826e-06,0.4285265,0,0,TRUE
"Saithe",19,2001,"2020",178.72,0.189124,TRUE,1,2.533926,4.150826e-06,0.4285265,0,0,TRUE
"Saithe",19,2002,"2020",210.993,0.310341,TRUE,1,2.533926,4.150826e-06,0.4285265,0,0,TRUE
"Saithe",19,2003,"2020",201.509,0.124796,TRUE,1,2.533926,4.150826e-06,0.4285265,0,0,TRUE
"Saithe",19,2004,"2020",251.769,0.174752,TRUE,1,2.533926,4.150826e-06,0.4285265,0,0,TRUE
"Saithe",19,2005,"2020",236.22,0.111844,TRUE,1,2.533926,4.150826e-06,0.4285265,0,0,TRUE
"Saithe",19,2006,"2020",258.348,0.12083,TRUE,1,2.533926,4.150826e-06,0.4285265,0,0,TRUE
"Saithe",19,2007,"2020",240.1,0.186858,TRUE,1,2.533926,4.150826e-06,0.4285265,0,0,TRUE
"Saithe",19,2008,"2020",228.031,0.100238,TRUE,1,2.533926,4.150826e-06,0.4285265,0,0,TRUE
"Saithe",19,2009,"2020",217.811,0.170726,TRUE,1,2.533926,4.150826e-06,0.4285265,0,0,TRUE
"Saithe",19,2010,"2020",205.657,0.181437,TRUE,1,2.533926,4.150826e-06,0.4285265,0,0,TRUE
"Saithe",19,2011,"2020",162.359,0.113128,TRUE,1,2.533926,4.150826e-06,0.4285265,0,0,TRUE
"Saithe",19,2012,"2020",146.109,0.14484,TRUE,1,2.533926,4.150826e-06,0.4285265,0,0,TRUE
"Saithe",19,2013,"2020",149.063,0.22765,TRUE,1,2.533926,4.150826e-06,0.4285265,0,0,TRUE
"Saithe",19,2014,"2020",171.683,0.161883,TRUE,1,2.533926,4.150826e-06,0.4285265,0,0,TRUE
"Saithe",19,2015,"2020",179.339,0.086834,TRUE,1,2.533926,4.150826e-06,0.4285265,0,0,TRUE
"Saithe",19,2016,"2020",171.764,0.12504,TRUE,1,2.533926,4.150826e-06,0.4285265,0,0,TRUE
"Saithe",19,2017,"2020",198.366,0.233979,TRUE,1,2.533926,4.150826e-06,0.4285265,0,0,TRUE
"Saithe",19,2018,"2020",199.615,0.220952,TRUE,1,2.533926,4.150826e-06,0.4285265,0,0,TRUE
"Saithe",19,2019,"2020",210.427,0.222619,TRUE,1,2.533926,4.150826e-06,0.4285265,0,0,TRUE
"Saithe",19,1974,"2023",558.061,0.267752,FALSE,3,12.08907,0,0.3552165,0,0,FALSE
"Saithe",19,1975,"2023",487.925,0.150792,TRUE,3,12.08907,0,0.3552165,0,0,TRUE
"Saithe",19,1976,"2023",368.1,0.188176,TRUE,3,12.08907,0,0.3552165,0,0,TRUE
"Saithe",19,1977,"2023",292.383,0.160711,TRUE,3,12.08907,0,0.3552165,0,0,TRUE
"Saithe",19,1978,"2023",247.291,0.341583,TRUE,3,12.08907,0,0.3552165,0,0,TRUE
"Saithe",19,1979,"2023",240.335,0.256847,TRUE,3,12.08907,0,0.3552165,0,0,TRUE
"Saithe",19,1980,"2023",222.223,0.251835,TRUE,3,12.08907,0,0.3552165,0,0,TRUE
"Saithe",19,1981,"2023",211.551,0.219197,TRUE,3,12.08907,0,0.3552165,0,0,TRUE
"Saithe",19,1982,"2023",192.397,0.264094,TRUE,3,12.08907,0,0.3552165,0,0,TRUE
"Saithe",19,1983,"2023",198.449,0.495462,FALSE,3,12.08907,0,0.3552165,0,0,FALSE
"Saithe",19,1984,"2023",162.106,0.267134,TRUE,3,12.08907,0,0.3552165,0,0,TRUE
"Saithe",19,1985,"2023",140.987,0.268842,TRUE,3,12.08907,0,0.3552165,0,0,TRUE
"Saithe",19,1986,"2023",123.759,0.156779,TRUE,3,12.08907,0,0.3552165,0,0,TRUE
"Saithe",19,1987,"2023",128.347,0.15116,TRUE,3,12.08907,0,0.3552165,0,0,TRUE
"Saithe",19,1988,"2023",129.747,0.20638,TRUE,3,12.08907,0,0.3552165,0,0,TRUE
"Saithe",19,1989,"2023",109.883,0.191983,TRUE,3,12.08907,0,0.3552165,0,0,TRUE
"Saithe",19,1990,"2023",103.719,0.210759,TRUE,3,12.08907,0,0.3552165,0,0,TRUE
"Saithe",19,1991,"2023",97.1891,0.171915,TRUE,3,12.08907,0,0.3552165,0,0,TRUE
"Saithe",19,1992,"2023",97.5715,0.504248,FALSE,3,12.08907,0,0.3552165,0,0,FALSE
"Saithe",19,1993,"2023",112.05,0.207378,TRUE,3,12.08907,0,0.3552165,0,0,TRUE
"Saithe",19,1994,"2023",108.48,0.306222,TRUE,3,12.08907,0,0.3552165,0,0,TRUE
"Saithe",19,1995,"2023",133.105,0.142829,TRUE,3,12.08907,0,0.3552165,0,0,TRUE
"Saithe",19,1996,"2023",146.841,0.263825,TRUE,3,12.08907,0,0.3552165,0,0,TRUE
"Saithe",19,1997,"2023",180.521,0.148987,TRUE,3,12.08907,0,0.3552165,0,0,TRUE
"Saithe",19,1998,"2023",183.262,0.33056,TRUE,3,12.08907,0,0.3552165,0,0,TRUE
"Saithe",19,1999,"2023",190.291,0.338453,TRUE,3,12.08907,0,0.3552165,0,0,TRUE
"Saithe",19,2000,"2023",176.94,0.244463,TRUE,3,12.08907,0,0.3552165,0,0,TRUE
"Saithe",19,2001,"2023",186.196,0.184708,TRUE,3,12.08907,0,0.3552165,0,0,TRUE
"Saithe",19,2002,"2023",221.575,0.292145,TRUE,3,12.08907,0,0.3552165,0,0,TRUE
"Saithe",19,2003,"2023",208.438,0.127565,TRUE,3,12.08907,0,0.3552165,0,0,TRUE
"Saithe",19,2004,"2023",255.201,0.156507,TRUE,3,12.08907,0,0.3552165,0,0,TRUE
"Saithe",19,2005,"2023",235.874,0.110516,TRUE,3,12.08907,0,0.3552165,0,0,TRUE
"Saithe",19,2006,"2023",255.86,0.111165,TRUE,3,12.08907,0,0.3552165,0,0,TRUE
"Saithe",19,2007,"2023",237.283,0.191315,TRUE,3,12.08907,0,0.3552165,0,0,TRUE
"Saithe",19,2008,"2023",226.937,0.10583,TRUE,3,12.08907,0,0.3552165,0,0,TRUE
"Saithe",19,2009,"2023",217.013,0.154248,TRUE,3,12.08907,0,0.3552165,0,0,TRUE
"Saithe",19,2010,"2023",203.653,0.145579,TRUE,3,12.08907,0,0.3552165,0,0,TRUE
"Saithe",19,2011,"2023",158.538,0.109651,TRUE,3,12.08907,0,0.3552165,0,0,TRUE
"Saithe",19,2012,"2023",142.372,0.129713,TRUE,3,12.08907,0,0.3552165,0,0,TRUE
"Saithe",19,2013,"2023",143.672,0.193053,TRUE,3,12.08907,0,0.3552165,0,0,TRUE
"Saithe",19,2014,"2023",159,0.183079,TRUE,3,12.08907,0,0.3552165,0,0,TRUE
"Saithe",19,2015,"2023",162.338,0.108267,TRUE,3,12.08907,0,0.3552165,0,0,TRUE
"Saithe",19,2016,"2023",150.991,0.0954744,TRUE,3,12.08907,0,0.3552165,0,0,TRUE
"Saithe",19,2017,"2023",165.417,0.085804,TRUE,3,12.08907,0,0.3552165,0,0,TRUE
"Saithe",19,2018,"2023",160.351,0.103427,TRUE,3,12.08907,0,0.3552165,0,0,TRUE
"Saithe",19,2019,"2023",165.907,0.147402,TRUE,3,12.08907,0,0.3552165,0,0,TRUE
"Saithe",19,2020,"2023",153.791,0.179438,TRUE,3,12.08907,0,0.3552165,0,0,TRUE
"Saithe",19,2021,"2023",146.926,0.178297,TRUE,3,12.08907,0,0.3552165,0,0,TRUE
"Saithe",19,2022,"2023",162.978,0.177916,TRUE,3,12.08907,0,0.3552165,0,0,TRUE
"Mackerel",20,1974,"2020",4957.13,4.54099,TRUE,3,15.3092,0,0.4708517,0,0,TRUE
"Mackerel",20,1975,"2020",4764.71,4.63221,TRUE,3,15.3092,0,0.4708517,0,0,TRUE
"Mackerel",20,1976,"2020",4532.97,3.03497,TRUE,3,15.3092,0,0.4708517,0,0,TRUE
"Mackerel",20,1977,"2020",4362.29,0.753828,TRUE,3,15.3092,0,0.4708517,0,0,TRUE
"Mackerel",20,1978,"2020",4268.48,2.39346,TRUE,3,15.3092,0,0.4708517,0,0,TRUE
"Mackerel",20,1979,"2020",3763.67,4.6436,TRUE,3,15.3092,0,0.4708517,0,0,TRUE
"Mackerel",20,1980,"2020",2690.86,5.27452,TRUE,3,15.3092,0,0.4708517,0,0,TRUE
"Mackerel",20,1981,"2020",2440.55,6.36946,TRUE,3,15.3092,0,0.4708517,0,0,TRUE
"Mackerel",20,1982,"2020",2438.51,1.76357,TRUE,3,15.3092,0,0.4708517,0,0,TRUE
"Mackerel",20,1983,"2020",2612.11,1.27425,TRUE,3,15.3092,0,0.4708517,0,0,TRUE
"Mackerel",20,1984,"2020",2631.4,6.08562,TRUE,3,15.3092,0,0.4708517,0,0,TRUE
"Mackerel",20,1985,"2020",2512.42,3.01505,TRUE,3,15.3092,0,0.4708517,0,0,TRUE
"Mackerel",20,1986,"2020",2595.4,3.12543,TRUE,3,15.3092,0,0.4708517,0,0,TRUE
"Mackerel",20,1987,"2020",2624.37,4.67951,TRUE,3,15.3092,0,0.4708517,0,0,TRUE
"Mackerel",20,1988,"2020",2606.3,3.18143,TRUE,3,15.3092,0,0.4708517,0,0,TRUE
"Mackerel",20,1989,"2020",2479.73,3.94309,TRUE,3,15.3092,0,0.4708517,0,0,TRUE
"Mackerel",20,1990,"2020",2634.6,2.88712,TRUE,3,15.3092,0,0.4708517,0,0,TRUE
"Mackerel",20,1991,"2020",2749.58,3.40769,TRUE,3,15.3092,0,0.4708517,0,0,TRUE
"Mackerel",20,1992,"2020",2702.09,4.22946,TRUE,3,15.3092,0,0.4708517,0,0,TRUE
"Mackerel",20,1993,"2020",2583.59,4.53624,TRUE,3,15.3092,0,0.4708517,0,0,TRUE
"Mackerel",20,1994,"2020",2519.62,3.92442,TRUE,3,15.3092,0,0.4708517,0,0,TRUE
"Mackerel",20,1995,"2020",2542.09,3.3731,TRUE,3,15.3092,0,0.4708517,0,0,TRUE
"Mackerel",20,1996,"2020",2430.78,3.48529,TRUE,3,15.3092,0,0.4708517,0,0,TRUE
"Mackerel",20,1997,"2020",2446.9,2.91351,TRUE,3,15.3092,0,0.4708517,0,0,TRUE
"Mackerel",20,1998,"2020",2445.27,2.95079,TRUE,3,15.3092,0,0.4708517,0,0,TRUE
"Mackerel",20,1999,"2020",2390,3.32087,TRUE,3,15.3092,0,0.4708517,0,0,TRUE
"Mackerel",20,2000,"2020",2254.14,1.9843,TRUE,3,15.3092,0,0.4708517,0,0,TRUE
"Mackerel",20,2001,"2020",2099.08,3.96189,TRUE,3,15.3092,0,0.4708517,0,0,TRUE
"Mackerel",20,2002,"2020",1800.05,5.36189,TRUE,3,15.3092,0,0.4708517,0,0,TRUE
"Mackerel",20,2003,"2020",1754.68,3.53192,TRUE,3,15.3092,0,0.4708517,0,0,TRUE
"Mackerel",20,2004,"2020",2050.23,4.83823,TRUE,3,15.3092,0,0.4708517,0,0,TRUE
"Mackerel",20,2005,"2020",1974,7.75826,TRUE,3,15.3092,0,0.4708517,0,0,TRUE
"Mackerel",20,2006,"2020",2202.64,8.8756,TRUE,3,15.3092,0,0.4708517,0,0,TRUE
"Mackerel",20,2007,"2020",2672.53,8.14917,TRUE,3,15.3092,0,0.4708517,0,0,TRUE
"Mackerel",20,2008,"2020",3183.33,7.63139,TRUE,3,15.3092,0,0.4708517,0,0,TRUE
"Mackerel",20,2009,"2020",3745.5,7.27361,TRUE,3,15.3092,0,0.4708517,0,0,TRUE
"Mackerel",20,2010,"2020",4196.37,10.9261,TRUE,3,15.3092,0,0.4708517,0,0,TRUE
"Mackerel",20,2011,"2020",4867.42,10.2221,TRUE,3,15.3092,0,0.4708517,0,0,TRUE
"Mackerel",20,2012,"2020",5046.22,5.93431,TRUE,3,15.3092,0,0.4708517,0,0,TRUE
"Mackerel",20,2013,"2020",5383.14,4.66154,TRUE,3,15.3092,0,0.4708517,0,0,TRUE
"Mackerel",20,2014,"2020",5436.77,7.04533,TRUE,3,15.3092,0,0.4708517,0,0,TRUE
"Mackerel",20,2015,"2020",5454.26,2.72283,TRUE,3,15.3092,0,0.4708517,0,0,TRUE
"Mackerel",20,2016,"2020",5264.45,8.1735,TRUE,3,15.3092,0,0.4708517,0,0,TRUE
"Mackerel",20,2017,"2020",4593.44,4.93806,TRUE,3,15.3092,0,0.4708517,0,0,TRUE
"Mackerel",20,2018,"2020",4388.13,5.87451,TRUE,3,15.3092,0,0.4708517,0,0,TRUE
"Mackerel",20,2019,"2020",4233.77,4.45357,TRUE,3,15.3092,0,0.4708517,0,0,TRUE
"Mackerel",20,1974,"2023",4984.06,4.7709,TRUE,3,15.24278,0,0.5124908,0,0,TRUE
"Mackerel",20,1975,"2023",4805.34,4.47928,TRUE,3,15.24278,0,0.5124908,0,0,TRUE
"Mackerel",20,1976,"2023",4598.69,2.99217,TRUE,3,15.24278,0,0.5124908,0,0,TRUE
"Mackerel",20,1977,"2023",4433.47,0.763473,TRUE,3,15.24278,0,0.5124908,0,0,TRUE
"Mackerel",20,1978,"2023",4326.83,2.53036,TRUE,3,15.24278,0,0.5124908,0,0,TRUE
"Mackerel",20,1979,"2023",3815.47,4.71959,TRUE,3,15.24278,0,0.5124908,0,0,TRUE
"Mackerel",20,1980,"2023",2752.84,5.26748,TRUE,3,15.24278,0,0.5124908,0,0,TRUE
"Mackerel",20,1981,"2023",2513.11,6.42209,TRUE,3,15.24278,0,0.5124908,0,0,TRUE
"Mackerel",20,1982,"2023",2511.72,1.74444,TRUE,3,15.24278,0,0.5124908,0,0,TRUE
"Mackerel",20,1983,"2023",2667.09,1.26379,TRUE,3,15.24278,0,0.5124908,0,0,TRUE
"Mackerel",20,1984,"2023",2679.15,6.10753,TRUE,3,15.24278,0,0.5124908,0,0,TRUE
"Mackerel",20,1985,"2023",2564.29,2.84557,TRUE,3,15.24278,0,0.5124908,0,0,TRUE
"Mackerel",20,1986,"2023",2634.35,3.37459,TRUE,3,15.24278,0,0.5124908,0,0,TRUE
"Mackerel",20,1987,"2023",2658.08,4.82413,TRUE,3,15.24278,0,0.5124908,0,0,TRUE
"Mackerel",20,1988,"2023",2650.09,3.11929,TRUE,3,15.24278,0,0.5124908,0,0,TRUE
"Mackerel",20,1989,"2023",2529.7,4.08028,TRUE,3,15.24278,0,0.5124908,0,0,TRUE
"Mackerel",20,1990,"2023",2693.14,3.04375,TRUE,3,15.24278,0,0.5124908,0,0,TRUE
"Mackerel",20,1991,"2023",2814.76,3.33135,TRUE,3,15.24278,0,0.5124908,0,0,TRUE
"Mackerel",20,1992,"2023",2776.65,4.04763,TRUE,3,15.24278,0,0.5124908,0,0,TRUE
"Mackerel",20,1993,"2023",2645.97,4.55004,TRUE,3,15.24278,0,0.5124908,0,0,TRUE
"Mackerel",20,1994,"2023",2559.76,3.83182,TRUE,3,15.24278,0,0.5124908,0,0,TRUE
"Mackerel",20,1995,"2023",2564.37,3.45115,TRUE,3,15.24278,0,0.5124908,0,0,TRUE
"Mackerel",20,1996,"2023",2436.34,3.41653,TRUE,3,15.24278,0,0.5124908,0,0,TRUE
"Mackerel",20,1997,"2023",2460.08,2.8012,TRUE,3,15.24278,0,0.5124908,0,0,TRUE
"Mackerel",20,1998,"2023",2448.23,2.8648,TRUE,3,15.24278,0,0.5124908,0,0,TRUE
"Mackerel",20,1999,"2023",2386.92,3.26558,TRUE,3,15.24278,0,0.5124908,0,0,TRUE
"Mackerel",20,2000,"2023",2250.3,1.96392,TRUE,3,15.24278,0,0.5124908,0,0,TRUE
"Mackerel",20,2001,"2023",2091.7,4.25938,TRUE,3,15.24278,0,0.5124908,0,0,TRUE
"Mackerel",20,2002,"2023",1801.28,5.78315,TRUE,3,15.24278,0,0.5124908,0,0,TRUE
"Mackerel",20,2003,"2023",1801.32,3.66086,TRUE,3,15.24278,0,0.5124908,0,0,TRUE
"Mackerel",20,2004,"2023",2149.32,5.03841,TRUE,3,15.24278,0,0.5124908,0,0,TRUE
"Mackerel",20,2005,"2023",2081.54,8.15076,TRUE,3,15.24278,0,0.5124908,0,0,TRUE
"Mackerel",20,2006,"2023",2337.89,9.67887,TRUE,3,15.24278,0,0.5124908,0,0,TRUE
"Mackerel",20,2007,"2023",2845.52,8.39216,TRUE,3,15.24278,0,0.5124908,0,0,TRUE
"Mackerel",20,2008,"2023",3411.27,8.29582,TRUE,3,15.24278,0,0.5124908,0,0,TRUE
"Mackerel",20,2009,"2023",4009.39,7.51675,TRUE,3,15.24278,0,0.5124908,0,0,TRUE
"Mackerel",20,2010,"2023",4545.86,10.9043,TRUE,3,15.24278,0,0.5124908,0,0,TRUE
"Mackerel",20,2011,"2023",5274.91,10.7798,TRUE,3,15.24278,0,0.5124908,0,0,TRUE
"Mackerel",20,2012,"2023",5438.27,6.77897,TRUE,3,15.24278,0,0.5124908,0,0,TRUE
"Mackerel",20,2013,"2023",5807.49,5.30387,TRUE,3,15.24278,0,0.5124908,0,0,TRUE
"Mackerel",20,2014,"2023",5926.89,6.26536,TRUE,3,15.24278,0,0.5124908,0,0,TRUE
"Mackerel",20,2015,"2023",6013.51,2.82381,TRUE,3,15.24278,0,0.5124908,0,0,TRUE
"Mackerel",20,2016,"2023",5710.8,5.20796,TRUE,3,15.24278,0,0.5124908,0,0,TRUE
"Mackerel",20,2017,"2023",4992.28,3.6107,TRUE,3,15.24278,0,0.5124908,0,0,TRUE
"Mackerel",20,2018,"2023",4520.59,3.17243,TRUE,3,15.24278,0,0.5124908,0,0,TRUE
"Mackerel",20,2019,"2023",4208.83,5.40668,TRUE,3,15.24278,0,0.5124908,0,0,TRUE
"Mackerel",20,2020,"2023",4010.84,6.21554,TRUE,3,15.24278,0,0.5124908,0,0,TRUE
"Mackerel",20,2021,"2023",3850.73,2.96208,TRUE,3,15.24278,0,0.5124908,0,0,TRUE
"Mackerel",20,2022,"2023",3708.03,4.1673,TRUE,3,15.24278,0,0.5124908,0,0,TRUE
"Herring",21,1974,"2020",224.701,9.75405,TRUE,1,57.61882,8.939681e-07,0.5089684,0,0,TRUE
"Herring",21,1975,"2020",156.649,4.05365,TRUE,1,57.61882,8.939681e-07,0.5089684,0,0,TRUE
"Herring",21,1976,"2020",82.1213,2.16125,TRUE,1,57.61882,8.939681e-07,0.5089684,0,0,TRUE
"Herring",21,1977,"2020",56.6223,1.31211,TRUE,1,57.61882,8.939681e-07,0.5089684,0,0,TRUE
"Herring",21,1978,"2020",67.4274,1.04809,TRUE,1,57.61882,8.939681e-07,0.5089684,0,0,TRUE
"Herring",21,1979,"2020",93.7561,4.01397,TRUE,1,57.61882,8.939681e-07,0.5089684,0,0,TRUE
"Herring",21,1980,"2020",122.068,14.5112,TRUE,1,57.61882,8.939681e-07,0.5089684,0,0,TRUE
"Herring",21,1981,"2020",187.741,20.0472,TRUE,1,57.61882,8.939681e-07,0.5089684,0,0,TRUE
"Herring",21,1982,"2020",334.972,30.2357,TRUE,1,57.61882,8.939681e-07,0.5089684,0,0,TRUE
"Herring",21,1983,"2020",601.35,27.2441,TRUE,1,57.61882,8.939681e-07,0.5089684,0,0,TRUE
"Herring",21,1984,"2020",896.547,30.989,TRUE,1,57.61882,8.939681e-07,0.5089684,0,0,TRUE
"Herring",21,1985,"2020",941.653,46.6472,TRUE,1,57.61882,8.939681e-07,0.5089684,0,0,TRUE
"Herring",21,1986,"2020",896.708,53.1203,TRUE,1,57.61882,8.939681e-07,0.5089684,0,0,TRUE
"Herring",21,1987,"2020",1029.78,41.9373,TRUE,1,57.61882,8.939681e-07,0.5089684,0,0,TRUE
"Herring",21,1988,"2020",1376.35,22.9432,TRUE,1,57.61882,8.939681e-07,0.5089684,0,0,TRUE
"Herring",21,1989,"2020",1406.9,20.2291,TRUE,1,57.61882,8.939681e-07,0.5089684,0,0,TRUE
"Herring",21,1990,"2020",1436.65,19.6995,TRUE,1,57.61882,8.939681e-07,0.5089684,0,0,TRUE
"Herring",21,1991,"2020",1267.37,21.9802,TRUE,1,57.61882,8.939681e-07,0.5089684,0,0,TRUE
"Herring",21,1992,"2020",1027.94,31.0339,TRUE,1,57.61882,8.939681e-07,0.5089684,0,0,TRUE
"Herring",21,1993,"2020",732.454,32.5379,TRUE,1,57.61882,8.939681e-07,0.5089684,0,0,TRUE
"Herring",21,1994,"2020",734.65,24.3609,TRUE,1,57.61882,8.939681e-07,0.5089684,0,0,TRUE
"Herring",21,1995,"2020",703.731,26.0267,TRUE,1,57.61882,8.939681e-07,0.5089684,0,0,TRUE
"Herring",21,1996,"2020",606.225,26.7127,TRUE,1,57.61882,8.939681e-07,0.5089684,0,0,TRUE
"Herring",21,1997,"2020",724.199,16.9458,TRUE,1,57.61882,8.939681e-07,0.5089684,0,0,TRUE
"Herring",21,1998,"2020",985.628,12.9633,TRUE,1,57.61882,8.939681e-07,0.5089684,0,0,TRUE
"Herring",21,1999,"2020",1039.89,38.4292,TRUE,1,57.61882,8.939681e-07,0.5089684,0,0,TRUE
"Herring",21,2000,"2020",1066.69,24.3646,TRUE,1,57.61882,8.939681e-07,0.5089684,0,0,TRUE
"Herring",21,2001,"2020",1387.18,65.4823,TRUE,1,57.61882,8.939681e-07,0.5089684,0,0,TRUE
"Herring",21,2002,"2020",1726.65,26.3105,TRUE,1,57.61882,8.939681e-07,0.5089684,0,0,TRUE
"Herring",21,2003,"2020",1959.38,18.2077,TRUE,1,57.61882,8.939681e-07,0.5089684,0,0,TRUE
"Herring",21,2004,"2020",2154.86,20.4394,TRUE,1,57.61882,8.939681e-07,0.5089684,0,0,TRUE
"Herring",21,2005,"2020",2114.41,14.0622,TRUE,1,57.61882,8.939681e-07,0.5089684,0,0,TRUE
"Herring",21,2006,"2020",1546.36,16.6988,TRUE,1,57.61882,8.939681e-07,0.5089684,0,0,TRUE
"Herring",21,2007,"2020",1214.04,21.7049,TRUE,1,57.61882,8.939681e-07,0.5089684,0,0,TRUE
"Herring",21,2008,"2020",1085.89,19.7712,TRUE,1,57.61882,8.939681e-07,0.5089684,0,0,TRUE
"Herring",21,2009,"2020",1218.15,21.9608,TRUE,1,57.61882,8.939681e-07,0.5089684,0,0,TRUE
"Herring",21,2010,"2020",1289.14,21.9162,TRUE,1,57.61882,8.939681e-07,0.5089684,0,0,TRUE
"Herring",21,2011,"2020",1722.41,19.7119,TRUE,1,57.61882,8.939681e-07,0.5089684,0,0,TRUE
"Herring",21,2012,"2020",2025.25,19.3671,TRUE,1,57.61882,8.939681e-07,0.5089684,0,0,TRUE
"Herring",21,2013,"2020",1841.92,30.9611,TRUE,1,57.61882,8.939681e-07,0.5089684,0,0,TRUE
"Herring",21,2014,"2020",1655.07,35.4846,TRUE,1,57.61882,8.939681e-07,0.5089684,0,0,TRUE
"Herring",21,2015,"2020",1583.58,9.6931,TRUE,1,57.61882,8.939681e-07,0.5089684,0,0,TRUE
"Herring",21,2016,"2020",1825.82,14.8544,TRUE,1,57.61882,8.939681e-07,0.5089684,0,0,TRUE
"Herring",21,2017,"2020",1671.65,7.42943,TRUE,1,57.61882,8.939681e-07,0.5089684,0,0,TRUE
"Herring",21,2018,"2020",1490.02,17.6087,TRUE,1,57.61882,8.939681e-07,0.5089684,0,0,TRUE
"Herring",21,2019,"2020",1249.94,14.0858,TRUE,1,57.61882,8.939681e-07,0.5089684,0,0,TRUE
"Herring",21,1974,"2023",232.004,9.60226,TRUE,1,52.30536,8.29044e-07,0.4729726,0,0,TRUE
"Herring",21,1975,"2023",161.782,4.10259,TRUE,1,52.30536,8.29044e-07,0.4729726,0,0,TRUE
"Herring",21,1976,"2023",91.0041,2.38425,TRUE,1,52.30536,8.29044e-07,0.4729726,0,0,TRUE
"Herring",21,1977,"2023",69.0161,1.72404,TRUE,1,52.30536,8.29044e-07,0.4729726,0,0,TRUE
"Herring",21,1978,"2023",83.1641,1.27791,TRUE,1,52.30536,8.29044e-07,0.4729726,0,0,TRUE
"Herring",21,1979,"2023",114.11,4.42425,TRUE,1,52.30536,8.29044e-07,0.4729726,0,0,TRUE
"Herring",21,1980,"2023",146.851,14.533,TRUE,1,52.30536,8.29044e-07,0.4729726,0,0,TRUE
"Herring",21,1981,"2023",217.625,21.2881,TRUE,1,52.30536,8.29044e-07,0.4729726,0,0,TRUE
"Herring",21,1982,"2023",375.712,29.736,TRUE,1,52.30536,8.29044e-07,0.4729726,0,0,TRUE
"Herring",21,1983,"2023",632.827,27.3476,TRUE,1,52.30536,8.29044e-07,0.4729726,0,0,TRUE
"Herring",21,1984,"2023",948.41,29.4785,TRUE,1,52.30536,8.29044e-07,0.4729726,0,0,TRUE
"Herring",21,1985,"2023",1030.23,43.4092,TRUE,1,52.30536,8.29044e-07,0.4729726,0,0,TRUE
"Herring",21,1986,"2023",980.128,47.6742,TRUE,1,52.30536,8.29044e-07,0.4729726,0,0,TRUE
"Herring",21,1987,"2023",1096.96,36.6219,TRUE,1,52.30536,8.29044e-07,0.4729726,0,0,TRUE
"Herring",21,1988,"2023",1366.76,23.1577,TRUE,1,52.30536,8.29044e-07,0.4729726,0,0,TRUE
"Herring",21,1989,"2023",1426.55,19.0547,TRUE,1,52.30536,8.29044e-07,0.4729726,0,0,TRUE
"Herring",21,1990,"2023",1497.68,20.1525,TRUE,1,52.30536,8.29044e-07,0.4729726,0,0,TRUE
"Herring",21,1991,"2023",1374.76,18.4651,TRUE,1,52.30536,8.29044e-07,0.4729726,0,0,TRUE
"Herring",21,1992,"2023",1133.09,29.0682,TRUE,1,52.30536,8.29044e-07,0.4729726,0,0,TRUE
"Herring",21,1993,"2023",795.195,30.119,TRUE,1,52.30536,8.29044e-07,0.4729726,0,0,TRUE
"Herring",21,1994,"2023",792.621,23.8839,TRUE,1,52.30536,8.29044e-07,0.4729726,0,0,TRUE
"Herring",21,1995,"2023",761.461,25.7073,TRUE,1,52.30536,8.29044e-07,0.4729726,0,0,TRUE
"Herring",21,1996,"2023",708.152,26.8813,TRUE,1,52.30536,8.29044e-07,0.4729726,0,0,TRUE
"Herring",21,1997,"2023",826.057,17.2418,TRUE,1,52.30536,8.29044e-07,0.4729726,0,0,TRUE
"Herring",21,1998,"2023",1080.58,14.2372,TRUE,1,52.30536,8.29044e-07,0.4729726,0,0,TRUE
"Herring",21,1999,"2023",1126.95,40.6099,TRUE,1,52.30536,8.29044e-07,0.4729726,0,0,TRUE
"Herring",21,2000,"2023",1164.73,26.5397,TRUE,1,52.30536,8.29044e-07,0.4729726,0,0,TRUE
"Herring",21,2001,"2023",1551.53,70.3661,TRUE,1,52.30536,8.29044e-07,0.4729726,0,0,TRUE
"Herring",21,2002,"2023",1936.57,27.8112,TRUE,1,52.30536,8.29044e-07,0.4729726,0,0,TRUE
"Herring",21,2003,"2023",2162.64,17.5981,TRUE,1,52.30536,8.29044e-07,0.4729726,0,0,TRUE
"Herring",21,2004,"2023",2381.78,19.4574,TRUE,1,52.30536,8.29044e-07,0.4729726,0,0,TRUE
"Herring",21,2005,"2023",2335.49,13.8602,TRUE,1,52.30536,8.29044e-07,0.4729726,0,0,TRUE
"Herring",21,2006,"2023",1712.87,16.2368,TRUE,1,52.30536,8.29044e-07,0.4729726,0,0,TRUE
"Herring",21,2007,"2023",1314.74,21.8455,TRUE,1,52.30536,8.29044e-07,0.4729726,0,0,TRUE
"Herring",21,2008,"2023",1157.42,19.4674,TRUE,1,52.30536,8.29044e-07,0.4729726,0,0,TRUE
"Herring",21,2009,"2023",1305.89,23.4626,TRUE,1,52.30536,8.29044e-07,0.4729726,0,0,TRUE
"Herring",21,2010,"2023",1396.3,22.7585,TRUE,1,52.30536,8.29044e-07,0.4729726,0,0,TRUE
"Herring",21,2011,"2023",1868.79,18.5403,TRUE,1,52.30536,8.29044e-07,0.4729726,0,0,TRUE
"Herring",21,2012,"2023",2171.26,19.8208,TRUE,1,52.30536,8.29044e-07,0.4729726,0,0,TRUE
"Herring",21,2013,"2023",1953.88,33.1659,TRUE,1,52.30536,8.29044e-07,0.4729726,0,0,TRUE
"Herring",21,2014,"2023",1728.99,37.275,TRUE,1,52.30536,8.29044e-07,0.4729726,0,0,TRUE
"Herring",21,2015,"2023",1656.33,12.5153,TRUE,1,52.30536,8.29044e-07,0.4729726,0,0,TRUE
"Herring",21,2016,"2023",1935.96,15.3508,TRUE,1,52.30536,8.29044e-07,0.4729726,0,0,TRUE
"Herring",21,2017,"2023",1820,8.22886,TRUE,1,52.30536,8.29044e-07,0.4729726,0,0,TRUE
"Herring",21,2018,"2023",1613.58,15.6537,TRUE,1,52.30536,8.29044e-07,0.4729726,0,0,TRUE
"Herring",21,2019,"2023",1367.16,13.4475,TRUE,1,52.30536,8.29044e-07,0.4729726,0,0,TRUE
"Herring",21,2020,"2023",1285.91,17.0125,TRUE,1,52.30536,8.29044e-07,0.4729726,0,0,TRUE
"Herring",21,2021,"2023",1258.51,13.7948,TRUE,1,52.30536,8.29044e-07,0.4729726,0,0,TRUE
"Herring",21,2022,"2023",1278.23,17.5832,TRUE,1,52.30536,8.29044e-07,0.4729726,0,0,TRUE
"N.sandeel",22,1974,"2020",238.803,225.489,TRUE,1,2125.515,3.282148e-06,0.6684935,0,0,TRUE
"N.sandeel",22,1975,"2020",290.958,177.607,TRUE,1,2125.515,3.282148e-06,0.6684935,0,0,TRUE
"N.sandeel",22,1976,"2020",158.872,194.794,TRUE,1,2125.515,3.282148e-06,0.6684935,0,0,TRUE
"N.sandeel",22,1977,"2020",158.065,107.794,TRUE,1,2125.515,3.282148e-06,0.6684935,0,0,TRUE
"N.sandeel",22,1978,"2020",140.476,168.778,TRUE,1,2125.515,3.282148e-06,0.6684935,0,0,TRUE
"N.sandeel",22,1979,"2020",147.696,345.403,TRUE,1,2125.515,3.282148e-06,0.6684935,0,0,TRUE
"N.sandeel",22,1980,"2020",279.956,220.311,TRUE,1,2125.515,3.282148e-06,0.6684935,0,0,TRUE
"N.sandeel",22,1981,"2020",264.406,265.221,TRUE,1,2125.515,3.282148e-06,0.6684935,0,0,TRUE
"N.sandeel",22,1982,"2020",145.376,246.331,TRUE,1,2125.515,3.282148e-06,0.6684935,0,0,TRUE
"N.sandeel",22,1983,"2020",136.481,198.769,TRUE,1,2125.515,3.282148e-06,0.6684935,0,0,TRUE
"N.sandeel",22,1984,"2020",215.793,106.275,TRUE,1,2125.515,3.282148e-06,0.6684935,0,0,TRUE
"N.sandeel",22,1985,"2020",308.733,226.78,TRUE,1,2125.515,3.282148e-06,0.6684935,0,0,TRUE
"N.sandeel",22,1986,"2020",181.94,310.592,TRUE,1,2125.515,3.282148e-06,0.6684935,0,0,TRUE
"N.sandeel",22,1987,"2020",252.088,129.138,TRUE,1,2125.515,3.282148e-06,0.6684935,0,0,TRUE
"N.sandeel",22,1988,"2020",322.344,413.438,TRUE,1,2125.515,3.282148e-06,0.6684935,0,0,TRUE
"N.sandeel",22,1989,"2020",177.446,146.561,TRUE,1,2125.515,3.282148e-06,0.6684935,0,0,TRUE
"N.sandeel",22,1990,"2020",156.73,214.809,TRUE,1,2125.515,3.282148e-06,0.6684935,0,0,TRUE
"N.sandeel",22,1991,"2020",164.436,248.83,TRUE,1,2125.515,3.282148e-06,0.6684935,0,0,TRUE
"N.sandeel",22,1992,"2020",129.624,289.861,TRUE,1,2125.515,3.282148e-06,0.6684935,0,0,TRUE
"N.sandeel",22,1993,"2020",231.635,533.089,TRUE,1,2125.515,3.282148e-06,0.6684935,0,0,TRUE
"N.sandeel",22,1994,"2020",280.174,563.432,TRUE,1,2125.515,3.282148e-06,0.6684935,0,0,TRUE
"N.sandeel",22,1995,"2020",259.477,272.117,TRUE,1,2125.515,3.282148e-06,0.6684935,0,0,TRUE
"N.sandeel",22,1996,"2020",347.349,910.95,TRUE,1,2125.515,3.282148e-06,0.6684935,0,0,TRUE
"N.sandeel",22,1997,"2020",260.469,154.605,TRUE,1,2125.515,3.282148e-06,0.6684935,0,0,TRUE
"N.sandeel",22,1998,"2020",509.983,190.775,TRUE,1,2125.515,3.282148e-06,0.6684935,0,0,TRUE
"N.sandeel",22,1999,"2020",228.531,257.673,TRUE,1,2125.515,3.282148e-06,0.6684935,0,0,TRUE
"N.sandeel",22,2000,"2020",170.206,300.718,TRUE,1,2125.515,3.282148e-06,0.6684935,0,0,TRUE
"N.sandeel",22,2001,"2020",138.121,188.94,TRUE,1,2125.515,3.282148e-06,0.6684935,0,0,TRUE
"N.sandeel",22,2002,"2020",118.343,72.5584,TRUE,1,2125.515,3.282148e-06,0.6684935,0,0,TRUE
"N.sandeel",22,2003,"2020",84.3047,126.298,TRUE,1,2125.515,3.282148e-06,0.6684935,0,0,TRUE
"N.sandeel",22,2004,"2020",42.7072,74.1684,TRUE,1,2125.515,3.282148e-06,0.6684935,0,0,TRUE
"N.sandeel",22,2005,"2020",47.3176,124.701,TRUE,1,2125.515,3.282148e-06,0.6684935,0,0,TRUE
"N.sandeel",22,2006,"2020",41.7156,190.959,TRUE,1,2125.515,3.282148e-06,0.6684935,0,0,TRUE
"N.sandeel",22,2007,"2020",78.2357,168.49,TRUE,1,2125.515,3.282148e-06,0.6684935,0,0,TRUE
"N.sandeel",22,2008,"2020",131.622,149.051,TRUE,1,2125.515,3.282148e-06,0.6684935,0,0,TRUE
"N.sandeel",22,2009,"2020",96.316,295.113,TRUE,1,2125.515,3.282148e-06,0.6684935,0,0,TRUE
"N.sandeel",22,2010,"2020",243.193,50.6717,TRUE,1,2125.515,3.282148e-06,0.6684935,0,0,TRUE
"N.sandeel",22,2011,"2020",307.046,38.9659,TRUE,1,2125.515,3.282148e-06,0.6684935,0,0,TRUE
"N.sandeel",22,2012,"2020",187.495,212.892,TRUE,1,2125.515,3.282148e-06,0.6684935,0,0,TRUE
"N.sandeel",22,2013,"2020",83.7322,165.264,TRUE,1,2125.515,3.282148e-06,0.6684935,0,0,TRUE
"N.sandeel",22,2014,"2020",187.371,222.056,TRUE,1,2125.515,3.282148e-06,0.6684935,0,0,TRUE
"N.sandeel",22,2015,"2020",170.501,37.6772,TRUE,1,2125.515,3.282148e-06,0.6684935,0,0,TRUE
"N.sandeel",22,2016,"2020",251.557,695.51,TRUE,1,2125.515,3.282148e-06,0.6684935,0,0,TRUE
"N.sandeel",22,2017,"2020",180.255,57.6864,TRUE,1,2125.515,3.282148e-06,0.6684935,0,0,TRUE
"N.sandeel",22,2018,"2020",502.607,284.178,TRUE,1,2125.515,3.282148e-06,0.6684935,0,0,TRUE
"N.sandeel",22,2019,"2020",303.815,462.311,TRUE,1,2125.515,3.282148e-06,0.6684935,0,0,TRUE
"N.sandeel",22,1974,"2023",385.592,348.101,TRUE,1,1011.603,1.558391e-06,0.7915628,0,0,TRUE
"N.sandeel",22,1975,"2023",534.877,205.196,TRUE,1,1011.603,1.558391e-06,0.7915628,0,0,TRUE
"N.sandeel",22,1976,"2023",293.552,216.938,TRUE,1,1011.603,1.558391e-06,0.7915628,0,0,TRUE
"N.sandeel",22,1977,"2023",227.633,123.144,TRUE,1,1011.603,1.558391e-06,0.7915628,0,0,TRUE
"N.sandeel",22,1978,"2023",216.423,208.296,TRUE,1,1011.603,1.558391e-06,0.7915628,0,0,TRUE
"N.sandeel",22,1979,"2023",267.899,319.352,TRUE,1,1011.603,1.558391e-06,0.7915628,0,0,TRUE
"N.sandeel",22,1980,"2023",451.799,172.837,TRUE,1,1011.603,1.558391e-06,0.7915628,0,0,TRUE
"N.sandeel",22,1981,"2023",428.777,225.149,TRUE,1,1011.603,1.558391e-06,0.7915628,0,0,TRUE
"N.sandeel",22,1982,"2023",320.558,196.162,TRUE,1,1011.603,1.558391e-06,0.7915628,0,0,TRUE
"N.sandeel",22,1983,"2023",321.661,172.126,TRUE,1,1011.603,1.558391e-06,0.7915628,0,0,TRUE
"N.sandeel",22,1984,"2023",454.017,120.321,TRUE,1,1011.603,1.558391e-06,0.7915628,0,0,TRUE
"N.sandeel",22,1985,"2023",496.789,222.477,TRUE,1,1011.603,1.558391e-06,0.7915628,0,0,TRUE
"N.sandeel",22,1986,"2023",457.862,251.145,TRUE,1,1011.603,1.558391e-06,0.7915628,0,0,TRUE
"N.sandeel",22,1987,"2023",452.513,121.418,TRUE,1,1011.603,1.558391e-06,0.7915628,0,0,TRUE
"N.sandeel",22,1988,"2023",419.278,321.163,TRUE,1,1011.603,1.558391e-06,0.7915628,0,0,TRUE
"N.sandeel",22,1989,"2023",305.981,189.564,TRUE,1,1011.603,1.558391e-06,0.7915628,0,0,TRUE
"N.sandeel",22,1990,"2023",224.994,306.382,TRUE,1,1011.603,1.558391e-06,0.7915628,0,0,TRUE
"N.sandeel",22,1991,"2023",171.291,312.042,TRUE,1,1011.603,1.558391e-06,0.7915628,0,0,TRUE
"N.sandeel",22,1992,"2023",218.733,435.98,TRUE,1,1011.603,1.558391e-06,0.7915628,0,0,TRUE
"N.sandeel",22,1993,"2023",290.68,504.462,TRUE,1,1011.603,1.558391e-06,0.7915628,0,0,TRUE
"N.sandeel",22,1994,"2023",359.167,608.505,TRUE,1,1011.603,1.558391e-06,0.7915628,0,0,TRUE
"N.sandeel",22,1995,"2023",279.014,234.9,TRUE,1,1011.603,1.558391e-06,0.7915628,0,0,TRUE
"N.sandeel",22,1996,"2023",321.26,796.81,TRUE,1,1011.603,1.558391e-06,0.7915628,0,0,TRUE
"N.sandeel",22,1997,"2023",301.827,106.836,TRUE,1,1011.603,1.558391e-06,0.7915628,0,0,TRUE
"N.sandeel",22,1998,"2023",681.322,165.823,TRUE,1,1011.603,1.558391e-06,0.7915628,0,0,TRUE
"N.sandeel",22,1999,"2023",379.035,448.055,TRUE,1,1011.603,1.558391e-06,0.7915628,0,0,TRUE
"N.sandeel",22,2000,"2023",346.671,187.358,TRUE,1,1011.603,1.558391e-06,0.7915628,0,0,TRUE
"N.sandeel",22,2001,"2023",278.714,164.383,TRUE,1,1011.603,1.558391e-06,0.7915628,0,0,TRUE
"N.sandeel",22,2002,"2023",165.687,32.5149,TRUE,1,1011.603,1.558391e-06,0.7915628,0,0,TRUE
"N.sandeel",22,2003,"2023",92.7101,83.0409,TRUE,1,1011.603,1.558391e-06,0.7915628,0,0,TRUE
"N.sandeel",22,2004,"2023",52.1365,44.7371,TRUE,1,1011.603,1.558391e-06,0.7915628,0,0,TRUE
"N.sandeel",22,2005,"2023",36.9136,68.5693,TRUE,1,1011.603,1.558391e-06,0.7915628,0,0,TRUE
"N.sandeel",22,2006,"2023",43.3536,85.6034,TRUE,1,1011.603,1.558391e-06,0.7915628,0,0,TRUE
"N.sandeel",22,2007,"2023",67.4199,62.5161,TRUE,1,1011.603,1.558391e-06,0.7915628,0,0,TRUE
"N.sandeel",22,2008,"2023",76.0102,68.1517,TRUE,1,1011.603,1.558391e-06,0.7915628,0,0,TRUE
"N.sandeel",22,2009,"2023",39.3987,108.63,TRUE,1,1011.603,1.558391e-06,0.7915628,0,0,TRUE
"N.sandeel",22,2010,"2023",94.6236,14.4338,TRUE,1,1011.603,1.558391e-06,0.7915628,0,0,TRUE
"N.sandeel",22,2011,"2023",136.632,14.5164,TRUE,1,1011.603,1.558391e-06,0.7915628,0,0,TRUE
"N.sandeel",22,2012,"2023",72.4427,77.1608,TRUE,1,1011.603,1.558391e-06,0.7915628,0,0,TRUE
"N.sandeel",22,2013,"2023",54.2765,104.384,TRUE,1,1011.603,1.558391e-06,0.7915628,0,0,TRUE
"N.sandeel",22,2014,"2023",89.4309,121.035,TRUE,1,1011.603,1.558391e-06,0.7915628,0,0,TRUE
"N.sandeel",22,2015,"2023",94.5262,11.8943,TRUE,1,1011.603,1.558391e-06,0.7915628,0,0,TRUE
"N.sandeel",22,2016,"2023",118.685,370.794,TRUE,1,1011.603,1.558391e-06,0.7915628,0,0,TRUE
"N.sandeel",22,2017,"2023",119.706,22.2307,TRUE,1,1011.603,1.558391e-06,0.7915628,0,0,TRUE
"N.sandeel",22,2018,"2023",391.4,114.571,TRUE,1,1011.603,1.558391e-06,0.7915628,0,0,TRUE
"N.sandeel",22,2019,"2023",242.547,244.786,TRUE,1,1011.603,1.558391e-06,0.7915628,0,0,TRUE
"N.sandeel",22,2020,"2023",248.3,102.72,TRUE,1,1011.603,1.558391e-06,0.7915628,0,0,TRUE
"N.sandeel",22,2021,"2023",277.139,86.6281,TRUE,1,1011.603,1.558391e-06,0.7915628,0,0,TRUE
"N.sandeel",22,2022,"2023",142.579,59.9132,TRUE,1,1011.603,1.558391e-06,0.7915628,0,0,TRUE
"S.sandeel",23,1974,"2020",408.84,184.649,TRUE,1,1395.968,2.732078e-06,0.6698122,0,0,TRUE
"S.sandeel",23,1975,"2020",364.502,91.1526,TRUE,1,1395.968,2.732078e-06,0.6698122,0,0,TRUE
"S.sandeel",23,1976,"2020",498.015,144.514,TRUE,1,1395.968,2.732078e-06,0.6698122,0,0,TRUE
"S.sandeel",23,1977,"2020",326.587,317.444,TRUE,1,1395.968,2.732078e-06,0.6698122,0,0,TRUE
"S.sandeel",23,1978,"2020",348.489,151.271,TRUE,1,1395.968,2.732078e-06,0.6698122,0,0,TRUE
"S.sandeel",23,1979,"2020",595.598,155.583,TRUE,1,1395.968,2.732078e-06,0.6698122,0,0,TRUE
"S.sandeel",23,1980,"2020",369.792,109.384,TRUE,1,1395.968,2.732078e-06,0.6698122,0,0,TRUE
"S.sandeel",23,1981,"2020",404.595,444.934,TRUE,1,1395.968,2.732078e-06,0.6698122,0,0,TRUE
"S.sandeel",23,1982,"2020",190.066,42.9204,TRUE,1,1395.968,2.732078e-06,0.6698122,0,0,TRUE
"S.sandeel",23,1983,"2020",362.258,338.71,TRUE,1,1395.968,2.732078e-06,0.6698122,0,0,TRUE
"S.sandeel",23,1984,"2020",206.052,114.208,TRUE,1,1395.968,2.732078e-06,0.6698122,0,0,TRUE
"S.sandeel",23,1985,"2020",340.069,393.949,TRUE,1,1395.968,2.732078e-06,0.6698122,0,0,TRUE
"S.sandeel",23,1986,"2020",194.609,90.4239,TRUE,1,1395.968,2.732078e-06,0.6698122,0,0,TRUE
"S.sandeel",23,1987,"2020",676.24,84.3364,TRUE,1,1395.968,2.732078e-06,0.6698122,0,0,TRUE
"S.sandeel",23,1988,"2020",528.458,230.569,TRUE,1,1395.968,2.732078e-06,0.6698122,0,0,TRUE
"S.sandeel",23,1989,"2020",173.896,109.903,TRUE,1,1395.968,2.732078e-06,0.6698122,0,0,TRUE
"S.sandeel",23,1990,"2020",286.081,150.456,TRUE,1,1395.968,2.732078e-06,0.6698122,0,0,TRUE
"S.sandeel",23,1991,"2020",336.549,239.237,TRUE,1,1395.968,2.732078e-06,0.6698122,0,0,TRUE
"S.sandeel",23,1992,"2020",281.922,66.5102,TRUE,1,1395.968,2.732078e-06,0.6698122,0,0,TRUE
"S.sandeel",23,1993,"2020",446.002,216.488,TRUE,1,1395.968,2.732078e-06,0.6698122,0,0,TRUE
"S.sandeel",23,1994,"2020",249.542,292.992,TRUE,1,1395.968,2.732078e-06,0.6698122,0,0,TRUE
"S.sandeel",23,1995,"2020",410.749,93.0978,TRUE,1,1395.968,2.732078e-06,0.6698122,0,0,TRUE
"S.sandeel",23,1996,"2020",527.866,503.778,TRUE,1,1395.968,2.732078e-06,0.6698122,0,0,TRUE
"S.sandeel",23,1997,"2020",248.194,110.858,TRUE,1,1395.968,2.732078e-06,0.6698122,0,0,TRUE
"S.sandeel",23,1998,"2020",776.842,169.594,TRUE,1,1395.968,2.732078e-06,0.6698122,0,0,TRUE
"S.sandeel",23,1999,"2020",365.997,209.713,TRUE,1,1395.968,2.732078e-06,0.6698122,0,0,TRUE
"S.sandeel",23,2000,"2020",181.165,317.887,TRUE,1,1395.968,2.732078e-06,0.6698122,0,0,TRUE
"S.sandeel",23,2001,"2020",224.922,385.594,TRUE,1,1395.968,2.732078e-06,0.6698122,0,0,TRUE
"S.sandeel",23,2002,"2020",217.301,44.6567,TRUE,1,1395.968,2.732078e-06,0.6698122,0,0,TRUE
"S.sandeel",23,2003,"2020",384.695,173.673,TRUE,1,1395.968,2.732078e-06,0.6698122,0,0,TRUE
"S.sandeel",23,2004,"2020",103.364,76.2832,TRUE,1,1395.968,2.732078e-06,0.6698122,0,0,TRUE
"S.sandeel",23,2005,"2020",108.178,169.463,TRUE,1,1395.968,2.732078e-06,0.6698122,0,0,TRUE
"S.sandeel",23,2006,"2020",72.1044,137.67,TRUE,1,1395.968,2.732078e-06,0.6698122,0,0,TRUE
"S.sandeel",23,2007,"2020",136.159,283.708,TRUE,1,1395.968,2.732078e-06,0.6698122,0,0,TRUE
"S.sandeel",23,2008,"2020",147.318,121.379,TRUE,1,1395.968,2.732078e-06,0.6698122,0,0,TRUE
"S.sandeel",23,2009,"2020",222.783,668.488,TRUE,1,1395.968,2.732078e-06,0.6698122,0,0,TRUE
"S.sandeel",23,2010,"2020",174.451,75.5249,TRUE,1,1395.968,2.732078e-06,0.6698122,0,0,TRUE
"S.sandeel",23,2011,"2020",726.368,109.406,TRUE,1,1395.968,2.732078e-06,0.6698122,0,0,TRUE
"S.sandeel",23,2012,"2020",320.74,187.866,TRUE,1,1395.968,2.732078e-06,0.6698122,0,0,TRUE
"S.sandeel",23,2013,"2020",167.721,107.522,TRUE,1,1395.968,2.732078e-06,0.6698122,0,0,TRUE
"S.sandeel",23,2014,"2020",106.298,200.728,TRUE,1,1395.968,2.732078e-06,0.6698122,0,0,TRUE
"S.sandeel",23,2015,"2020",116.77,58.4686,TRUE,1,1395.968,2.732078e-06,0.6698122,0,0,TRUE
"S.sandeel",23,2016,"2020",166.85,340.879,TRUE,1,1395.968,2.732078e-06,0.6698122,0,0,TRUE
"S.sandeel",23,2017,"2020",118.429,32.4539,TRUE,1,1395.968,2.732078e-06,0.6698122,0,0,TRUE
"S.sandeel",23,2018,"2020",242.948,119.737,TRUE,1,1395.968,2.732078e-06,0.6698122,0,0,TRUE
"S.sandeel",23,2019,"2020",74.6949,324.918,TRUE,1,1395.968,2.732078e-06,0.6698122,0,0,TRUE
"S.sandeel",23,1974,"2023",424.523,232.106,TRUE,1,1102.784,2.30438e-06,0.6567901,0,0,TRUE
"S.sandeel",23,1975,"2023",341.028,94.6957,TRUE,1,1102.784,2.30438e-06,0.6567901,0,0,TRUE
"S.sandeel",23,1976,"2023",468.179,169.115,TRUE,1,1102.784,2.30438e-06,0.6567901,0,0,TRUE
"S.sandeel",23,1977,"2023",268.81,279.782,TRUE,1,1102.784,2.30438e-06,0.6567901,0,0,TRUE
"S.sandeel",23,1978,"2023",315.795,131.075,TRUE,1,1102.784,2.30438e-06,0.6567901,0,0,TRUE
"S.sandeel",23,1979,"2023",449.417,168.902,TRUE,1,1102.784,2.30438e-06,0.6567901,0,0,TRUE
"S.sandeel",23,1980,"2023",304.862,105.567,TRUE,1,1102.784,2.30438e-06,0.6567901,0,0,TRUE
"S.sandeel",23,1981,"2023",387.086,367.517,TRUE,1,1102.784,2.30438e-06,0.6567901,0,0,TRUE
"S.sandeel",23,1982,"2023",225.524,35.2645,TRUE,1,1102.784,2.30438e-06,0.6567901,0,0,TRUE
"S.sandeel",23,1983,"2023",437.064,272.265,TRUE,1,1102.784,2.30438e-06,0.6567901,0,0,TRUE
"S.sandeel",23,1984,"2023",257.737,99.2999,TRUE,1,1102.784,2.30438e-06,0.6567901,0,0,TRUE
"S.sandeel",23,1985,"2023",475.284,327.318,TRUE,1,1102.784,2.30438e-06,0.6567901,0,0,TRUE
"S.sandeel",23,1986,"2023",222.676,80.7773,TRUE,1,1102.784,2.30438e-06,0.6567901,0,0,TRUE
"S.sandeel",23,1987,"2023",646.31,71.7147,TRUE,1,1102.784,2.30438e-06,0.6567901,0,0,TRUE
"S.sandeel",23,1988,"2023",479.215,210.654,TRUE,1,1102.784,2.30438e-06,0.6567901,0,0,TRUE
"S.sandeel",23,1989,"2023",262.139,114.018,TRUE,1,1102.784,2.30438e-06,0.6567901,0,0,TRUE
"S.sandeel",23,1990,"2023",346.888,150.456,TRUE,1,1102.784,2.30438e-06,0.6567901,0,0,TRUE
"S.sandeel",23,1991,"2023",207.32,267.526,TRUE,1,1102.784,2.30438e-06,0.6567901,0,0,TRUE
"S.sandeel",23,1992,"2023",267.512,63.7363,TRUE,1,1102.784,2.30438e-06,0.6567901,0,0,TRUE
"S.sandeel",23,1993,"2023",462.254,207.208,TRUE,1,1102.784,2.30438e-06,0.6567901,0,0,TRUE
"S.sandeel",23,1994,"2023",285.617,300.766,TRUE,1,1102.784,2.30438e-06,0.6567901,0,0,TRUE
"S.sandeel",23,1995,"2023",415.111,92.848,TRUE,1,1102.784,2.30438e-06,0.6567901,0,0,TRUE
"S.sandeel",23,1996,"2023",609.296,492.661,TRUE,1,1102.784,2.30438e-06,0.6567901,0,0,TRUE
"S.sandeel",23,1997,"2023",332.715,86.3939,TRUE,1,1102.784,2.30438e-06,0.6567901,0,0,TRUE
"S.sandeel",23,1998,"2023",859.276,142.483,TRUE,1,1102.784,2.30438e-06,0.6567901,0,0,TRUE
"S.sandeel",23,1999,"2023",434.893,220.17,TRUE,1,1102.784,2.30438e-06,0.6567901,0,0,TRUE
"S.sandeel",23,2000,"2023",192.844,278.71,TRUE,1,1102.784,2.30438e-06,0.6567901,0,0,TRUE
"S.sandeel",23,2001,"2023",268.506,354.014,TRUE,1,1102.784,2.30438e-06,0.6567901,0,0,TRUE
"S.sandeel",23,2002,"2023",259.519,43.1296,TRUE,1,1102.784,2.30438e-06,0.6567901,0,0,TRUE
"S.sandeel",23,2003,"2023",394.144,165.962,TRUE,1,1102.784,2.30438e-06,0.6567901,0,0,TRUE
"S.sandeel",23,2004,"2023",105.533,91.4968,TRUE,1,1102.784,2.30438e-06,0.6567901,0,0,TRUE
"S.sandeel",23,2005,"2023",136.757,212.782,TRUE,1,1102.784,2.30438e-06,0.6567901,0,0,TRUE
"S.sandeel",23,2006,"2023",105.784,168.327,TRUE,1,1102.784,2.30438e-06,0.6567901,0,0,TRUE
"S.sandeel",23,2007,"2023",166.022,297.172,TRUE,1,1102.784,2.30438e-06,0.6567901,0,0,TRUE
"S.sandeel",23,2008,"2023",182.905,148.751,TRUE,1,1102.784,2.30438e-06,0.6567901,0,0,TRUE
"S.sandeel",23,2009,"2023",259.644,652.266,TRUE,1,1102.784,2.30438e-06,0.6567901,0,0,TRUE
"S.sandeel",23,2010,"2023",175.449,84.5697,TRUE,1,1102.784,2.30438e-06,0.6567901,0,0,TRUE
"S.sandeel",23,2011,"2023",834.395,110.146,TRUE,1,1102.784,2.30438e-06,0.6567901,0,0,TRUE
"S.sandeel",23,2012,"2023",389.248,211.652,TRUE,1,1102.784,2.30438e-06,0.6567901,0,0,TRUE
"S.sandeel",23,2013,"2023",234.016,152.179,TRUE,1,1102.784,2.30438e-06,0.6567901,0,0,TRUE
"S.sandeel",23,2014,"2023",142.205,282.379,TRUE,1,1102.784,2.30438e-06,0.6567901,0,0,TRUE
"S.sandeel",23,2015,"2023",174.547,72.5236,TRUE,1,1102.784,2.30438e-06,0.6567901,0,0,TRUE
"S.sandeel",23,2016,"2023",295.933,309.092,TRUE,1,1102.784,2.30438e-06,0.6567901,0,0,TRUE
"S.sandeel",23,2017,"2023",210.527,34.5247,TRUE,1,1102.784,2.30438e-06,0.6567901,0,0,TRUE
"S.sandeel",23,2018,"2023",298.898,50.1632,TRUE,1,1102.784,2.30438e-06,0.6567901,0,0,TRUE
"S.sandeel",23,2019,"2023",97.6579,112.943,TRUE,1,1102.784,2.30438e-06,0.6567901,0,0,TRUE
"S.sandeel",23,2020,"2023",79.4131,64.721,TRUE,1,1102.784,2.30438e-06,0.6567901,0,0,TRUE
"S.sandeel",23,2021,"2023",141.609,104.148,TRUE,1,1102.784,2.30438e-06,0.6567901,0,0,TRUE
"S.sandeel",23,2022,"2023",133.964,96.2,TRUE,1,1102.784,2.30438e-06,0.6567901,0,0,TRUE
"Nor.pout",24,1974,"2020",285.578,294.699,TRUE,100,7.495646,50000,0.5582763,0,0,FALSE
"Nor.pout",24,1975,"2020",282.191,422.944,TRUE,100,7.495646,50000,0.5582763,0,0,FALSE
"Nor.pout",24,1976,"2020",351.542,316.513,TRUE,100,7.495646,50000,0.5582763,0,0,FALSE
"Nor.pout",24,1977,"2020",346.883,160.644,TRUE,100,7.495646,50000,0.5582763,0,0,FALSE
"Nor.pout",24,1978,"2020",307.003,203.041,TRUE,100,7.495646,50000,0.5582763,0,0,FALSE
"Nor.pout",24,1979,"2020",256.856,231.256,TRUE,100,7.495646,50000,0.5582763,0,0,FALSE
"Nor.pout",24,1980,"2020",374.639,126.382,TRUE,100,7.495646,50000,0.5582763,0,0,FALSE
"Nor.pout",24,1981,"2020",292.108,201.727,TRUE,100,7.495646,50000,0.5582763,0,0,FALSE
"Nor.pout",24,1982,"2020",167.367,219.989,TRUE,100,7.495646,50000,0.5582763,0,0,FALSE
"Nor.pout",24,1983,"2020",243.727,151.844,TRUE,100,7.495646,50000,0.5582763,0,0,FALSE
"Nor.pout",24,1984,"2020",248.626,119.535,TRUE,100,7.495646,50000,0.5582763,0,0,TRUE
"Nor.pout",24,1985,"2020",170.764,96.4578,TRUE,100,7.495646,50000,0.5582763,0,0,TRUE
"Nor.pout",24,1986,"2020",88.7485,137.455,TRUE,100,7.495646,50000,0.5582763,0,0,TRUE
"Nor.pout",24,1987,"2020",123.832,43.54,TRUE,100,7.495646,50000,0.5582763,0,0,TRUE
"Nor.pout",24,1988,"2020",83.3417,91.0485,TRUE,100,7.495646,50000,0.5582763,0,0,TRUE
"Nor.pout",24,1989,"2020",76.0781,90.0555,TRUE,100,7.495646,50000,0.5582763,0,0,TRUE
"Nor.pout",24,1990,"2020",123.321,107.479,TRUE,100,7.495646,50000,0.5582763,0,0,TRUE
"Nor.pout",24,1991,"2020",137.634,129.169,TRUE,100,7.495646,50000,0.5582763,0,0,TRUE
"Nor.pout",24,1992,"2020",160.543,88.8267,TRUE,100,7.495646,50000,0.5582763,0,0,TRUE
"Nor.pout",24,1993,"2020",205.038,67.2883,TRUE,100,7.495646,50000,0.5582763,0,0,TRUE
"Nor.pout",24,1994,"2020",89.5197,169.544,TRUE,100,7.495646,50000,0.5582763,0,0,TRUE
"Nor.pout",24,1995,"2020",160.267,88.57,TRUE,100,7.495646,50000,0.5582763,0,0,TRUE
"Nor.pout",24,1996,"2020",255.151,126.554,TRUE,100,7.495646,50000,0.5582763,0,0,TRUE
"Nor.pout",24,1997,"2020",173.86,39.6945,TRUE,100,7.495646,50000,0.5582763,0,0,TRUE
"Nor.pout",24,1998,"2020",209.124,82.7013,TRUE,100,7.495646,50000,0.5582763,0,0,TRUE
"Nor.pout",24,1999,"2020",109.19,112.565,TRUE,100,7.495646,50000,0.5582763,0,0,TRUE
"Nor.pout",24,2000,"2020",141.302,56.3511,TRUE,100,7.495646,50000,0.5582763,0,0,TRUE
"Nor.pout",24,2001,"2020",192.336,81.7706,TRUE,100,7.495646,50000,0.5582763,0,0,TRUE
"Nor.pout",24,2002,"2020",113.807,49.3009,TRUE,100,7.495646,50000,0.5582763,0,0,TRUE
"Nor.pout",24,2003,"2020",63.059,22.9565,TRUE,100,7.495646,50000,0.5582763,0,0,TRUE
"Nor.pout",24,2004,"2020",38.4289,29.092,TRUE,100,7.495646,50000,0.5582763,0,0,TRUE
"Nor.pout",24,2005,"2020",24.6651,58.3372,TRUE,100,7.495646,50000,0.5582763,0,0,TRUE
"Nor.pout",24,2006,"2020",48.5961,43.7511,TRUE,100,7.495646,50000,0.5582763,0,0,TRUE
"Nor.pout",24,2007,"2020",62.3866,60.8001,TRUE,100,7.495646,50000,0.5582763,0,0,TRUE
"Nor.pout",24,2008,"2020",76.4222,96.7691,TRUE,100,7.495646,50000,0.5582763,0,0,TRUE
"Nor.pout",24,2009,"2020",103.982,100.683,TRUE,100,7.495646,50000,0.5582763,0,0,TRUE
"Nor.pout",24,2010,"2020",181.76,27.5278,TRUE,100,7.495646,50000,0.5582763,0,0,TRUE
"Nor.pout",24,2011,"2020",150.688,58.2896,TRUE,100,7.495646,50000,0.5582763,0,0,TRUE
"Nor.pout",24,2012,"2020",73.1517,111.073,TRUE,100,7.495646,50000,0.5582763,0,0,TRUE
"Nor.pout",24,2013,"2020",85.3326,38.8498,TRUE,100,7.495646,50000,0.5582763,0,0,TRUE
"Nor.pout",24,2014,"2020",95.0733,130.429,TRUE,100,7.495646,50000,0.5582763,0,0,TRUE
"Nor.pout",24,2015,"2020",95.321,79.4028,TRUE,100,7.495646,50000,0.5582763,0,0,TRUE
"Nor.pout",24,2016,"2020",160.237,100.636,TRUE,100,7.495646,50000,0.5582763,0,0,TRUE
"Nor.pout",24,2017,"2020",89.126,50.1188,TRUE,100,7.495646,50000,0.5582763,0,0,TRUE
"Nor.pout",24,2018,"2020",99.8272,124.005,TRUE,100,7.495646,50000,0.5582763,0,0,TRUE
"Nor.pout",24,2019,"2020",93.3797,183.048,TRUE,100,7.495646,50000,0.5582763,0,0,TRUE
"Nor.pout",24,1974,"2023",287.487,222.851,TRUE,100,6.867857,80000,0.4989169,0,0,FALSE
"Nor.pout",24,1975,"2023",288.739,358.785,TRUE,100,6.867857,80000,0.4989169,0,0,FALSE
"Nor.pout",24,1976,"2023",366.631,291.366,TRUE,100,6.867857,80000,0.4989169,0,0,FALSE
"Nor.pout",24,1977,"2023",362.701,132.171,TRUE,100,6.867857,80000,0.4989169,0,0,FALSE
"Nor.pout",24,1978,"2023",314.838,211.12,TRUE,100,6.867857,80000,0.4989169,0,0,FALSE
"Nor.pout",24,1979,"2023",261.873,215.662,TRUE,100,6.867857,80000,0.4989169,0,0,FALSE
"Nor.pout",24,1980,"2023",390.75,56.0444,TRUE,100,6.867857,80000,0.4989169,0,0,FALSE
"Nor.pout",24,1981,"2023",273.405,158.547,TRUE,100,6.867857,80000,0.4989169,0,0,FALSE
"Nor.pout",24,1982,"2023",122.271,173.151,TRUE,100,6.867857,80000,0.4989169,0,0,FALSE
"Nor.pout",24,1983,"2023",223.41,177.057,TRUE,100,6.867857,80000,0.4989169,0,0,FALSE
"Nor.pout",24,1984,"2023",319.606,74.5278,TRUE,100,6.867857,80000,0.4989169,0,0,TRUE
"Nor.pout",24,1985,"2023",270.69,102.374,TRUE,100,6.867857,80000,0.4989169,0,0,TRUE
"Nor.pout",24,1986,"2023",99.0366,92.3714,TRUE,100,6.867857,80000,0.4989169,0,0,TRUE
"Nor.pout",24,1987,"2023",151.485,53.4508,TRUE,100,6.867857,80000,0.4989169,0,0,TRUE
"Nor.pout",24,1988,"2023",94.6204,77.5918,TRUE,100,6.867857,80000,0.4989169,0,0,TRUE
"Nor.pout",24,1989,"2023",98.2782,77.7291,TRUE,100,6.867857,80000,0.4989169,0,0,TRUE
"Nor.pout",24,1990,"2023",127.783,77.8264,TRUE,100,6.867857,80000,0.4989169,0,0,TRUE
"Nor.pout",24,1991,"2023",144.772,158.626,TRUE,100,6.867857,80000,0.4989169,0,0,TRUE
"Nor.pout",24,1992,"2023",190.814,73.4772,TRUE,100,6.867857,80000,0.4989169,0,0,TRUE
"Nor.pout",24,1993,"2023",323.139,59.6858,TRUE,100,6.867857,80000,0.4989169,0,0,TRUE
"Nor.pout",24,1994,"2023",98.2354,165.136,TRUE,100,6.867857,80000,0.4989169,0,0,TRUE
"Nor.pout",24,1995,"2023",177.721,74.7488,TRUE,100,6.867857,80000,0.4989169,0,0,TRUE
"Nor.pout",24,1996,"2023",277.504,125.097,TRUE,100,6.867857,80000,0.4989169,0,0,TRUE
"Nor.pout",24,1997,"2023",186.799,32.2997,TRUE,100,6.867857,80000,0.4989169,0,0,TRUE
"Nor.pout",24,1998,"2023",222.463,67.6946,TRUE,100,6.867857,80000,0.4989169,0,0,TRUE
"Nor.pout",24,1999,"2023",110.671,110.97,TRUE,100,6.867857,80000,0.4989169,0,0,TRUE
"Nor.pout",24,2000,"2023",155.149,44.2389,TRUE,100,6.867857,80000,0.4989169,0,0,TRUE
"Nor.pout",24,2001,"2023",211.678,58.6421,TRUE,100,6.867857,80000,0.4989169,0,0,TRUE
"Nor.pout",24,2002,"2023",107.776,32.6616,TRUE,100,6.867857,80000,0.4989169,0,0,TRUE
"Nor.pout",24,2003,"2023",61.047,14.6128,TRUE,100,6.867857,80000,0.4989169,0,0,TRUE
"Nor.pout",24,2004,"2023",37.564,20.2065,TRUE,100,6.867857,80000,0.4989169,0,0,TRUE
"Nor.pout",24,2005,"2023",24.9312,53.8613,TRUE,100,6.867857,80000,0.4989169,0,0,TRUE
"Nor.pout",24,2006,"2023",54.3147,43.6135,TRUE,100,6.867857,80000,0.4989169,0,0,TRUE
"Nor.pout",24,2007,"2023",71.9814,70.8494,TRUE,100,6.867857,80000,0.4989169,0,0,TRUE
"Nor.pout",24,2008,"2023",92.6372,121.536,TRUE,100,6.867857,80000,0.4989169,0,0,TRUE
"Nor.pout",24,2009,"2023",126.909,145.023,TRUE,100,6.867857,80000,0.4989169,0,0,TRUE
"Nor.pout",24,2010,"2023",221.724,34.2352,TRUE,100,6.867857,80000,0.4989169,0,0,TRUE
"Nor.pout",24,2011,"2023",183.284,65.5071,TRUE,100,6.867857,80000,0.4989169,0,0,TRUE
"Nor.pout",24,2012,"2023",80.8303,139.371,TRUE,100,6.867857,80000,0.4989169,0,0,TRUE
"Nor.pout",24,2013,"2023",106.738,47.7017,TRUE,100,6.867857,80000,0.4989169,0,0,TRUE
"Nor.pout",24,2014,"2023",109.774,134.543,TRUE,100,6.867857,80000,0.4989169,0,0,TRUE
"Nor.pout",24,2015,"2023",103.58,68.6697,TRUE,100,6.867857,80000,0.4989169,0,0,TRUE
"Nor.pout",24,2016,"2023",167.709,107.681,TRUE,100,6.867857,80000,0.4989169,0,0,TRUE
"Nor.pout",24,2017,"2023",100.612,49.1892,TRUE,100,6.867857,80000,0.4989169,0,0,TRUE
"Nor.pout",24,2018,"2023",103.138,112.055,TRUE,100,6.867857,80000,0.4989169,0,0,TRUE
"Nor.pout",24,2019,"2023",93.7041,110.226,TRUE,100,6.867857,80000,0.4989169,0,0,TRUE
"Nor.pout",24,2020,"2023",195.011,89.9139,TRUE,100,6.867857,80000,0.4989169,0,0,TRUE
"Nor.pout",24,2021,"2023",192.182,68.7357,TRUE,100,6.867857,80000,0.4989169,0,0,TRUE
"Nor.pout",24,2022,"2023",119.369,126.927,TRUE,100,6.867857,80000,0.4989169,0,0,TRUE
"Sprat",25,1974,"2020",542.511,396.346,TRUE,100,6.865912,94000,0.5534748,0,0,FALSE
"Sprat",25,1975,"2020",625.639,843.639,TRUE,100,6.865912,94000,0.5534748,0,0,FALSE
"Sprat",25,1976,"2020",765.689,324.055,TRUE,100,6.865912,94000,0.5534748,0,0,FALSE
"Sprat",25,1977,"2020",409.583,396.651,TRUE,100,6.865912,94000,0.5534748,0,0,FALSE
"Sprat",25,1978,"2020",359.189,735.779,TRUE,100,6.865912,94000,0.5534748,0,0,FALSE
"Sprat",25,1979,"2020",544.499,297.561,TRUE,100,6.865912,94000,0.5534748,0,0,FALSE
"Sprat",25,1980,"2020",629.645,164.328,TRUE,100,6.865912,94000,0.5534748,0,0,FALSE
"Sprat",25,1981,"2020",168.407,66.6493,TRUE,100,6.865912,94000,0.5534748,0,0,TRUE
"Sprat",25,1982,"2020",105.389,41.2146,TRUE,100,6.865912,94000,0.5534748,0,0,TRUE
"Sprat",25,1983,"2020",143.234,74.6149,TRUE,100,6.865912,94000,0.5534748,0,0,TRUE
"Sprat",25,1984,"2020",95.968,55.7485,TRUE,100,6.865912,94000,0.5534748,0,0,TRUE
"Sprat",25,1985,"2020",155.962,33.8805,TRUE,100,6.865912,94000,0.5534748,0,0,TRUE
"Sprat",25,1986,"2020",72.2217,100.861,TRUE,100,6.865912,94000,0.5534748,0,0,TRUE
"Sprat",25,1987,"2020",140.822,38.7156,TRUE,100,6.865912,94000,0.5534748,0,0,TRUE
"Sprat",25,1988,"2020",139.44,57.0424,TRUE,100,6.865912,94000,0.5534748,0,0,TRUE
"Sprat",25,1989,"2020",70.3496,112.62,TRUE,100,6.865912,94000,0.5534748,0,0,TRUE
"Sprat",25,1990,"2020",141.036,101.508,TRUE,100,6.865912,94000,0.5534748,0,0,TRUE
"Sprat",25,1991,"2020",101.477,64.8305,TRUE,100,6.865912,94000,0.5534748,0,0,TRUE
"Sprat",25,1992,"2020",90.9637,94.9877,TRUE,100,6.865912,94000,0.5534748,0,0,TRUE
"Sprat",25,1993,"2020",119.197,177.667,TRUE,100,6.865912,94000,0.5534748,0,0,TRUE
"Sprat",25,1994,"2020",145.825,120.446,TRUE,100,6.865912,94000,0.5534748,0,0,TRUE
"Sprat",25,1995,"2020",220.266,39.7105,TRUE,100,6.865912,94000,0.5534748,0,0,TRUE
"Sprat",25,1996,"2020",127.911,36.4429,TRUE,100,6.865912,94000,0.5534748,0,0,TRUE
"Sprat",25,1997,"2020",66.5701,47.5745,TRUE,100,6.865912,94000,0.5534748,0,0,TRUE
"Sprat",25,1998,"2020",136.696,108.155,TRUE,100,6.865912,94000,0.5534748,0,0,TRUE
"Sprat",25,1999,"2020",117.913,77.6293,TRUE,100,6.865912,94000,0.5534748,0,0,TRUE
"Sprat",25,2000,"2020",116.868,54.807,TRUE,100,6.865912,94000,0.5534748,0,0,TRUE
"Sprat",25,2001,"2020",112.547,63.6229,TRUE,100,6.865912,94000,0.5534748,0,0,TRUE
"Sprat",25,2002,"2020",168.014,55.7397,TRUE,100,6.865912,94000,0.5534748,0,0,TRUE
"Sprat",25,2003,"2020",89.625,70.1555,TRUE,100,6.865912,94000,0.5534748,0,0,TRUE
"Sprat",25,2004,"2020",159.131,188.556,TRUE,100,6.865912,94000,0.5534748,0,0,TRUE
"Sprat",25,2005,"2020",161.737,57.6056,TRUE,100,6.865912,94000,0.5534748,0,0,TRUE
"Sprat",25,2006,"2020",181.335,67.3919,TRUE,100,6.865912,94000,0.5534748,0,0,TRUE
"Sprat",25,2007,"2020",142.864,57.4567,TRUE,100,6.865912,94000,0.5534748,0,0,TRUE
"Sprat",25,2008,"2020",83.1012,135.375,TRUE,100,6.865912,94000,0.5534748,0,0,TRUE
"Sprat",25,2009,"2020",251.573,131.61,TRUE,100,6.865912,94000,0.5534748,0,0,TRUE
"Sprat",25,2010,"2020",224.331,151.066,TRUE,100,6.865912,94000,0.5534748,0,0,TRUE
"Sprat",25,2011,"2020",240.764,115.333,TRUE,100,6.865912,94000,0.5534748,0,0,TRUE
"Sprat",25,2012,"2020",246.411,66.3355,TRUE,100,6.865912,94000,0.5534748,0,0,TRUE
"Sprat",25,2013,"2020",93.595,219.292,TRUE,100,6.865912,94000,0.5534748,0,0,TRUE
"Sprat",25,2014,"2020",378.603,164.183,TRUE,100,6.865912,94000,0.5534748,0,0,TRUE
"Sprat",25,2015,"2020",422.099,116.81,TRUE,100,6.865912,94000,0.5534748,0,0,TRUE
"Sprat",25,2016,"2020",230.093,145.573,TRUE,100,6.865912,94000,0.5534748,0,0,TRUE
"Sprat",25,2017,"2020",106.905,216.738,TRUE,100,6.865912,94000,0.5534748,0,0,TRUE
"Sprat",25,2018,"2020",191.028,201.918,TRUE,100,6.865912,94000,0.5534748,0,0,TRUE
"Sprat",25,2019,"2020",228.894,243.725,TRUE,100,6.865912,94000,0.5534748,0,0,TRUE
"Sprat",25,1974,"2023",431.953,346.134,TRUE,100,6.926928,94000,0.555526,0,0,FALSE
"Sprat",25,1975,"2023",550.248,722.28,TRUE,100,6.926928,94000,0.555526,0,0,FALSE
"Sprat",25,1976,"2023",638.316,226.28,TRUE,100,6.926928,94000,0.555526,0,0,FALSE
"Sprat",25,1977,"2023",334.461,334.544,TRUE,100,6.926928,94000,0.555526,0,0,FALSE
"Sprat",25,1978,"2023",297.202,583.602,TRUE,100,6.926928,94000,0.555526,0,0,FALSE
"Sprat",25,1979,"2023",461.062,314.984,TRUE,100,6.926928,94000,0.555526,0,0,FALSE
"Sprat",25,1980,"2023",614.122,116.399,TRUE,100,6.926928,94000,0.555526,0,0,FALSE
"Sprat",25,1981,"2023",193.173,50.2603,TRUE,100,6.926928,94000,0.555526,0,0,TRUE
"Sprat",25,1982,"2023",88.0368,40.0017,TRUE,100,6.926928,94000,0.555526,0,0,TRUE
"Sprat",25,1983,"2023",149.397,65.6192,TRUE,100,6.926928,94000,0.555526,0,0,TRUE
"Sprat",25,1984,"2023",95.7755,47.0586,TRUE,100,6.926928,94000,0.555526,0,0,TRUE
"Sprat",25,1985,"2023",171.976,35.1444,TRUE,100,6.926928,94000,0.555526,0,0,TRUE
"Sprat",25,1986,"2023",93.5675,71.9144,TRUE,100,6.926928,94000,0.555526,0,0,TRUE
"Sprat",25,1987,"2023",123.253,44.7623,TRUE,100,6.926928,94000,0.555526,0,0,TRUE
"Sprat",25,1988,"2023",137.759,51.6594,TRUE,100,6.926928,94000,0.555526,0,0,TRUE
"Sprat",25,1989,"2023",80.1983,113.92,TRUE,100,6.926928,94000,0.555526,0,0,TRUE
"Sprat",25,1990,"2023",172.686,117.166,TRUE,100,6.926928,94000,0.555526,0,0,TRUE
"Sprat",25,1991,"2023",138.245,66.6463,TRUE,100,6.926928,94000,0.555526,0,0,TRUE
"Sprat",25,1992,"2023",93.0837,95.6937,TRUE,100,6.926928,94000,0.555526,0,0,TRUE
"Sprat",25,1993,"2023",120.756,186.137,TRUE,100,6.926928,94000,0.555526,0,0,TRUE
"Sprat",25,1994,"2023",160.004,128.025,TRUE,100,6.926928,94000,0.555526,0,0,TRUE
"Sprat",25,1995,"2023",252.545,37.6596,TRUE,100,6.926928,94000,0.555526,0,0,TRUE
"Sprat",25,1996,"2023",149.554,50.701,TRUE,100,6.926928,94000,0.555526,0,0,TRUE
"Sprat",25,1997,"2023",88.5469,60.9955,TRUE,100,6.926928,94000,0.555526,0,0,TRUE
"Sprat",25,1998,"2023",172.574,110.943,TRUE,100,6.926928,94000,0.555526,0,0,TRUE
"Sprat",25,1999,"2023",118.313,80.445,TRUE,100,6.926928,94000,0.555526,0,0,TRUE
"Sprat",25,2000,"2023",135.292,59.7729,TRUE,100,6.926928,94000,0.555526,0,0,TRUE
"Sprat",25,2001,"2023",125.413,70.4155,TRUE,100,6.926928,94000,0.555526,0,0,TRUE
"Sprat",25,2002,"2023",200.006,69.3088,TRUE,100,6.926928,94000,0.555526,0,0,TRUE
"Sprat",25,2003,"2023",106.557,81.9414,TRUE,100,6.926928,94000,0.555526,0,0,TRUE
"Sprat",25,2004,"2023",183.138,196.204,TRUE,100,6.926928,94000,0.555526,0,0,TRUE
"Sprat",25,2005,"2023",182.722,57.3956,TRUE,100,6.926928,94000,0.555526,0,0,TRUE
"Sprat",25,2006,"2023",196.899,80.9069,TRUE,100,6.926928,94000,0.555526,0,0,TRUE
"Sprat",25,2007,"2023",186.599,65.4126,TRUE,100,6.926928,94000,0.555526,0,0,TRUE
"Sprat",25,2008,"2023",98.8408,175.605,TRUE,100,6.926928,94000,0.555526,0,0,TRUE
"Sprat",25,2009,"2023",310.652,132.453,TRUE,100,6.926928,94000,0.555526,0,0,TRUE
"Sprat",25,2010,"2023",265.267,139.168,TRUE,100,6.926928,94000,0.555526,0,0,TRUE
"Sprat",25,2011,"2023",270.987,111.215,TRUE,100,6.926928,94000,0.555526,0,0,TRUE
"Sprat",25,2012,"2023",298.564,81.9654,TRUE,100,6.926928,94000,0.555526,0,0,TRUE
"Sprat",25,2013,"2023",107.157,231.27,TRUE,100,6.926928,94000,0.555526,0,0,TRUE
"Sprat",25,2014,"2023",457.691,186.812,TRUE,100,6.926928,94000,0.555526,0,0,TRUE
"Sprat",25,2015,"2023",442.065,131.435,TRUE,100,6.926928,94000,0.555526,0,0,TRUE
"Sprat",25,2016,"2023",256.006,149.073,TRUE,100,6.926928,94000,0.555526,0,0,TRUE
"Sprat",25,2017,"2023",127.552,226.122,TRUE,100,6.926928,94000,0.555526,0,0,TRUE
"Sprat",25,2018,"2023",234.493,188.586,TRUE,100,6.926928,94000,0.555526,0,0,TRUE
"Sprat",25,2019,"2023",263.4,142.783,TRUE,100,6.926928,94000,0.555526,0,0,TRUE
"Sprat",25,2020,"2023",255.268,125.348,TRUE,100,6.926928,94000,0.555526,0,0,TRUE
"Sprat",25,2021,"2023",178.277,183.121,TRUE,100,6.926928,94000,0.555526,0,0,TRUE
"Sprat",25,2022,"2023",183.516,324.43,TRUE,100,6.926928,94000,0.555526,0,0,TRUE
"Plaice",26,1974,"2020",298.975,0.825168,TRUE,1,6.843983,2.004242e-06,0.3509437,0,0,TRUE
"Plaice",26,1975,"2020",310.718,0.653864,TRUE,1,6.843983,2.004242e-06,0.3509437,0,0,TRUE
"Plaice",26,1976,"2020",315.941,0.956326,TRUE,1,6.843983,2.004242e-06,0.3509437,0,0,TRUE
"Plaice",26,1977,"2020",322.951,0.811509,TRUE,1,6.843983,2.004242e-06,0.3509437,0,0,TRUE
"Plaice",26,1978,"2020",318.578,0.858928,TRUE,1,6.843983,2.004242e-06,0.3509437,0,0,TRUE
"Plaice",26,1979,"2020",314.535,1.11117,TRUE,1,6.843983,2.004242e-06,0.3509437,0,0,TRUE
"Plaice",26,1980,"2020",299.09,1.03088,TRUE,1,6.843983,2.004242e-06,0.3509437,0,0,TRUE
"Plaice",26,1981,"2020",284.441,2.1418,TRUE,1,6.843983,2.004242e-06,0.3509437,0,0,TRUE
"Plaice",26,1982,"2020",280.321,1.47361,TRUE,1,6.843983,2.004242e-06,0.3509437,0,0,TRUE
"Plaice",26,1983,"2020",330.764,1.40702,TRUE,1,6.843983,2.004242e-06,0.3509437,0,0,TRUE
"Plaice",26,1984,"2020",350.448,1.92869,TRUE,1,6.843983,2.004242e-06,0.3509437,0,0,TRUE
"Plaice",26,1985,"2020",373.7,4.69803,FALSE,1,6.843983,2.004242e-06,0.3509437,0,0,FALSE
"Plaice",26,1986,"2020",411.143,2.18463,TRUE,1,6.843983,2.004242e-06,0.3509437,0,0,TRUE
"Plaice",26,1987,"2020",470.06,2.10186,TRUE,1,6.843983,2.004242e-06,0.3509437,0,0,TRUE
"Plaice",26,1988,"2020",413.646,1.44064,TRUE,1,6.843983,2.004242e-06,0.3509437,0,0,TRUE
"Plaice",26,1989,"2020",425.086,1.12367,TRUE,1,6.843983,2.004242e-06,0.3509437,0,0,TRUE
"Plaice",26,1990,"2020",381.001,0.98799,TRUE,1,6.843983,2.004242e-06,0.3509437,0,0,TRUE
"Plaice",26,1991,"2020",372.169,0.856236,TRUE,1,6.843983,2.004242e-06,0.3509437,0,0,TRUE
"Plaice",26,1992,"2020",318.175,0.559272,TRUE,1,6.843983,2.004242e-06,0.3509437,0,0,TRUE
"Plaice",26,1993,"2020",275.93,0.543318,TRUE,1,6.843983,2.004242e-06,0.3509437,0,0,TRUE
"Plaice",26,1994,"2020",229.126,0.908286,TRUE,1,6.843983,2.004242e-06,0.3509437,0,0,TRUE
"Plaice",26,1995,"2020",211.332,0.904849,TRUE,1,6.843983,2.004242e-06,0.3509437,0,0,TRUE
"Plaice",26,1996,"2020",191.886,2.54711,FALSE,1,6.843983,2.004242e-06,0.3509437,0,0,FALSE
"Plaice",26,1997,"2020",181.091,0.942078,TRUE,1,6.843983,2.004242e-06,0.3509437,0,0,TRUE
"Plaice",26,1998,"2020",200.255,0.813938,TRUE,1,6.843983,2.004242e-06,0.3509437,0,0,TRUE
"Plaice",26,1999,"2020",193.001,0.952964,TRUE,1,6.843983,2.004242e-06,0.3509437,0,0,TRUE
"Plaice",26,2000,"2020",192.562,0.605601,TRUE,1,6.843983,2.004242e-06,0.3509437,0,0,TRUE
"Plaice",26,2001,"2020",206.907,1.74994,TRUE,1,6.843983,2.004242e-06,0.3509437,0,0,TRUE
"Plaice",26,2002,"2020",171.616,0.57346,TRUE,1,6.843983,2.004242e-06,0.3509437,0,0,TRUE
"Plaice",26,2003,"2020",186.896,1.17072,TRUE,1,6.843983,2.004242e-06,0.3509437,0,0,TRUE
"Plaice",26,2004,"2020",158.142,0.727254,TRUE,1,6.843983,2.004242e-06,0.3509437,0,0,TRUE
"Plaice",26,2005,"2020",179.842,0.731551,TRUE,1,6.843983,2.004242e-06,0.3509437,0,0,TRUE
"Plaice",26,2006,"2020",177.402,1.0801,TRUE,1,6.843983,2.004242e-06,0.3509437,0,0,TRUE
"Plaice",26,2007,"2020",157.804,0.926213,TRUE,1,6.843983,2.004242e-06,0.3509437,0,0,TRUE
"Plaice",26,2008,"2020",182.528,0.853065,TRUE,1,6.843983,2.004242e-06,0.3509437,0,0,TRUE
"Plaice",26,2009,"2020",213.769,1.08911,TRUE,1,6.843983,2.004242e-06,0.3509437,0,0,TRUE
"Plaice",26,2010,"2020",252.392,1.30556,TRUE,1,6.843983,2.004242e-06,0.3509437,0,0,TRUE
"Plaice",26,2011,"2020",242.594,1.08907,TRUE,1,6.843983,2.004242e-06,0.3509437,0,0,TRUE
"Plaice",26,2012,"2020",241.346,1.1674,TRUE,1,6.843983,2.004242e-06,0.3509437,0,0,TRUE
"Plaice",26,2013,"2020",264.551,1.27327,TRUE,1,6.843983,2.004242e-06,0.3509437,0,0,TRUE
"Plaice",26,2014,"2020",292.332,0.718254,TRUE,1,6.843983,2.004242e-06,0.3509437,0,0,TRUE
"Plaice",26,2015,"2020",267.021,0.830492,TRUE,1,6.843983,2.004242e-06,0.3509437,0,0,TRUE
"Plaice",26,2016,"2020",255.363,1.29005,TRUE,1,6.843983,2.004242e-06,0.3509437,0,0,TRUE
"Plaice",26,2017,"2020",235.403,0.743112,TRUE,1,6.843983,2.004242e-06,0.3509437,0,0,TRUE
"Plaice",26,2018,"2020",211.663,2.23822,TRUE,1,6.843983,2.004242e-06,0.3509437,0,0,TRUE
"Plaice",26,2019,"2020",212.454,0.949833,TRUE,1,6.843983,2.004242e-06,0.3509437,0,0,TRUE
"Plaice",26,1974,"2023",498.129,1.92574,TRUE,1,9.28252,1.025846e-06,0.3381219,0,0,TRUE
"Plaice",26,1975,"2023",511.509,1.55621,TRUE,1,9.28252,1.025846e-06,0.3381219,0,0,TRUE
"Plaice",26,1976,"2023",524.56,2.25208,TRUE,1,9.28252,1.025846e-06,0.3381219,0,0,TRUE
"Plaice",26,1977,"2023",517.602,1.84334,TRUE,1,9.28252,1.025846e-06,0.3381219,0,0,TRUE
"Plaice",26,1978,"2023",502.852,1.93666,TRUE,1,9.28252,1.025846e-06,0.3381219,0,0,TRUE
"Plaice",26,1979,"2023",477.015,2.60429,TRUE,1,9.28252,1.025846e-06,0.3381219,0,0,TRUE
"Plaice",26,1980,"2023",466.816,2.25705,TRUE,1,9.28252,1.025846e-06,0.3381219,0,0,TRUE
"Plaice",26,1981,"2023",442.615,4.87919,TRUE,1,9.28252,1.025846e-06,0.3381219,0,0,TRUE
"Plaice",26,1982,"2023",429.306,3.30146,TRUE,1,9.28252,1.025846e-06,0.3381219,0,0,TRUE
"Plaice",26,1983,"2023",518.256,3.0862,TRUE,1,9.28252,1.025846e-06,0.3381219,0,0,TRUE
"Plaice",26,1984,"2023",535.59,3.94653,TRUE,1,9.28252,1.025846e-06,0.3381219,0,0,TRUE
"Plaice",26,1985,"2023",566.491,9.60063,FALSE,1,9.28252,1.025846e-06,0.3381219,0,0,FALSE
"Plaice",26,1986,"2023",595.646,4.50675,TRUE,1,9.28252,1.025846e-06,0.3381219,0,0,TRUE
"Plaice",26,1987,"2023",688.344,4.54438,TRUE,1,9.28252,1.025846e-06,0.3381219,0,0,TRUE
"Plaice",26,1988,"2023",596.918,3.30809,TRUE,1,9.28252,1.025846e-06,0.3381219,0,0,TRUE
"Plaice",26,1989,"2023",626.706,2.8464,TRUE,1,9.28252,1.025846e-06,0.3381219,0,0,TRUE
"Plaice",26,1990,"2023",566.595,2.69997,TRUE,1,9.28252,1.025846e-06,0.3381219,0,0,TRUE
"Plaice",26,1991,"2023",533.638,2.3053,TRUE,1,9.28252,1.025846e-06,0.3381219,0,0,TRUE
"Plaice",26,1992,"2023",455.745,1.46738,TRUE,1,9.28252,1.025846e-06,0.3381219,0,0,TRUE
"Plaice",26,1993,"2023",402.865,1.35225,TRUE,1,9.28252,1.025846e-06,0.3381219,0,0,TRUE
"Plaice",26,1994,"2023",340.722,2.08561,TRUE,1,9.28252,1.025846e-06,0.3381219,0,0,TRUE
"Plaice",26,1995,"2023",317.105,2.04537,TRUE,1,9.28252,1.025846e-06,0.3381219,0,0,TRUE
"Plaice",26,1996,"2023",282.804,5.79451,FALSE,1,9.28252,1.025846e-06,0.3381219,0,0,FALSE
"Plaice",26,1997,"2023",264.939,2.21644,TRUE,1,9.28252,1.025846e-06,0.3381219,0,0,TRUE
"Plaice",26,1998,"2023",311.703,2.0173,TRUE,1,9.28252,1.025846e-06,0.3381219,0,0,TRUE
"Plaice",26,1999,"2023",295.077,2.27076,TRUE,1,9.28252,1.025846e-06,0.3381219,0,0,TRUE
"Plaice",26,2000,"2023",304.66,1.38894,TRUE,1,9.28252,1.025846e-06,0.3381219,0,0,TRUE
"Plaice",26,2001,"2023",331.695,3.93293,TRUE,1,9.28252,1.025846e-06,0.3381219,0,0,TRUE
"Plaice",26,2002,"2023",293.825,1.27903,TRUE,1,9.28252,1.025846e-06,0.3381219,0,0,TRUE
"Plaice",26,2003,"2023",338.285,2.69088,TRUE,1,9.28252,1.025846e-06,0.3381219,0,0,TRUE
"Plaice",26,2004,"2023",318.869,1.85845,TRUE,1,9.28252,1.025846e-06,0.3381219,0,0,TRUE
"Plaice",26,2005,"2023",370.329,2.02126,TRUE,1,9.28252,1.025846e-06,0.3381219,0,0,TRUE
"Plaice",26,2006,"2023",397.485,3.17978,TRUE,1,9.28252,1.025846e-06,0.3381219,0,0,TRUE
"Plaice",26,2007,"2023",381.134,2.74919,TRUE,1,9.28252,1.025846e-06,0.3381219,0,0,TRUE
"Plaice",26,2008,"2023",448.234,2.61844,TRUE,1,9.28252,1.025846e-06,0.3381219,0,0,TRUE
"Plaice",26,2009,"2023",524.955,3.29775,TRUE,1,9.28252,1.025846e-06,0.3381219,0,0,TRUE
"Plaice",26,2010,"2023",584.256,3.85248,TRUE,1,9.28252,1.025846e-06,0.3381219,0,0,TRUE
"Plaice",26,2011,"2023",561.083,3.19959,TRUE,1,9.28252,1.025846e-06,0.3381219,0,0,TRUE
"Plaice",26,2012,"2023",542.163,3.4299,TRUE,1,9.28252,1.025846e-06,0.3381219,0,0,TRUE
"Plaice",26,2013,"2023",584.585,3.56386,TRUE,1,9.28252,1.025846e-06,0.3381219,0,0,TRUE
"Plaice",26,2014,"2023",636.437,1.98426,TRUE,1,9.28252,1.025846e-06,0.3381219,0,0,TRUE
"Plaice",26,2015,"2023",560.668,2.1513,TRUE,1,9.28252,1.025846e-06,0.3381219,0,0,TRUE
"Plaice",26,2016,"2023",535.389,2.98522,TRUE,1,9.28252,1.025846e-06,0.3381219,0,0,TRUE
"Plaice",26,2017,"2023",507.494,1.97046,TRUE,1,9.28252,1.025846e-06,0.3381219,0,0,TRUE
"Plaice",26,2018,"2023",435.539,4.35435,TRUE,1,9.28252,1.025846e-06,0.3381219,0,0,TRUE
"Plaice",26,2019,"2023",401.022,2.65965,TRUE,1,9.28252,1.025846e-06,0.3381219,0,0,TRUE
"Plaice",26,2020,"2023",421.213,2.18944,TRUE,1,9.28252,1.025846e-06,0.3381219,0,0,TRUE
"Plaice",26,2021,"2023",438.649,7.08987,TRUE,1,9.28252,1.025846e-06,0.3381219,0,0,TRUE
"Plaice",26,2022,"2023",431.298,3.15936,TRUE,1,9.28252,1.025846e-06,0.3381219,0,0,TRUE
"Sole",27,1974,"2020",40.9976,0.0491418,TRUE,1,7.299911,2.542263e-05,0.6289044,0,0,TRUE
"Sole",27,1975,"2020",43.211,0.111019,TRUE,1,7.299911,2.542263e-05,0.6289044,0,0,TRUE
"Sole",27,1976,"2020",42.8348,0.138258,TRUE,1,7.299911,2.542263e-05,0.6289044,0,0,TRUE
"Sole",27,1977,"2020",35.0682,0.0511848,TRUE,1,7.299911,2.542263e-05,0.6289044,0,0,TRUE
"Sole",27,1978,"2020",39.9994,0.014954,TRUE,1,7.299911,2.542263e-05,0.6289044,0,0,TRUE
"Sole",27,1979,"2020",45.9676,0.151835,TRUE,1,7.299911,2.542263e-05,0.6289044,0,0,TRUE
"Sole",27,1980,"2020",36.1978,0.162427,TRUE,1,7.299911,2.542263e-05,0.6289044,0,0,TRUE
"Sole",27,1981,"2020",25.0772,0.14701,TRUE,1,7.299911,2.542263e-05,0.6289044,0,0,TRUE
"Sole",27,1982,"2020",34.1497,0.149864,TRUE,1,7.299911,2.542263e-05,0.6289044,0,0,TRUE
"Sole",27,1983,"2020",42.1803,0.0771122,TRUE,1,7.299911,2.542263e-05,0.6289044,0,0,TRUE
"Sole",27,1984,"2020",45.3571,0.0926716,TRUE,1,7.299911,2.542263e-05,0.6289044,0,0,TRUE
"Sole",27,1985,"2020",41.8695,0.143123,TRUE,1,7.299911,2.542263e-05,0.6289044,0,0,TRUE
"Sole",27,1986,"2020",36.2823,0.0669247,TRUE,1,7.299911,2.542263e-05,0.6289044,0,0,TRUE
"Sole",27,1987,"2020",29.9497,0.509291,FALSE,1,7.299911,2.542263e-05,0.6289044,0,0,FALSE
"Sole",27,1988,"2020",36.5179,0.115792,TRUE,1,7.299911,2.542263e-05,0.6289044,0,0,TRUE
"Sole",27,1989,"2020",32.5696,0.235062,TRUE,1,7.299911,2.542263e-05,0.6289044,0,0,TRUE
"Sole",27,1990,"2020",91.2058,0.0831093,TRUE,1,7.299911,2.542263e-05,0.6289044,0,0,TRUE
"Sole",27,1991,"2020",77.7366,0.42287,FALSE,1,7.299911,2.542263e-05,0.6289044,0,0,FALSE
"Sole",27,1992,"2020",78.2896,0.0860954,TRUE,1,7.299911,2.542263e-05,0.6289044,0,0,TRUE
"Sole",27,1993,"2020",54.6503,0.0614568,TRUE,1,7.299911,2.542263e-05,0.6289044,0,0,TRUE
"Sole",27,1994,"2020",76.9341,0.103584,TRUE,1,7.299911,2.542263e-05,0.6289044,0,0,TRUE
"Sole",27,1995,"2020",59.7646,0.0623402,TRUE,1,7.299911,2.542263e-05,0.6289044,0,0,TRUE
"Sole",27,1996,"2020",40.7519,0.260155,TRUE,1,7.299911,2.542263e-05,0.6289044,0,0,TRUE
"Sole",27,1997,"2020",29.1566,0.118067,TRUE,1,7.299911,2.542263e-05,0.6289044,0,0,TRUE
"Sole",27,1998,"2020",21.8452,0.0918896,TRUE,1,7.299911,2.542263e-05,0.6289044,0,0,TRUE
"Sole",27,1999,"2020",38.9763,0.124175,TRUE,1,7.299911,2.542263e-05,0.6289044,0,0,TRUE
"Sole",27,2000,"2020",35.6869,0.0670351,TRUE,1,7.299911,2.542263e-05,0.6289044,0,0,TRUE
"Sole",27,2001,"2020",28.6146,0.183452,TRUE,1,7.299911,2.542263e-05,0.6289044,0,0,TRUE
"Sole",27,2002,"2020",31.165,0.0854728,TRUE,1,7.299911,2.542263e-05,0.6289044,0,0,TRUE
"Sole",27,2003,"2020",26.2353,0.0455089,TRUE,1,7.299911,2.542263e-05,0.6289044,0,0,TRUE
"Sole",27,2004,"2020",36.9689,0.0502944,TRUE,1,7.299911,2.542263e-05,0.6289044,0,0,TRUE
"Sole",27,2005,"2020",31.3707,0.184905,TRUE,1,7.299911,2.542263e-05,0.6289044,0,0,TRUE
"Sole",27,2006,"2020",24.0188,0.073832,TRUE,1,7.299911,2.542263e-05,0.6289044,0,0,TRUE
"Sole",27,2007,"2020",17.7359,0.0720509,TRUE,1,7.299911,2.542263e-05,0.6289044,0,0,TRUE
"Sole",27,2008,"2020",33.741,0.0898034,TRUE,1,7.299911,2.542263e-05,0.6289044,0,0,TRUE
"Sole",27,2009,"2020",31.9509,0.185987,TRUE,1,7.299911,2.542263e-05,0.6289044,0,0,TRUE
"Sole",27,2010,"2020",29.2846,0.228646,TRUE,1,7.299911,2.542263e-05,0.6289044,0,0,TRUE
"Sole",27,2011,"2020",25.636,0.0584393,TRUE,1,7.299911,2.542263e-05,0.6289044,0,0,TRUE
"Sole",27,2012,"2020",30.6226,0.105075,TRUE,1,7.299911,2.542263e-05,0.6289044,0,0,TRUE
"Sole",27,2013,"2020",36.5919,0.155951,TRUE,1,7.299911,2.542263e-05,0.6289044,0,0,TRUE
"Sole",27,2014,"2020",31.4037,0.112289,TRUE,1,7.299911,2.542263e-05,0.6289044,0,0,TRUE
"Sole",27,2015,"2020",29.1852,0.0682396,TRUE,1,7.299911,2.542263e-05,0.6289044,0,0,TRUE
"Sole",27,2016,"2020",34.9131,0.138691,TRUE,1,7.299911,2.542263e-05,0.6289044,0,0,TRUE
"Sole",27,2017,"2020",31.0292,0.112278,TRUE,1,7.299911,2.542263e-05,0.6289044,0,0,TRUE
"Sole",27,2018,"2020",27.506,0.632963,TRUE,1,7.299911,2.542263e-05,0.6289044,0,0,TRUE
"Sole",27,2019,"2020",27.8788,0.0242864,TRUE,1,7.299911,2.542263e-05,0.6289044,0,0,TRUE
"Sole",27,1974,"2023",41.1097,0.0493458,TRUE,1,6.606608,2.400051e-05,0.5274833,0,0,TRUE
"Sole",27,1975,"2023",43.3702,0.111653,TRUE,1,6.606608,2.400051e-05,0.5274833,0,0,TRUE
"Sole",27,1976,"2023",43.0001,0.139807,TRUE,1,6.606608,2.400051e-05,0.5274833,0,0,TRUE
"Sole",27,1977,"2023",35.2306,0.0512738,TRUE,1,6.606608,2.400051e-05,0.5274833,0,0,TRUE
"Sole",27,1978,"2023",40.178,0.0150711,TRUE,1,6.606608,2.400051e-05,0.5274833,0,0,TRUE
"Sole",27,1979,"2023",46.2999,0.149577,TRUE,1,6.606608,2.400051e-05,0.5274833,0,0,TRUE
"Sole",27,1980,"2023",36.4209,0.156925,TRUE,1,6.606608,2.400051e-05,0.5274833,0,0,TRUE
"Sole",27,1981,"2023",25.3118,0.146287,TRUE,1,6.606608,2.400051e-05,0.5274833,0,0,TRUE
"Sole",27,1982,"2023",34.1583,0.148725,TRUE,1,6.606608,2.400051e-05,0.5274833,0,0,TRUE
"Sole",27,1983,"2023",41.7035,0.0776511,TRUE,1,6.606608,2.400051e-05,0.5274833,0,0,TRUE
"Sole",27,1984,"2023",45.1241,0.093299,TRUE,1,6.606608,2.400051e-05,0.5274833,0,0,TRUE
"Sole",27,1985,"2023",41.8459,0.149585,TRUE,1,6.606608,2.400051e-05,0.5274833,0,0,TRUE
"Sole",27,1986,"2023",36.6056,0.0690755,TRUE,1,6.606608,2.400051e-05,0.5274833,0,0,TRUE
"Sole",27,1987,"2023",30.6498,0.502735,FALSE,1,6.606608,2.400051e-05,0.5274833,0,0,FALSE
"Sole",27,1988,"2023",38.1013,0.112848,TRUE,1,6.606608,2.400051e-05,0.5274833,0,0,TRUE
"Sole",27,1989,"2023",33.9437,0.226101,TRUE,1,6.606608,2.400051e-05,0.5274833,0,0,TRUE
"Sole",27,1990,"2023",91.2208,0.0843691,TRUE,1,6.606608,2.400051e-05,0.5274833,0,0,TRUE
"Sole",27,1991,"2023",77.5796,0.400846,FALSE,1,6.606608,2.400051e-05,0.5274833,0,0,FALSE
"Sole",27,1992,"2023",76.7007,0.083569,TRUE,1,6.606608,2.400051e-05,0.5274833,0,0,TRUE
"Sole",27,1993,"2023",53.3929,0.0591752,TRUE,1,6.606608,2.400051e-05,0.5274833,0,0,TRUE
"Sole",27,1994,"2023",73.8235,0.0978691,TRUE,1,6.606608,2.400051e-05,0.5274833,0,0,TRUE
"Sole",27,1995,"2023",57.9326,0.0616601,TRUE,1,6.606608,2.400051e-05,0.5274833,0,0,TRUE
"Sole",27,1996,"2023",39.3654,0.24952,TRUE,1,6.606608,2.400051e-05,0.5274833,0,0,TRUE
"Sole",27,1997,"2023",28.1342,0.112731,TRUE,1,6.606608,2.400051e-05,0.5274833,0,0,TRUE
"Sole",27,1998,"2023",21.363,0.091297,TRUE,1,6.606608,2.400051e-05,0.5274833,0,0,TRUE
"Sole",27,1999,"2023",37.4837,0.122609,TRUE,1,6.606608,2.400051e-05,0.5274833,0,0,TRUE
"Sole",27,2000,"2023",34.2612,0.0668766,TRUE,1,6.606608,2.400051e-05,0.5274833,0,0,TRUE
"Sole",27,2001,"2023",27.9692,0.182992,TRUE,1,6.606608,2.400051e-05,0.5274833,0,0,TRUE
"Sole",27,2002,"2023",30.7123,0.0848221,TRUE,1,6.606608,2.400051e-05,0.5274833,0,0,TRUE
"Sole",27,2003,"2023",26.0344,0.0462168,TRUE,1,6.606608,2.400051e-05,0.5274833,0,0,TRUE
"Sole",27,2004,"2023",36.7719,0.0501046,TRUE,1,6.606608,2.400051e-05,0.5274833,0,0,TRUE
"Sole",27,2005,"2023",31.2865,0.179566,TRUE,1,6.606608,2.400051e-05,0.5274833,0,0,TRUE
"Sole",27,2006,"2023",24.0425,0.0715663,TRUE,1,6.606608,2.400051e-05,0.5274833,0,0,TRUE
"Sole",27,2007,"2023",17.6916,0.0691077,TRUE,1,6.606608,2.400051e-05,0.5274833,0,0,TRUE
"Sole",27,2008,"2023",32.8272,0.0854204,TRUE,1,6.606608,2.400051e-05,0.5274833,0,0,TRUE
"Sole",27,2009,"2023",30.9489,0.173025,TRUE,1,6.606608,2.400051e-05,0.5274833,0,0,TRUE
"Sole",27,2010,"2023",28.2251,0.217527,TRUE,1,6.606608,2.400051e-05,0.5274833,0,0,TRUE
"Sole",27,2011,"2023",24.549,0.0552501,TRUE,1,6.606608,2.400051e-05,0.5274833,0,0,TRUE
"Sole",27,2012,"2023",28.6903,0.0942355,TRUE,1,6.606608,2.400051e-05,0.5274833,0,0,TRUE
"Sole",27,2013,"2023",34.2665,0.142317,TRUE,1,6.606608,2.400051e-05,0.5274833,0,0,TRUE
"Sole",27,2014,"2023",29.1146,0.0994007,TRUE,1,6.606608,2.400051e-05,0.5274833,0,0,TRUE
"Sole",27,2015,"2023",26.0945,0.0647133,TRUE,1,6.606608,2.400051e-05,0.5274833,0,0,TRUE
"Sole",27,2016,"2023",30.2642,0.104467,TRUE,1,6.606608,2.400051e-05,0.5274833,0,0,TRUE
"Sole",27,2017,"2023",25.0726,0.0781762,TRUE,1,6.606608,2.400051e-05,0.5274833,0,0,TRUE
"Sole",27,2018,"2023",20.3365,0.209382,TRUE,1,6.606608,2.400051e-05,0.5274833,0,0,TRUE
"Sole",27,2019,"2023",17.5821,0.0331706,TRUE,1,6.606608,2.400051e-05,0.5274833,0,0,TRUE
"Sole",27,2020,"2023",16.7894,0.0620689,TRUE,1,6.606608,2.400051e-05,0.5274833,0,0,TRUE
"Sole",27,2021,"2023",28.5999,0.0960638,TRUE,1,6.606608,2.400051e-05,0.5274833,0,0,TRUE
"Sole",27,2022,"2023",26.9638,0.0932627,TRUE,1,6.606608,2.400051e-05,0.5274833,0,0,TRUE
