fishery,area,year,species,type,inpN,sizebin1,sizebin2,sizebin3,sizebin4,sizebin5
census,1,54,Blue_whiting,0,605,-999,0.02809917355371901,0.5570247933884298,0.41487603305785126,-999
census,1,55,Blue_whiting,0,792,-999,0.027777777777777776,0.5202020202020202,0.45075757575757575,0.0012626262626262627
census,1,56,Blue_whiting,0,820,-999,0.02804878048780488,0.524390243902439,0.4475609756097561,-999
census,1,57,Blue_whiting,0,820,-999,0.03170731707317073,0.5426829268292683,0.42560975609756097,-999
census,1,58,Blue_whiting,0,825,-999,0.03515151515151515,0.5515151515151515,0.41333333333333333,-999
census,1,59,Blue_whiting,0,830,-999,0.03614457831325301,0.5674698795180723,0.3963855421686747,-999
census,1,60,Blue_whiting,0,821,-999,0.0341047503045067,0.5688185140073082,0.39707673568818513,-999
census,1,61,Blue_whiting,0,822,-999,0.0364963503649635,0.5547445255474452,0.40875912408759124,-999
census,1,62,Blue_whiting,0,815,-999,0.04294478527607362,0.5435582822085889,0.4134969325153374,-999
census,1,63,Blue_whiting,0,826,-999,0.0387409200968523,0.5423728813559322,0.4188861985472155,-999
census,1,64,Blue_whiting,0,849,-999,0.03769140164899882,0.5488810365135454,0.4134275618374558,-999
census,1,65,Blue_whiting,0,823,-999,0.03766707168894289,0.5261239368165249,0.4362089914945322,-999
census,1,66,Blue_whiting,0,831,-999,0.04091456077015644,0.555956678700361,0.4019253910950662,0.0012033694344163659
census,1,67,Blue_whiting,0,818,-999,0.04156479217603912,0.5268948655256723,0.43031784841075793,0.0012224938875305623
census,1,68,Blue_whiting,0,838,-999,0.0405727923627685,0.5369928400954654,0.4224343675417661,-999
census,1,69,Blue_whiting,0,835,-999,0.03832335329341317,0.5197604790419161,0.43952095808383235,0.0023952095808383233
census,1,70,Blue_whiting,0,810,-999,0.03827160493827161,0.5370370370370371,0.42345679012345677,0.0012345679012345679
census,1,71,Blue_whiting,0,838,-999,0.03699284009546539,0.535799522673031,0.42601431980906923,0.0011933174224343676
census,1,72,Blue_whiting,0,818,-999,0.039119804400977995,0.539119804400978,0.42053789731051344,0.0012224938875305623
census,1,73,Blue_whiting,0,831,-999,0.0421179302045728,0.5487364620938628,0.40794223826714804,0.0012033694344163659
census,1,74,Blue_whiting,0,825,-999,0.037575757575757575,0.52,0.44,0.0024242424242424242
census,1,75,Blue_whiting,0,804,-999,0.03855721393034826,0.5310945273631841,0.4291044776119403,0.0012437810945273632
census,1,76,Blue_whiting,0,822,-999,0.038929440389294405,0.5340632603406326,0.4257907542579075,0.0012165450121654502
census,1,77,Blue_whiting,0,846,-999,0.04018912529550828,0.5460992907801419,0.41134751773049644,0.002364066193853428
census,1,78,Blue_whiting,0,829,-999,0.038600723763570564,0.5464414957780458,0.41254523522316044,0.0024125452352231603
census,1,79,Blue_whiting,0,824,-999,0.03762135922330097,0.5121359223300971,0.44781553398058255,0.0024271844660194173
census,1,80,Blue_whiting,0,850,-999,0.03882352941176471,0.5188235294117647,0.4423529411764706,-999
census,1,81,Blue_whiting,0,816,-999,0.03431372549019608,0.4791666666666667,0.4840686274509804,0.0024509803921568627
census,1,82,Blue_whiting,0,800,-999,0.03125,0.46,0.50375,0.005
census,1,83,Blue_whiting,0,821,-999,0.031668696711327646,0.46041412911084045,0.5006090133982948,0.007308160779537149
census,1,84,Blue_whiting,0,810,-999,0.030864197530864196,0.4469135802469136,0.5160493827160494,0.006172839506172839
census,1,85,Blue_whiting,0,812,-999,0.03694581280788178,0.4445812807881773,0.5135467980295566,0.0049261083743842365
census,1,86,Blue_whiting,0,806,-999,0.028535980148883373,0.43424317617866004,0.5310173697270472,0.00620347394540943
census,1,87,Blue_whiting,0,825,-999,0.02666666666666667,0.4193939393939394,0.5478787878787879,0.006060606060606061
census,1,88,Blue_whiting,0,786,-999,0.031806615776081425,0.4351145038167939,0.5279898218829516,0.005089058524173028
census,1,89,Blue_whiting,0,811,-999,0.030826140567200986,0.43773119605425403,0.5265104808877928,0.004932182490752158
census,1,90,Blue_whiting,0,809,-999,0.027194066749072928,0.43139678615574784,0.5339925834363412,0.007416563658838072
census,1,91,Blue_whiting,0,815,-999,0.03067484662576687,0.4392638036809816,0.5251533742331288,0.0049079754601227
census,1,92,Blue_whiting,0,799,-999,0.025031289111389236,0.4405506883604506,0.5306633291614519,0.0037546933667083854
census,1,93,Blue_whiting,0,816,-999,0.029411764705882353,0.4411764705882353,0.5281862745098039,0.0012254901960784314
census,1,94,Blue_whiting,0,813,-999,0.02952029520295203,0.43911439114391143,0.5264452644526445,0.004920049200492005
census,1,95,Blue_whiting,0,807,-999,0.030978934324659233,0.436183395291202,0.5278810408921933,0.004956629491945477
census,1,96,Blue_whiting,0,811,-999,0.027127003699136867,0.42909987669543775,0.5413070283600493,0.002466091245376079
census,1,97,Blue_whiting,0,816,-999,0.02696078431372549,0.43995098039215685,0.5294117647058824,0.003676470588235294
census,1,98,Blue_whiting,0,817,-999,0.02937576499388005,0.4541003671970624,0.5128518971848225,0.0036719706242350062
census,1,99,Blue_whiting,0,794,-999,0.031486146095717885,0.45717884130982367,0.5088161209068011,0.0025188916876574307
census,1,100,Blue_whiting,0,831,-999,0.03369434416365824,0.4753309265944645,0.48736462093862815,0.0036101083032490976
census,1,101,Blue_whiting,0,787,-999,0.026683608640406607,0.44472681067344344,0.5247776365946633,0.0038119440914866584
census,1,102,Blue_whiting,0,815,-999,0.029447852760736196,0.43803680981595094,0.5300613496932516,0.00245398773006135
census,1,103,Blue_whiting,0,808,-999,0.022277227722772276,0.45544554455445546,0.5198019801980198,0.0024752475247524753
census,1,104,Blue_whiting,0,815,-999,0.03190184049079755,0.43558282208588955,0.5300613496932516,0.00245398773006135
census,1,105,Blue_whiting,0,789,-999,0.026615969581749048,0.4461343472750317,0.523447401774398,0.0038022813688212928
census,1,106,Blue_whiting,0,803,-999,0.0273972602739726,0.45579078455790784,0.5155666251556662,0.0012453300124533001
census,1,107,Blue_whiting,0,809,-999,0.03337453646477132,0.4672435105067985,0.49443757725587145,0.004944375772558714
census,1,108,Blue_whiting,0,830,-999,0.02891566265060241,0.4650602409638554,0.5012048192771085,0.004819277108433735
census,1,109,Blue_whiting,0,804,-999,0.029850746268656716,0.4577114427860697,0.5087064676616916,0.0037313432835820895
census,1,110,Blue_whiting,0,807,-999,0.02973977695167286,0.47335811648079307,0.4944237918215613,0.0024783147459727386
census,1,111,Blue_whiting,0,820,-999,0.03170731707317073,0.4865853658536585,0.4817073170731707,-999
census,1,112,Blue_whiting,0,830,-999,0.03493975903614458,0.4771084337349398,0.4879518072289157,-999
census,1,113,Blue_whiting,0,825,-999,0.03515151515151515,0.4678787878787879,0.49454545454545457,0.0024242424242424242
census,1,114,Blue_whiting,0,823,-999,0.026731470230862697,0.4690157958687728,0.5006075334143378,0.0036452004860267314
census,1,115,Blue_whiting,0,818,-999,0.03667481662591687,0.4474327628361858,0.5122249388753056,0.003667481662591687
census,1,116,Blue_whiting,0,815,-999,0.03190184049079755,0.4638036809815951,0.5006134969325153,0.0036809815950920245
census,1,117,Blue_whiting,0,804,-999,0.029850746268656716,0.47139303482587064,0.4975124378109453,0.0012437810945273632
census,1,118,Blue_whiting,0,815,-999,0.03190184049079755,0.4834355828220859,0.4822085889570552,0.00245398773006135
census,1,119,Blue_whiting,0,836,-999,0.029904306220095694,0.4605263157894737,0.507177033492823,0.0023923444976076554
census,1,54,Capelin,0,798,0.0037593984962406013,0.35714285714285715,0.5877192982456141,0.05137844611528822,-999
census,1,55,Capelin,0,995,0.003015075376884422,0.25025125628140704,0.6201005025125628,0.12663316582914572,-999
census,1,56,Capelin,0,994,0.0030181086519114686,0.2947686116700201,0.6156941649899397,0.08651911468812877,-999
census,1,57,Capelin,0,992,0.004032258064516129,0.2610887096774194,0.6381048387096774,0.0967741935483871,-999
census,1,58,Capelin,0,993,0.0030211480362537764,0.2719033232628399,0.6304128902316214,0.094662638469285,-999
census,1,59,Capelin,0,995,0.003015075376884422,0.2592964824120603,0.6341708542713568,0.1035175879396985,-999
census,1,60,Capelin,0,990,0.0030303030303030303,0.27070707070707073,0.6323232323232323,0.09393939393939393,-999
census,1,61,Capelin,0,999,0.004004004004004004,0.2702702702702703,0.6386386386386387,0.08708708708708708,-999
census,1,62,Capelin,0,991,0.0030272452068617556,0.2875882946518668,0.6347124117053481,0.07467204843592332,-999
census,1,63,Capelin,0,996,0.0030120481927710845,0.24397590361445784,0.6285140562248996,0.12449799196787148,-999
census,1,64,Capelin,0,993,0.0030211480362537764,0.2759315206445116,0.6294058408862034,0.09164149043303121,-999
census,1,65,Capelin,0,994,0.0030181086519114686,0.2766599597585513,0.6277665995975855,0.0925553319919517,-999
census,1,66,Capelin,0,992,0.004032258064516129,0.2842741935483871,0.6199596774193549,0.09173387096774194,-999
census,1,67,Capelin,0,993,0.0030211480362537764,0.2719033232628399,0.6314199395770392,0.09365558912386707,-999
census,1,68,Capelin,0,993,0.0030211480362537764,0.2729103726082578,0.6394763343403826,0.08459214501510574,-999
census,1,69,Capelin,0,993,0.0030211480362537764,0.2608257804632427,0.6414904330312186,0.094662638469285,-999
census,1,70,Capelin,0,992,0.004032258064516129,0.27419354838709675,0.6310483870967742,0.0907258064516129,-999
census,1,71,Capelin,0,996,0.0030120481927710845,0.2710843373493976,0.6325301204819277,0.09337349397590361,-999
census,1,72,Capelin,0,992,0.0030241935483870967,0.2762096774193548,0.6320564516129032,0.08870967741935484,-999
census,1,73,Capelin,0,1000,0.004,0.285,0.634,0.077,-999
census,1,74,Capelin,0,987,0.00303951367781155,0.26545086119554206,0.6281661600810537,0.1033434650455927,-999
census,1,75,Capelin,0,992,0.004032258064516129,0.28830645161290325,0.6219758064516129,0.08568548387096774,-999
census,1,76,Capelin,0,994,0.0030181086519114686,0.2665995975855131,0.635814889336016,0.09456740442655935,-999
census,1,77,Capelin,0,993,0.0030211480362537764,0.283987915407855,0.6294058408862034,0.08358509566968782,-999
census,1,78,Capelin,0,992,0.0030241935483870967,0.2590725806451613,0.6370967741935484,0.10080645161290322,-999
census,1,79,Capelin,0,992,0.004032258064516129,0.2842741935483871,0.6370967741935484,0.07459677419354839,-999
census,1,80,Capelin,0,993,0.0030211480362537764,0.2648539778449144,0.648539778449144,0.08358509566968782,-999
census,1,81,Capelin,0,993,0.0030211480362537764,0.24672708962739173,0.6243705941591138,0.12588116817724068,-999
census,1,82,Capelin,0,990,0.0030303030303030303,0.25757575757575757,0.6343434343434343,0.10505050505050505,-999
census,1,83,Capelin,0,990,0.00404040404040404,0.27474747474747474,0.6373737373737374,0.08383838383838384,-999
census,1,84,Capelin,0,990,0.0030303030303030303,0.2818181818181818,0.6313131313131313,0.08383838383838384,-999
census,1,85,Capelin,0,993,0.0030211480362537764,0.2648539778449144,0.6253776435045317,0.1067472306143001,-999
census,1,86,Capelin,0,989,0.003033367037411527,0.2699696663296259,0.6380182002022244,0.08897876643073811,-999
census,1,87,Capelin,0,987,0.004052684903748734,0.2796352583586626,0.6342451874366768,0.08206686930091185,-999
census,1,88,Capelin,0,994,0.0030181086519114686,0.26156941649899396,0.6378269617706237,0.09758551307847083,-999
census,1,89,Capelin,0,996,0.0030120481927710845,0.2700803212851406,0.6285140562248996,0.09839357429718876,-999
census,1,90,Capelin,0,989,0.003033367037411527,0.25985844287158744,0.6097067745197169,0.12740141557128412,-999
census,1,91,Capelin,0,994,0.0030181086519114686,0.29074446680080485,0.6267605633802817,0.079476861167002,-999
census,1,92,Capelin,0,995,0.003015075376884422,0.271356783919598,0.6331658291457286,0.09246231155778895,-999
census,1,93,Capelin,0,992,0.0030241935483870967,0.2600806451612903,0.6391129032258065,0.09778225806451613,-999
census,1,94,Capelin,0,992,0.004032258064516129,0.2842741935483871,0.6229838709677419,0.08870967741935484,-999
census,1,95,Capelin,0,994,0.0030181086519114686,0.2625754527162978,0.630784708249497,0.10362173038229376,-999
census,1,96,Capelin,0,996,0.0030120481927710845,0.27710843373493976,0.6385542168674698,0.08132530120481928,-999
census,1,97,Capelin,0,995,0.003015075376884422,0.25025125628140704,0.6341708542713568,0.11256281407035176,-999
census,1,98,Capelin,0,992,0.0030241935483870967,0.2701612903225806,0.6189516129032258,0.10786290322580645,-999
census,1,99,Capelin,0,994,0.0030181086519114686,0.2686116700201207,0.641851106639839,0.08651911468812877,-999
census,1,100,Capelin,0,994,0.0030181086519114686,0.26156941649899396,0.6388329979879276,0.096579476861167,-999
census,1,101,Capelin,0,992,0.0030241935483870967,0.2550403225806452,0.6381048387096774,0.10383064516129033,-999
census,1,102,Capelin,0,998,0.003006012024048096,0.27054108216432865,0.625250501002004,0.10120240480961924,-999
census,1,103,Capelin,0,989,0.003033367037411527,0.2537917087967644,0.621840242669363,0.12133468149646107,-999
census,1,104,Capelin,0,993,0.004028197381671702,0.27492447129909364,0.6294058408862034,0.09164149043303121,-999
census,1,105,Capelin,0,992,0.004032258064516129,0.2842741935483871,0.6350806451612904,0.07661290322580645,-999
census,1,106,Capelin,0,989,0.003033367037411527,0.25075834175935285,0.627906976744186,0.11830131445904954,-999
census,1,107,Capelin,0,995,0.003015075376884422,0.2693467336683417,0.6211055276381909,0.10653266331658291,-999
census,1,108,Capelin,0,996,0.0030120481927710845,0.2761044176706827,0.6325301204819277,0.08835341365461848,-999
census,1,109,Capelin,0,989,0.003033367037411527,0.26693629929221435,0.6380182002022244,0.09201213346814964,-999
census,1,110,Capelin,0,994,0.004024144869215292,0.2655935613682093,0.6237424547283702,0.10663983903420524,-999
census,1,111,Capelin,0,990,0.0030303030303030303,0.2686868686868687,0.6333333333333333,0.09494949494949495,-999
census,1,112,Capelin,0,990,0.00404040404040404,0.28383838383838383,0.6313131313131313,0.08080808080808081,-999
census,1,113,Capelin,0,994,0.0030181086519114686,0.24849094567404426,0.6197183098591549,0.12877263581488935,-999
census,1,114,Capelin,0,990,0.0030303030303030303,0.27070707070707073,0.6212121212121212,0.10505050505050505,-999
census,1,115,Capelin,0,992,0.0030241935483870967,0.27318548387096775,0.6330645161290323,0.0907258064516129,-999
census,1,116,Capelin,0,992,0.0030241935483870967,0.25806451612903225,0.625,0.11391129032258064,-999
census,1,117,Capelin,0,996,0.004016064257028112,0.2781124497991968,0.6224899598393574,0.09538152610441768,-999
census,1,118,Capelin,0,996,0.0030120481927710845,0.2660642570281124,0.6325301204819277,0.09839357429718876,-999
census,1,119,Capelin,0,995,0.003015075376884422,0.2633165829145729,0.6271356783919598,0.10653266331658291,-999
census,1,54,Green_halibut,0,557,-999,-999,0.01615798922800718,0.8240574506283662,0.15978456014362658
census,1,55,Green_halibut,0,726,-999,-999,0.028925619834710745,0.8567493112947658,0.11432506887052342
census,1,56,Green_halibut,0,704,-999,-999,0.032670454545454544,0.8551136363636364,0.11221590909090909
census,1,57,Green_halibut,0,694,-999,-999,0.037463976945244955,0.8674351585014409,0.09510086455331412
census,1,58,Green_halibut,0,713,-999,-999,0.037868162692847124,0.8639551192145862,0.09817671809256662
census,1,59,Green_halibut,0,690,-999,-999,0.043478260869565216,0.8695652173913043,0.08695652173913043
census,1,60,Green_halibut,0,717,-999,-999,0.040446304044630406,0.8702928870292888,0.08926080892608089
census,1,61,Green_halibut,0,708,-999,-999,0.0423728813559322,0.8686440677966102,0.08898305084745763
census,1,62,Green_halibut,0,705,-999,-999,0.04397163120567376,0.8695035460992908,0.08652482269503546
census,1,63,Green_halibut,0,724,-999,-999,0.04558011049723757,0.8798342541436464,0.07458563535911603
census,1,64,Green_halibut,0,751,-999,-999,0.03861517976031957,0.8681757656458056,0.09320905459387484
census,1,65,Green_halibut,0,744,-999,-999,0.03763440860215054,0.864247311827957,0.09811827956989247
census,1,66,Green_halibut,0,715,-999,-999,0.03496503496503497,0.8643356643356643,0.1006993006993007
census,1,67,Green_halibut,0,749,-999,-999,0.030707610146862484,0.86381842456608815,0.1054739652870494
census,1,68,Green_halibut,0,763,-999,-999,0.03014416775884666,0.8453473132372215,0.12450851900393185
census,1,69,Green_halibut,0,753,-999,-999,0.02656042496679947,0.8605577689243028,0.11288180610889774
census,1,70,Green_halibut,0,725,-999,-999,0.027586206896551724,0.8593103448275862,0.11310344827586206
census,1,71,Green_halibut,0,708,-999,-999,0.029661016949152543,0.846045197740113,0.12429378531073447
census,1,72,Green_halibut,0,768,-999,-999,0.029947916666666668,0.84765625,0.12239583333333333
census,1,73,Green_halibut,0,725,-999,-999,0.03310344827586207,0.8510344827586207,0.11586206896551725
census,1,74,Green_halibut,0,747,-999,-999,0.03614457831325301,0.8728246318607764,0.09103078982597054
census,1,75,Green_halibut,0,714,-999,-999,0.04201680672268908,0.8683473389355743,0.0896358543417367
census,1,76,Green_halibut,0,736,-999,-999,0.03804347826086957,0.8600543478260869,0.10190217391304347
census,1,77,Green_halibut,0,729,-999,-999,0.038408779149519894,0.8600823045267489,0.10150891632373114
census,1,78,Green_halibut,0,693,-999,-999,0.04040404040404041,0.8585858585858586,0.10101010101010101
census,1,79,Green_halibut,0,722,-999,-999,0.036011080332409975,0.8642659279778393,0.0997229916897507
census,1,80,Green_halibut,0,720,-999,-999,0.03611111111111111,0.8416666666666667,0.12222222222222222
census,1,81,Green_halibut,0,765,-999,-999,0.027450980392156862,0.8588235294117647,0.11372549019607843
census,1,82,Green_halibut,0,769,-999,-999,0.02340702210663199,0.8517555266579974,0.12483745123537061
census,1,83,Green_halibut,0,763,-999,-999,0.022280471821756225,0.8479685452162516,0.12975098296199214
census,1,84,Green_halibut,0,751,-999,-999,0.02130492676431425,0.8495339547270306,0.12916111850865514
census,1,85,Green_halibut,0,712,-999,-999,0.02247191011235955,0.8426966292134831,0.1348314606741573
census,1,86,Green_halibut,0,768,-999,-999,0.024739583333333332,0.8111979166666666,0.1640625
census,1,87,Green_halibut,0,744,-999,-999,0.01881720430107527,0.8561827956989247,0.125
census,1,88,Green_halibut,0,704,-999,-999,0.02556818181818182,0.8536931818181818,0.12073863636363637
census,1,89,Green_halibut,0,691,-999,-999,0.030390738060781478,0.869753979739508,0.09985528219971057
census,1,90,Green_halibut,0,747,-999,-999,0.028112449799196786,0.8447121820615796,0.12717536813922356
census,1,91,Green_halibut,0,712,-999,-999,0.026685393258426966,0.848314606741573,0.125
census,1,92,Green_halibut,0,696,-999,-999,0.028735632183908046,0.8649425287356322,0.10632183908045977
census,1,93,Green_halibut,0,697,-999,-999,0.03012912482065997,0.8593974175035868,0.11047345767575323
census,1,94,Green_halibut,0,743,-999,-999,0.03230148048452221,0.8492597577388964,0.11843876177658143
census,1,95,Green_halibut,0,707,-999,-999,0.03253182461103253,0.867043847241867,0.10042432814710042
census,1,96,Green_halibut,0,711,-999,-999,0.035161744022503515,0.8523206751054853,0.11251758087201125
census,1,97,Green_halibut,0,667,-999,-999,0.026986506746626688,0.8575712143928036,0.11544227886056972
census,1,98,Green_halibut,0,749,-999,-999,0.030707610146862484,0.8571428571428571,0.11214953271028037
census,1,99,Green_halibut,0,683,-999,-999,0.029282576866764276,0.8799414348462665,0.09077598828696926
census,1,100,Green_halibut,0,674,-999,-999,0.032640949554896145,0.8620178041543026,0.10534124629080119
census,1,101,Green_halibut,0,710,-999,-999,0.023943661971830985,0.8436619718309859,0.1323943661971831
census,1,102,Green_halibut,0,725,-999,-999,0.023448275862068966,0.8496551724137931,0.12689655172413794
census,1,103,Green_halibut,0,705,-999,-999,0.02269503546099291,0.8524822695035461,0.12482269503546099
census,1,104,Green_halibut,0,739,-999,-999,0.02706359945872801,0.8565629228687416,0.11637347767253045
census,1,105,Green_halibut,0,707,-999,-999,0.026874115983026876,0.8557284299858557,0.1173974540311174
census,1,106,Green_halibut,0,717,-999,-999,0.02789400278940028,0.8465829846582985,0.12552301255230125
census,1,107,Green_halibut,0,737,-999,-999,0.027137042062415198,0.8670284938941656,0.10583446404341927
census,1,108,Green_halibut,0,712,-999,-999,0.025280898876404494,0.8469101123595506,0.12780898876404495
census,1,109,Green_halibut,0,733,-999,-999,0.030013642564802184,0.8553888130968622,0.1145975443383356
census,1,110,Green_halibut,0,717,-999,-999,0.02789400278940028,0.8633193863319386,0.1087866108786611
census,1,111,Green_halibut,0,702,-999,-999,0.02564102564102564,0.8490028490028491,0.12535612535612536
census,1,112,Green_halibut,0,718,-999,-999,0.03203342618384401,0.8635097493036211,0.10445682451253482
census,1,113,Green_halibut,0,704,-999,-999,0.029829545454545456,0.8494318181818182,0.12073863636363637
census,1,114,Green_halibut,0,728,-999,-999,0.028846153846153848,0.8516483516483516,0.11950549450549451
census,1,115,Green_halibut,0,761,-999,-999,0.024967148488830485,0.8370565045992115,0.13797634691195795
census,1,116,Green_halibut,0,672,-999,-999,0.020833333333333332,0.8497023809523809,0.12946428571428573
census,1,117,Green_halibut,0,723,-999,-999,0.024896265560165973,0.8423236514522822,0.13278008298755187
census,1,118,Green_halibut,0,708,-999,-999,0.022598870056497175,0.8347457627118644,0.1426553672316384
census,1,119,Green_halibut,0,708,-999,-999,0.022598870056497175,0.8488700564971752,0.1285310734463277
census,1,54,Haddock,0,701,-999,-999,0.6833095577746077,0.3166904422253923,-999
census,1,55,Haddock,0,924,-999,0.0010822510822510823,0.7272727272727273,0.27164502164502163,-999
census,1,56,Haddock,0,885,-999,-999,0.6870056497175141,0.3129943502824859,-999
census,1,57,Haddock,0,881,-999,-999,0.6640181611804767,0.33598183881952326,-999
census,1,58,Haddock,0,850,-999,-999,0.6435294117647059,0.3564705882352941,-999
census,1,59,Haddock,0,882,-999,-999,0.6031746031746031,0.3968253968253968,-999
census,1,60,Haddock,0,859,-999,-999,0.6554132712456344,0.3445867287543655,-999
census,1,61,Haddock,0,853,-999,-999,0.7397420867526378,0.26025791324736225,-999
census,1,62,Haddock,0,854,-999,-999,0.7868852459016393,0.21311475409836064,-999
census,1,63,Haddock,0,870,-999,-999,0.774712643678161,0.22528735632183908,-999
census,1,64,Haddock,0,869,-999,-999,0.7537399309551208,0.24626006904487918,-999
census,1,65,Haddock,0,858,-999,-999,0.7296037296037297,0.2703962703962704,-999
census,1,66,Haddock,0,897,-999,-999,0.717948717948718,0.28205128205128205,-999
census,1,67,Haddock,0,897,-999,0.04013377926421405,0.7603121516164995,0.1995540691192865,-999
census,1,68,Haddock,0,895,-999,0.054748603351955305,0.8759776536312849,0.06927374301675977,-999
census,1,69,Haddock,0,931,-999,0.024704618689581095,0.9613319011815252,0.013963480128893663,-999
census,1,70,Haddock,0,961,-999,0.002081165452653486,0.9250780437044746,0.07284079084287201,-999
census,1,71,Haddock,0,959,-999,-999,0.8540145985401459,0.145985401459854,-999
census,1,72,Haddock,0,957,-999,-999,0.7826541274817137,0.2173458725182863,-999
census,1,73,Haddock,0,944,-999,-999,0.722457627118644,0.2775423728813559,-999
census,1,74,Haddock,0,947,-999,-999,0.672650475184794,0.3273495248152059,-999
census,1,75,Haddock,0,946,-999,-999,0.6321353065539113,0.3678646934460888,-999
census,1,76,Haddock,0,929,-999,-999,0.6307857911733046,0.36921420882669537,-999
census,1,77,Haddock,0,920,-999,-999,0.5989130434782609,0.40108695652173915,-999
census,1,78,Haddock,0,903,-999,-999,0.636766334440753,0.36323366555924697,-999
census,1,79,Haddock,0,891,-999,-999,0.6879910213243546,0.31200897867564537,-999
census,1,80,Haddock,0,899,-999,0.008898776418242492,0.7419354838709677,0.24916573971078976,-999
census,1,81,Haddock,0,885,-999,0.020338983050847456,0.8745762711864407,0.10508474576271186,-999
census,1,82,Haddock,0,895,-999,0.01005586592178771,0.9553072625698324,0.034636871508379886,-999
census,1,83,Haddock,0,921,-999,0.0010857763300760044,0.9055374592833876,0.09337676438653637,-999
census,1,84,Haddock,0,926,-999,-999,0.8434125269978402,0.15658747300215983,-999
census,1,85,Haddock,0,916,-999,-999,0.7969432314410481,0.20305676855895197,-999
census,1,86,Haddock,0,913,-999,-999,0.7338444687842278,0.2661555312157722,-999
census,1,87,Haddock,0,908,-999,0.0022026431718061676,0.697136563876652,0.30066079295154186,-999
census,1,88,Haddock,0,911,-999,0.0010976948408342481,0.7321624588364435,0.2667398463227223,-999
census,1,89,Haddock,0,918,-999,-999,0.7516339869281046,0.24836601307189543,-999
census,1,90,Haddock,0,893,-999,-999,0.7077267637178052,0.29227323628219487,-999
census,1,91,Haddock,0,903,-999,-999,0.6423034330011074,0.3576965669988926,-999
census,1,92,Haddock,0,894,-999,-999,0.6017897091722595,0.3982102908277405,-999
census,1,93,Haddock,0,892,-999,-999,0.5728699551569507,0.42713004484304934,-999
census,1,94,Haddock,0,899,-999,-999,0.5517241379310345,0.4482758620689655,-999
census,1,95,Haddock,0,863,-999,-999,0.5063731170336037,0.4936268829663963,-999
census,1,96,Haddock,0,876,-999,-999,0.5102739726027398,0.4897260273972603,-999
census,1,97,Haddock,0,883,-999,0.0033975084937712344,0.5209513023782559,0.47565118912797283,-999
census,1,98,Haddock,0,875,-999,0.005714285714285714,0.6697142857142857,0.32457142857142857,-999
census,1,99,Haddock,0,876,-999,0.00228310502283105,0.8264840182648402,0.17123287671232876,-999
census,1,100,Haddock,0,872,-999,-999,0.8486238532110092,0.15137614678899083,-999
census,1,101,Haddock,0,878,-999,-999,0.8006833712984055,0.19931662870159453,-999
census,1,102,Haddock,0,891,-999,-999,0.7306397306397306,0.26936026936026936,-999
census,1,103,Haddock,0,880,-999,-999,0.6875,0.3125,-999
census,1,104,Haddock,0,858,-999,-999,0.6421911421911422,0.3578088578088578,-999
census,1,105,Haddock,0,848,-999,-999,0.589622641509434,0.41037735849056606,-999
census,1,106,Haddock,0,898,-999,-999,0.5501113585746102,0.44988864142538976,-999
census,1,107,Haddock,0,875,-999,-999,0.5291428571428571,0.47085714285714286,-999
census,1,108,Haddock,0,870,-999,-999,0.5206896551724138,0.4793103448275862,-999
census,1,109,Haddock,0,878,-999,-999,0.5353075170842825,0.4646924829157175,-999
census,1,110,Haddock,0,882,-999,-999,0.5566893424036281,0.4433106575963719,-999
census,1,111,Haddock,0,871,-999,-999,0.5568312284730195,0.4431687715269805,-999
census,1,112,Haddock,0,867,-999,-999,0.5640138408304498,0.4359861591695502,-999
census,1,113,Haddock,0,859,-999,-999,0.5424912689173458,0.4551804423748545,0.002328288707799767
census,1,114,Haddock,0,875,-999,-999,0.592,0.4057142857142857,0.002285714285714286
census,1,115,Haddock,0,892,-999,-999,0.6401345291479821,0.35874439461883406,0.0011210762331838565
census,1,116,Haddock,0,867,-999,-999,0.7231833910034602,0.2768166089965398,-999
census,1,117,Haddock,0,880,-999,-999,0.7204545454545455,0.27954545454545454,-999
census,1,118,Haddock,0,871,-999,-999,0.722158438576349,0.27784156142365096,-999
census,1,119,Haddock,0,871,-999,-999,0.7095292766934558,0.2904707233065442,-999
census,1,54,Mackerel,0,361,-999,0.16897506925207756,0.5235457063711911,0.3074792243767313,-999
census,1,55,Mackerel,0,369,-999,0.17344173441734417,0.5067750677506775,0.31978319783197834,-999
census,1,56,Mackerel,0,360,-999,0.18333333333333332,0.5611111111111111,0.25555555555555554,-999
census,1,57,Mackerel,0,368,-999,0.1793478260869565,0.529891304347826,0.2907608695652174,-999
census,1,58,Mackerel,0,371,-999,0.21293800539083557,0.49056603773584906,0.29649595687331537,-999
census,1,59,Mackerel,0,367,-999,0.17983651226158037,0.5258855585831063,0.29427792915531337,-999
census,1,60,Mackerel,0,364,-999,0.21428571428571427,0.5302197802197802,0.2554945054945055,-999
census,1,61,Mackerel,0,357,-999,0.20168067226890757,0.5658263305322129,0.23249299719887956,-999
census,1,62,Mackerel,0,364,-999,0.18406593406593408,0.5824175824175825,0.23351648351648352,-999
census,1,63,Mackerel,0,361,-999,0.19113573407202217,0.5678670360110804,0.2409972299168975,-999
census,1,64,Mackerel,0,370,-999,0.22702702702702704,0.5135135135135135,0.2594594594594595,-999
census,1,65,Mackerel,0,371,-999,0.22641509433962265,0.555256064690027,0.2183288409703504,-999
census,1,66,Mackerel,0,369,-999,0.2140921409214092,0.5934959349593496,0.19241192411924118,-999
census,1,67,Mackerel,0,365,-999,0.21095890410958903,0.5863013698630137,0.20273972602739726,-999
census,1,68,Mackerel,0,360,-999,0.20555555555555555,0.6,0.19444444444444445,-999
census,1,69,Mackerel,0,363,-999,0.21487603305785125,0.5950413223140496,0.19008264462809918,-999
census,1,70,Mackerel,0,366,-999,0.20765027322404372,0.6092896174863388,0.1830601092896175,-999
census,1,71,Mackerel,0,366,-999,0.2103825136612022,0.5655737704918032,0.22404371584699453,-999
census,1,72,Mackerel,0,361,-999,0.18005540166204986,0.6094182825484764,0.21052631578947367,-999
census,1,73,Mackerel,0,367,-999,0.27520435967302453,0.55858310626703,0.16621253405994552,-999
census,1,74,Mackerel,0,364,-999,0.23076923076923078,0.5796703296703297,0.18956043956043955,-999
census,1,75,Mackerel,0,366,-999,0.23497267759562843,0.5846994535519126,0.18032786885245902,-999
census,1,76,Mackerel,0,373,-999,0.21715817694369974,0.5335120643431636,0.24932975871313673,-999
census,1,77,Mackerel,0,363,-999,0.21212121212121213,0.5922865013774105,0.19559228650137742,-999
census,1,78,Mackerel,0,372,-999,0.21505376344086022,0.5752688172043011,0.20967741935483872,-999
census,1,79,Mackerel,0,362,-999,0.20718232044198895,0.5718232044198895,0.22099447513812154,-999
census,1,80,Mackerel,0,362,-999,0.19337016574585636,0.5718232044198895,0.23480662983425415,-999
census,1,81,Mackerel,0,369,-999,0.2086720867208672,0.5691056910569106,0.2222222222222222,-999
census,1,82,Mackerel,0,364,-999,0.18406593406593408,0.5824175824175825,0.23351648351648352,-999
census,1,83,Mackerel,0,371,-999,0.18598382749326145,0.5822102425876011,0.23180592991913745,-999
census,1,84,Mackerel,0,364,-999,0.20604395604395603,0.5412087912087912,0.25274725274725274,-999
census,1,85,Mackerel,0,363,-999,0.20385674931129477,0.559228650137741,0.2369146005509642,-999
census,1,86,Mackerel,0,363,-999,0.13774104683195593,0.6170798898071626,0.24517906336088155,-999
census,1,87,Mackerel,0,370,-999,0.21351351351351353,0.5540540540540541,0.23243243243243245,-999
census,1,88,Mackerel,0,360,-999,0.2111111111111111,0.5972222222222222,0.19166666666666668,-999
census,1,89,Mackerel,0,362,-999,0.212707182320442,0.585635359116022,0.20165745856353592,-999
census,1,90,Mackerel,0,373,-999,0.16353887399463807,0.6193029490616622,0.21715817694369974,-999
census,1,91,Mackerel,0,373,-999,0.18498659517426275,0.5415549597855228,0.2734584450402145,-999
census,1,92,Mackerel,0,352,-999,0.17329545454545456,0.5909090909090909,0.23579545454545456,-999
census,1,93,Mackerel,0,375,-999,0.18933333333333333,0.5333333333333333,0.2773333333333333,-999
census,1,94,Mackerel,0,368,-999,0.1875,0.5652173913043478,0.24728260869565216,-999
census,1,95,Mackerel,0,367,-999,0.1907356948228883,0.5395095367847411,0.26975476839237056,-999
census,1,96,Mackerel,0,364,-999,0.19505494505494506,0.554945054945055,0.25,-999
census,1,97,Mackerel,0,366,-999,0.18579234972677597,0.5573770491803278,0.2568306010928962,-999
census,1,98,Mackerel,0,360,-999,0.19444444444444445,0.5527777777777778,0.25277777777777777,-999
census,1,99,Mackerel,0,365,-999,0.20821917808219179,0.547945205479452,0.24383561643835616,-999
census,1,100,Mackerel,0,363,-999,0.17079889807162535,0.5647382920110193,0.2644628099173554,-999
census,1,101,Mackerel,0,364,-999,0.1510989010989011,0.5851648351648352,0.26373626373626374,-999
census,1,102,Mackerel,0,356,-999,0.17134831460674158,0.5561797752808989,0.27247191011235955,-999
census,1,103,Mackerel,0,368,-999,0.18478260869565216,0.5760869565217391,0.2391304347826087,-999
census,1,104,Mackerel,0,361,-999,0.20498614958448755,0.5512465373961218,0.24376731301939059,-999
census,1,105,Mackerel,0,365,-999,0.1917808219178082,0.536986301369863,0.27123287671232876,-999
census,1,106,Mackerel,0,361,-999,0.1883656509695291,0.5650969529085873,0.24653739612188366,-999
census,1,107,Mackerel,0,364,-999,0.18406593406593408,0.5659340659340659,0.25,-999
census,1,108,Mackerel,0,357,-999,0.22128851540616246,0.5378151260504201,0.24089635854341737,-999
census,1,109,Mackerel,0,360,-999,0.17777777777777778,0.5388888888888889,0.2833333333333333,-999
census,1,110,Mackerel,0,367,-999,0.17166212534059946,0.555858310626703,0.2724795640326976,-999
census,1,111,Mackerel,0,364,-999,0.22527472527472528,0.510989010989011,0.26373626373626374,-999
census,1,112,Mackerel,0,374,-999,0.17647058823529413,0.5588235294117647,0.2647058823529412,-999
census,1,113,Mackerel,0,357,-999,0.17647058823529413,0.5518207282913166,0.27170868347338933,-999
census,1,114,Mackerel,0,360,-999,0.20277777777777778,0.55,0.24722222222222223,-999
census,1,115,Mackerel,0,361,-999,0.21052631578947367,0.5512465373961218,0.23822714681440443,-999
census,1,116,Mackerel,0,369,-999,0.2222222222222222,0.5338753387533876,0.24390243902439024,-999
census,1,117,Mackerel,0,377,-999,0.1856763925729443,0.5596816976127321,0.2546419098143236,-999
census,1,118,Mackerel,0,357,-999,0.21008403361344538,0.5462184873949579,0.24369747899159663,-999
census,1,119,Mackerel,0,359,-999,0.22562674094707522,0.5236768802228412,0.25069637883008355,-999
census,1,40,North_atl_cod,0,890,-999,-999,0.06741573033707865,0.8573033707865169,0.07528089887640449
census,1,41,North_atl_cod,0,896,-999,-999,0.06138392857142857,0.859375,0.07924107142857142
census,1,42,North_atl_cod,0,907,-999,-999,0.05953693495038589,0.86438809261301,0.07607497243660419
census,1,43,North_atl_cod,0,885,-999,-999,0.06440677966101695,0.8542372881355932,0.08135593220338982
census,1,44,North_atl_cod,0,870,-999,-999,0.07241379310344828,0.8471264367816091,0.08045977011494253
census,1,45,North_atl_cod,0,893,-999,-999,0.06606942889137737,0.8566629339305711,0.07726763717805152
census,1,46,North_atl_cod,0,891,-999,-999,0.06397306397306397,0.8529741863075196,0.08305274971941638
census,1,47,North_atl_cod,0,892,-999,-999,0.061659192825112105,0.8531390134529148,0.08520179372197309
census,1,48,North_atl_cod,0,903,-999,-999,0.059800664451827246,0.8560354374307863,0.08416389811738649
census,1,49,North_atl_cod,0,872,-999,-999,0.058486238532110095,0.8497706422018348,0.09174311926605505
census,1,50,North_atl_cod,0,895,-999,-999,0.053631284916201116,0.8513966480446927,0.09497206703910614
census,1,51,North_atl_cod,0,888,-999,-999,0.05518018018018018,0.8547297297297297,0.09009009009009009
census,1,52,North_atl_cod,0,872,-999,-999,0.05963302752293578,0.8543577981651376,0.0860091743119266
census,1,53,North_atl_cod,0,866,-999,-999,0.06812933025404157,0.8498845265588915,0.08198614318706697
census,1,54,North_atl_cod,0,852,-999,-999,0.08333333333333333,0.8415492957746479,0.07511737089201878
census,1,55,North_atl_cod,0,894,-999,-999,0.10514541387024609,0.8422818791946308,0.052572706935123045
census,1,56,North_atl_cod,0,927,-999,-999,0.1262135922330097,0.8392664509169363,0.034519956850053934
census,1,57,North_atl_cod,0,949,-999,-999,0.12434141201264488,0.845100105374078,0.030558482613277135
census,1,58,North_atl_cod,0,950,-999,-999,0.11578947368421053,0.8505263157894737,0.03368421052631579
census,1,59,North_atl_cod,0,950,-999,-999,0.11052631578947368,0.8547368421052631,0.034736842105263156
census,1,60,North_atl_cod,0,955,-999,-999,0.09528795811518324,0.8638743455497382,0.040837696335078534
census,1,61,North_atl_cod,0,967,-999,-999,0.09203722854188211,0.860392967942089,0.047569803516028956
census,1,62,North_atl_cod,0,973,-999,-999,0.09044193216855087,0.8612538540596094,0.048304213771839674
census,1,63,North_atl_cod,0,956,-999,-999,0.08054393305439331,0.8640167364016736,0.05543933054393305
census,1,64,North_atl_cod,0,967,-999,-999,0.0734229576008273,0.860392967942089,0.06618407445708377
census,1,65,North_atl_cod,0,954,-999,-999,0.07651991614255765,0.860587002096436,0.06289308176100629
census,1,66,North_atl_cod,0,959,-999,-999,0.07924921793534932,0.8561001042752867,0.06465067778936393
census,1,67,North_atl_cod,0,960,-999,-999,0.084375,0.8572916666666667,0.058333333333333334
census,1,68,North_atl_cod,0,970,-999,-999,0.08453608247422681,0.856701030927835,0.058762886597938144
census,1,69,North_atl_cod,0,969,-999,-999,0.07533539731682147,0.8617131062951496,0.0629514963880289
census,1,70,North_atl_cod,0,963,-999,-999,0.07268951194184839,0.8608515057113187,0.06645898234683281
census,1,71,North_atl_cod,0,969,-999,-999,0.08152734778121776,0.8534571723426213,0.06501547987616099
census,1,72,North_atl_cod,0,962,-999,-999,0.09355509355509356,0.8513513513513513,0.0550935550935551
census,1,73,North_atl_cod,0,966,-999,-999,0.09316770186335403,0.8561076604554866,0.050724637681159424
census,1,74,North_atl_cod,0,968,-999,-999,0.08884297520661157,0.856404958677686,0.05475206611570248
census,1,75,North_atl_cod,0,952,-999,-999,0.09873949579831932,0.8476890756302521,0.05357142857142857
census,1,76,North_atl_cod,0,962,-999,-999,0.09355509355509356,0.8565488565488566,0.0498960498960499
census,1,77,North_atl_cod,0,958,-999,-999,0.08768267223382047,0.8632567849686847,0.049060542797494784
census,1,78,North_atl_cod,0,955,-999,-999,0.08376963350785341,0.856544502617801,0.05968586387434555
census,1,79,North_atl_cod,0,969,-999,-999,0.0825593395252838,0.8586171310629515,0.058823529411764705
census,1,80,North_atl_cod,0,950,-999,-999,0.06210526315789474,0.8621052631578947,0.07578947368421053
census,1,81,North_atl_cod,0,935,-999,-999,0.05026737967914439,0.8470588235294118,0.10267379679144385
census,1,82,North_atl_cod,0,909,-999,-999,0.0517051705170517,0.8371837183718371,0.1111111111111111
census,1,83,North_atl_cod,0,928,-999,-999,0.052801724137931036,0.8351293103448276,0.11206896551724138
census,1,84,North_atl_cod,0,914,-999,-999,0.06236323851203501,0.8358862144420132,0.10175054704595186
census,1,85,North_atl_cod,0,906,-999,-999,0.0695364238410596,0.8410596026490066,0.08940397350993377
census,1,86,North_atl_cod,0,914,-999,-999,0.06783369803063458,0.8413566739606126,0.09080962800875274
census,1,87,North_atl_cod,0,903,-999,-999,0.06312292358803986,0.8482834994462901,0.08859357696567
census,1,88,North_atl_cod,0,922,-999,-999,0.05422993492407809,0.8459869848156182,0.09978308026030369
census,1,89,North_atl_cod,0,895,-999,-999,0.048044692737430165,0.8435754189944135,0.10837988826815642
census,1,90,North_atl_cod,0,888,-999,-999,0.05630630630630631,0.8367117117117117,0.10698198198198199
census,1,91,North_atl_cod,0,905,-999,-999,0.06077348066298342,0.8408839779005525,0.09834254143646409
census,1,92,North_atl_cod,0,904,-999,-999,0.059734513274336286,0.8440265486725663,0.09623893805309734
census,1,93,North_atl_cod,0,906,-999,-999,0.04856512141280353,0.8432671081677704,0.10816777041942605
census,1,94,North_atl_cod,0,910,-999,-999,0.05384615384615385,0.8340659340659341,0.11208791208791209
census,1,95,North_atl_cod,0,887,-999,-999,0.05636978579481398,0.8365276211950394,0.10710259301014656
census,1,96,North_atl_cod,0,879,-999,-999,0.05802047781569966,0.8373151308304891,0.10466439135381114
census,1,97,North_atl_cod,0,891,-999,-999,0.06060606060606061,0.8383838383838383,0.10101010101010101
census,1,98,North_atl_cod,0,915,-999,-999,0.060109289617486336,0.8360655737704918,0.10382513661202186
census,1,99,North_atl_cod,0,906,-999,-999,0.06070640176600441,0.8432671081677704,0.09602649006622517
census,1,100,North_atl_cod,0,904,-999,-999,0.059734513274336286,0.8407079646017699,0.09955752212389381
census,1,101,North_atl_cod,0,904,-999,-999,0.06415929203539823,0.8373893805309734,0.09845132743362832
census,1,102,North_atl_cod,0,915,-999,-999,0.06448087431693988,0.8426229508196721,0.09289617486338798
census,1,103,North_atl_cod,0,879,-999,-999,0.05915813424345848,0.8407281001137656,0.10011376564277588
census,1,104,North_atl_cod,0,902,-999,-999,0.0598669623059867,0.8392461197339246,0.1008869179600887
census,1,105,North_atl_cod,0,905,-999,-999,0.06850828729281767,0.8441988950276244,0.08729281767955802
census,1,106,North_atl_cod,0,908,-999,-999,0.07048458149779736,0.8425110132158591,0.08700440528634361
census,1,107,North_atl_cod,0,902,-999,-999,0.07427937915742794,0.8414634146341463,0.08425720620842572
census,1,108,North_atl_cod,0,928,-999,-999,0.06465517241379311,0.8502155172413793,0.08512931034482758
census,1,109,North_atl_cod,0,909,-999,-999,0.0594059405940594,0.8492849284928493,0.09130913091309131
census,1,110,North_atl_cod,0,915,-999,-999,0.05901639344262295,0.8448087431693989,0.09617486338797815
census,1,111,North_atl_cod,0,914,-999,-999,0.06673960612691467,0.8413566739606126,0.09190371991247265
census,1,112,North_atl_cod,0,919,-999,-999,0.06746463547334058,0.8509249183895539,0.08161044613710555
census,1,113,North_atl_cod,0,920,-999,-999,0.06630434782608696,0.8489130434782609,0.08478260869565217
census,1,114,North_atl_cod,0,919,-999,-999,0.07072905331882481,0.8433079434167573,0.08596300326441784
census,1,115,North_atl_cod,0,930,-999,-999,0.06881720430107527,0.8473118279569892,0.08387096774193549
census,1,116,North_atl_cod,0,925,-999,-999,0.06918918918918919,0.8518918918918919,0.07891891891891892
census,1,117,North_atl_cod,0,907,-999,-999,0.06615214994487321,0.8456449834619625,0.08820286659316427
census,1,118,North_atl_cod,0,913,-999,-999,0.0624315443592552,0.8477546549835706,0.08981380065717415
census,1,119,North_atl_cod,0,908,-999,-999,0.0671806167400881,0.8469162995594713,0.08590308370044053
census,1,54,Norwegian_ssh,0,770,-999,-999,0.7285714285714285,0.2714285714285714,-999
census,1,55,Norwegian_ssh,0,957,-999,0.0010449320794148381,0.7335423197492164,0.26541274817136884,-999
census,1,56,Norwegian_ssh,0,963,-999,0.0010384215991692627,0.770508826583593,0.2284527518172378,-999
census,1,57,Norwegian_ssh,0,950,-999,0.002105263157894737,0.7989473684210526,0.19894736842105262,-999
census,1,58,Norwegian_ssh,0,961,-999,-999,0.8231009365244537,0.1768990634755463,-999
census,1,59,Norwegian_ssh,0,951,-999,-999,0.768664563617245,0.231335436382755,-999
census,1,60,Norwegian_ssh,0,953,-999,-999,0.7785939139559287,0.22140608604407136,-999
census,1,61,Norwegian_ssh,0,951,-999,-999,0.7655099894847529,0.23449001051524712,-999
census,1,62,Norwegian_ssh,0,938,-999,0.0042643923240938165,0.7494669509594882,0.2462686567164179,-999
census,1,63,Norwegian_ssh,0,943,-999,0.03923647932131495,0.8038176033934252,0.1569459172852598,-999
census,1,64,Norwegian_ssh,0,956,-999,0.04602510460251046,0.893305439330544,0.060669456066945605,-999
census,1,65,Norwegian_ssh,0,979,-999,0.015321756894790603,0.9489274770173647,0.03575076608784474,-999
census,1,66,Norwegian_ssh,0,973,-999,0.0020554984583761563,0.9095580678314491,0.08838643371017471,-999
census,1,67,Norwegian_ssh,0,977,-999,-999,0.8259979529170931,0.17400204708290687,-999
census,1,68,Norwegian_ssh,0,979,-999,-999,0.7895812053115424,0.21041879468845762,-999
census,1,69,Norwegian_ssh,0,979,-999,-999,0.6966292134831461,0.30337078651685395,-999
census,1,70,Norwegian_ssh,0,983,-999,0.002034587995930824,0.7334689725330621,0.2644964394710071,-999
census,1,71,Norwegian_ssh,0,985,-999,0.0010152284263959391,0.7939086294416243,0.2050761421319797,-999
census,1,72,Norwegian_ssh,0,973,-999,-999,0.7934224049331963,0.2065775950668037,-999
census,1,73,Norwegian_ssh,0,978,-999,-999,0.7955010224948875,0.20449897750511248,-999
census,1,74,Norwegian_ssh,0,968,-999,0.004132231404958678,0.8429752066115702,0.15289256198347106,-999
census,1,75,Norwegian_ssh,0,965,-999,0.0010362694300518134,0.8756476683937824,0.12331606217616581,-999
census,1,76,Norwegian_ssh,0,964,-999,-999,0.8029045643153527,0.1970954356846473,-999
census,1,77,Norwegian_ssh,0,949,-999,-999,0.7997892518440464,0.20021074815595363,-999
census,1,78,Norwegian_ssh,0,951,-999,0.004206098843322818,0.825446898002103,0.17034700315457413,-999
census,1,79,Norwegian_ssh,0,961,-999,0.004162330905306972,0.8803329864724245,0.11550468262226847,-999
census,1,80,Norwegian_ssh,0,971,-999,0.0020597322348094747,0.893923789907312,0.10401647785787847,-999
census,1,81,Norwegian_ssh,0,984,-999,-999,0.8241869918699187,0.1758130081300813,-999
census,1,82,Norwegian_ssh,0,972,-999,-999,0.7962962962962963,0.2037037037037037,-999
census,1,83,Norwegian_ssh,0,968,-999,-999,0.743801652892562,0.256198347107438,-999
census,1,84,Norwegian_ssh,0,967,-999,-999,0.7259565667011375,0.27404343329886244,-999
census,1,85,Norwegian_ssh,0,966,-999,-999,0.717391304347826,0.2826086956521739,-999
census,1,86,Norwegian_ssh,0,950,-999,-999,0.6863157894736842,0.3136842105263158,-999
census,1,87,Norwegian_ssh,0,955,-999,-999,0.7172774869109948,0.28272251308900526,-999
census,1,88,Norwegian_ssh,0,965,-999,-999,0.7191709844559585,0.28082901554404144,-999
census,1,89,Norwegian_ssh,0,953,-999,-999,0.7219307450157397,0.2780692549842602,-999
census,1,90,Norwegian_ssh,0,966,-999,0.007246376811594203,0.7360248447204969,0.2567287784679089,-999
census,1,91,Norwegian_ssh,0,943,-999,0.006362672322375398,0.8642629904559915,0.12937433722163308,-999
census,1,92,Norwegian_ssh,0,951,-999,-999,0.8548895899053628,0.14511041009463724,-999
census,1,93,Norwegian_ssh,0,958,-999,-999,0.6941544885177453,0.3058455114822547,-999
census,1,94,Norwegian_ssh,0,942,-999,-999,0.6549893842887473,0.34501061571125263,-999
census,1,95,Norwegian_ssh,0,952,-999,-999,0.657563025210084,0.34243697478991597,-999
census,1,96,Norwegian_ssh,0,952,-999,-999,0.6470588235294118,0.35294117647058826,-999
census,1,97,Norwegian_ssh,0,956,-999,0.0010460251046025104,0.6872384937238494,0.3117154811715481,-999
census,1,98,Norwegian_ssh,0,952,-999,-999,0.6817226890756303,0.3182773109243697,-999
census,1,99,Norwegian_ssh,0,942,-999,-999,0.6029723991507431,0.3970276008492569,-999
census,1,100,Norwegian_ssh,0,961,-999,-999,0.5837669094693028,0.4162330905306972,-999
census,1,101,Norwegian_ssh,0,954,-999,0.005241090146750524,0.6561844863731656,0.33752620545073375,0.0010482180293501049
census,1,102,Norwegian_ssh,0,954,-999,0.006289308176100629,0.7641509433962265,0.22955974842767296,-999
census,1,103,Norwegian_ssh,0,953,-999,0.002098635886673662,0.8352570828961176,0.1626442812172088,-999
census,1,104,Norwegian_ssh,0,951,-999,-999,0.7928496319663512,0.20715036803364878,-999
census,1,105,Norwegian_ssh,0,947,-999,-999,0.6631467793030623,0.3368532206969377,-999
census,1,106,Norwegian_ssh,0,949,-999,-999,0.6543730242360379,0.34562697576396206,-999
census,1,107,Norwegian_ssh,0,955,-999,-999,0.66178010471204185,0.3382198952879581,-999
census,1,108,Norwegian_ssh,0,956,-999,-999,0.6642259414225942,0.33577405857740583,-999
census,1,109,Norwegian_ssh,0,958,-999,-999,0.6774530271398748,0.32254697286012524,-999
census,1,110,Norwegian_ssh,0,954,-999,-999,0.6362683438155137,0.3637316561844864,-999
census,1,111,Norwegian_ssh,0,954,-999,-999,0.6268343815513627,0.3731656184486373,-999
census,1,112,Norwegian_ssh,0,948,-999,0.002109704641350211,0.6065400843881856,0.39135021097046413,-999
census,1,113,Norwegian_ssh,0,961,-999,0.013527575442247659,0.7346514047866806,0.2518210197710718,-999
census,1,114,Norwegian_ssh,0,959,-999,0.014598540145985401,0.8696558915537018,0.11574556830031282,-999
census,1,115,Norwegian_ssh,0,946,-999,0.006342494714587738,0.9154334038054969,0.07822410147991543,-999
census,1,116,Norwegian_ssh,0,967,-999,0.002068252326783868,0.8986556359875905,0.09927611168562564,-999
census,1,117,Norwegian_ssh,0,953,-999,-999,0.7471143756558237,0.2528856243441763,-999
census,1,118,Norwegian_ssh,0,976,-999,-999,0.6588114754098361,0.3411885245901639,-999
census,1,119,Norwegian_ssh,0,962,-999,-999,0.6746361746361746,0.32536382536382535,-999
census,1,54,Redfish,0,767,0.003911342894393742,0.6883963494132985,0.2985658409387223,0.009126466753585397,-999
census,1,55,Redfish,0,944,0.0031779661016949155,0.7457627118644068,0.2468220338983051,0.00423728813559322,-999
census,1,56,Redfish,0,952,0.0063025210084033615,0.773109243697479,0.21743697478991597,0.0031512605042016808,-999
census,1,57,Redfish,0,956,0.0041841004184100415,0.7709205020920502,0.22384937238493724,0.0010460251046025104,-999
census,1,58,Redfish,0,957,0.0010449320794148381,0.8160919540229885,0.180773249738767,0.0020898641588296763,-999
census,1,59,Redfish,0,964,0.004149377593360996,0.754149377593361,0.241701244813278,-999,-999
census,1,60,Redfish,0,964,-999,0.7022821576763485,0.29771784232365145,-999,-999
census,1,61,Redfish,0,959,-999,0.7288842544316997,0.2711157455683003,-999,-999
census,1,62,Redfish,0,967,-999,0.6825232678386763,0.31747673216132366,-999,-999
census,1,63,Redfish,0,966,-999,0.7194616977225673,0.2805383022774327,-999,-999
census,1,64,Redfish,0,952,-999,0.7815126050420168,0.2184873949579832,-999,-999
census,1,65,Redfish,0,970,-999,0.6824742268041237,0.31752577319587627,-999,-999
census,1,66,Redfish,0,973,-999,0.7553956834532374,0.2446043165467626,-999,-999
census,1,67,Redfish,0,970,-999,0.6865979381443299,0.3134020618556701,-999,-999
census,1,68,Redfish,0,984,-999,0.633130081300813,0.366869918699187,-999,-999
census,1,69,Redfish,0,969,-999,0.717234262125903,0.28276573787409703,-999,-999
census,1,70,Redfish,0,968,-999,0.7675619834710744,0.23140495867768596,0.0010330578512396695,-999
census,1,71,Redfish,0,977,-999,0.6847492323439099,0.3132036847492323,0.0020470829068577278,-999
census,1,72,Redfish,0,982,-999,0.6517311608961304,0.34826883910386963,-999,-999
census,1,73,Redfish,0,975,-999,0.7128205128205128,0.28717948717948716,-999,-999
census,1,74,Redfish,0,974,-999,0.6735112936344969,0.3264887063655031,-999,-999
census,1,75,Redfish,0,975,-999,0.64,0.36,-999,-999
census,1,76,Redfish,0,963,-999,0.6365524402907581,0.3624091381100727,0.0010384215991692627,-999
census,1,77,Redfish,0,974,-999,0.6950718685831622,0.30390143737166325,0.001026694045174538,-999
census,1,78,Redfish,0,976,-999,0.6577868852459017,0.3411885245901639,0.0010245901639344263,-999
census,1,79,Redfish,0,970,-999,0.7639175257731958,0.23505154639175257,0.0010309278350515464,-999
census,1,80,Redfish,0,978,-999,0.6196319018404908,0.3783231083844581,0.002044989775051125,-999
census,1,81,Redfish,0,972,-999,0.5967078189300411,0.4022633744855967,0.00102880658436214,-999
census,1,82,Redfish,0,972,-999,0.6656378600823045,0.3323045267489712,0.00205761316872428,-999
census,1,83,Redfish,0,981,-999,0.6819571865443425,0.31396534148827726,0.004077471967380225,-999
census,1,84,Redfish,0,973,-999,0.6834532374100719,0.31243576567317577,0.0041109969167523125,-999
census,1,85,Redfish,0,972,-999,0.6553497942386831,0.3405349794238683,0.00411522633744856,-999
census,1,86,Redfish,0,977,-999,0.72978505629478,0.2640736949846469,0.006141248720573183,-999
census,1,87,Redfish,0,969,-999,0.6914344685242518,0.304437564499484,0.0041279669762641896,-999
census,1,88,Redfish,0,975,-999,0.6666666666666666,0.3292307692307692,0.0041025641025641026,-999
census,1,89,Redfish,0,977,0.0010235414534288639,0.6775844421699079,0.3132036847492323,0.008188331627430911,-999
census,1,90,Redfish,0,978,-999,0.696319018404908,0.2985685071574642,0.005112474437627812,-999
census,1,91,Redfish,0,970,0.0010309278350515464,0.668041237113402,0.3288659793814433,0.002061855670103093,-999
census,1,92,Redfish,0,971,-999,0.6580844490216272,0.33470648815653964,0.007209062821833162,-999
census,1,93,Redfish,0,971,0.0010298661174047373,0.721936148300721,0.27188465499485065,0.005149330587023687,-999
census,1,94,Redfish,0,955,0.0010471204188481676,0.7204188481675393,0.2743455497382199,0.004188481675392671,-999
census,1,95,Redfish,0,969,-999,0.6553147574819401,0.3415892672858617,0.0030959752321981426,-999
census,1,96,Redfish,0,961,-999,0.6992715920915713,0.29552549427679503,0.005202913631633715,-999
census,1,97,Redfish,0,961,0.001040582726326743,0.6649323621227887,0.32882414151925077,0.005202913631633715,-999
census,1,98,Redfish,0,955,-999,0.7476439790575916,0.24712041884816754,0.005235602094240838,-999
census,1,99,Redfish,0,965,0.0010362694300518134,0.6984455958549223,0.29740932642487045,0.0031088082901554403,-999
census,1,100,Redfish,0,968,-999,0.6880165289256198,0.3047520661157025,0.007231404958677686,-999
census,1,101,Redfish,0,970,-999,0.6711340206185566,0.3237113402061856,0.005154639175257732,-999
census,1,102,Redfish,0,965,-999,0.6787564766839378,0.31813471502590673,0.0031088082901554403,-999
census,1,103,Redfish,0,949,0.001053740779768177,0.6944151738672286,0.2982086406743941,0.006322444678609062,-999
census,1,104,Redfish,0,960,-999,0.6916666666666667,0.30416666666666664,0.004166666666666667,-999
census,1,105,Redfish,0,961,-999,0.6992715920915713,0.29656607700312176,0.004162330905306972,-999
census,1,106,Redfish,0,970,0.0010309278350515464,0.654639175257732,0.34123711340206186,0.003092783505154639,-999
census,1,107,Redfish,0,970,0.0010309278350515464,0.7443298969072165,0.25257731958762886,0.002061855670103093,-999
census,1,108,Redfish,0,959,0.0010427528675703858,0.7518248175182481,0.2429614181438999,0.004171011470281543,-999
census,1,109,Redfish,0,966,0.0010351966873706005,0.7298136645962733,0.2650103519668737,0.004140786749482402,-999
census,1,110,Redfish,0,963,-999,0.7331256490134995,0.26583592938733125,0.0010384215991692627,-999
census,1,111,Redfish,0,957,-999,0.7147335423197492,0.2831765935214211,0.0020898641588296763,-999
census,1,112,Redfish,0,949,-999,0.7544783983140148,0.24446786090621708,0.001053740779768177,-999
census,1,113,Redfish,0,972,-999,0.661522633744856,0.3374485596707819,0.00102880658436214,-999
census,1,114,Redfish,0,961,-999,0.7180020811654526,0.2809573361082206,0.001040582726326743,-999
census,1,115,Redfish,0,960,-999,0.6895833333333333,0.3104166666666667,-999,-999
census,1,116,Redfish,0,958,-999,0.7014613778705637,0.2954070981210856,0.003131524008350731,-999
census,1,117,Redfish,0,961,-999,0.6867845993756504,0.31217481789802287,0.001040582726326743,-999
census,1,118,Redfish,0,967,-999,0.7114788004136504,0.2854188210961737,0.0031023784901758012,-999
census,1,119,Redfish,0,962,-999,0.682952182952183,0.31496881496881496,0.002079002079002079,-999
census,1,54,Saithe,0,714,-999,0.20868347338935575,0.4803921568627451,0.31092436974789917,-999
census,1,55,Saithe,0,896,-999,0.20535714285714285,0.4799107142857143,0.31473214285714285,-999
census,1,56,Saithe,0,878,-999,0.23917995444191345,0.4760820045558087,0.2847380410022779,-999
census,1,57,Saithe,0,889,-999,0.24296962879640044,0.47919010123734535,0.2778402699662542,-999
census,1,58,Saithe,0,864,-999,0.3055555555555556,0.4386574074074074,0.25578703703703703,-999
census,1,59,Saithe,0,879,-999,0.28668941979522183,0.45733788395904434,0.25597269624573377,-999
census,1,60,Saithe,0,873,-999,0.32875143184421535,0.41809851088201605,0.2531500572737686,-999
census,1,61,Saithe,0,871,-999,0.3455797933409874,0.43857634902411025,0.2158438576349024,-999
census,1,62,Saithe,0,789,-999,0.39670468948035487,0.4740177439797212,0.12927756653992395,-999
census,1,63,Saithe,0,821,-999,0.38246041412911086,0.4543239951278928,0.16321559074299635,-999
census,1,64,Saithe,0,812,-999,0.3891625615763547,0.47167487684729065,0.13916256157635468,-999
census,1,65,Saithe,0,778,-999,0.44473007712082263,0.4730077120822622,0.08226221079691516,-999
census,1,66,Saithe,0,789,-999,0.38276299112801015,0.49809885931558934,0.11913814955640051,-999
census,1,67,Saithe,0,817,-999,0.3953488372093023,0.5495716034271726,0.05507955936352509,-999
census,1,68,Saithe,0,790,-999,0.4151898734177215,0.49746835443037973,0.08734177215189873,-999
census,1,69,Saithe,0,782,-999,0.40664961636828645,0.5268542199488491,0.06649616368286446,-999
census,1,70,Saithe,0,787,-999,0.4142312579415502,0.5235069885641678,0.062261753494282084,-999
census,1,71,Saithe,0,755,-999,0.40927152317880794,0.5165562913907285,0.07417218543046358,-999
census,1,72,Saithe,0,816,-999,0.39215686274509803,0.5122549019607843,0.09558823529411764,-999
census,1,73,Saithe,0,790,-999,0.4088607594936709,0.5037974683544304,0.08734177215189873,-999
census,1,74,Saithe,0,815,-999,0.42208588957055215,0.5141104294478528,0.0638036809815951,-999
census,1,75,Saithe,0,775,-999,0.41161290322580646,0.5135483870967742,0.07483870967741936,-999
census,1,76,Saithe,0,770,-999,0.45714285714285713,0.5,0.04285714285714286,-999
census,1,77,Saithe,0,798,-999,0.41604010025062654,0.5175438596491229,0.06641604010025062,-999
census,1,78,Saithe,0,805,-999,0.422360248447205,0.5006211180124224,0.07701863354037267,-999
census,1,79,Saithe,0,814,-999,0.3746928746928747,0.5245700245700246,0.10073710073710074,-999
census,1,80,Saithe,0,810,-999,0.40987654320987654,0.49382716049382713,0.0962962962962963,-999
census,1,81,Saithe,0,780,-999,0.41794871794871796,0.5282051282051282,0.05384615384615385,-999
census,1,82,Saithe,0,762,-999,0.38976377952755903,0.5275590551181102,0.08267716535433071,-999
census,1,83,Saithe,0,793,-999,0.35435056746532156,0.5662042875157629,0.07944514501891552,-999
census,1,84,Saithe,0,776,-999,0.35695876288659795,0.5811855670103093,0.061855670103092786,-999
census,1,85,Saithe,0,785,-999,0.34267515923566877,0.5605095541401274,0.09681528662420383,-999
census,1,86,Saithe,0,792,-999,0.3333333333333333,0.5378787878787878,0.12878787878787878,-999
census,1,87,Saithe,0,829,-999,0.2991556091676719,0.5223160434258143,0.17852834740651388,-999
census,1,88,Saithe,0,816,-999,0.3382352941176471,0.5196078431372549,0.14215686274509803,-999
census,1,89,Saithe,0,847,-999,0.30578512396694213,0.49586776859504134,0.19834710743801653,-999
census,1,90,Saithe,0,809,-999,0.32509270704573545,0.5105067985166872,0.16440049443757726,-999
census,1,91,Saithe,0,827,-999,0.28657799274486095,0.4848851269649335,0.22853688029020555,-999
census,1,92,Saithe,0,843,-999,0.3202846975088968,0.46856465005931197,0.2111506524317912,-999
census,1,93,Saithe,0,867,-999,0.2837370242214533,0.48904267589388695,0.22722029988465975,-999
census,1,94,Saithe,0,850,-999,0.26588235294117646,0.4788235294117647,0.25529411764705884,-999
census,1,95,Saithe,0,853,-999,0.28839390386869873,0.45955451348182885,0.25205158264947247,-999
census,1,96,Saithe,0,867,-999,0.27566320645905423,0.47750865051903113,0.24682814302191464,-999
census,1,97,Saithe,0,829,-999,0.31242460796139926,0.51145958986731,0.17611580217129072,-999
census,1,98,Saithe,0,841,-999,0.26397146254458975,0.5136741973840666,0.22235434007134364,-999
census,1,99,Saithe,0,810,-999,0.3037037037037037,0.5172839506172839,0.17901234567901234,-999
census,1,100,Saithe,0,832,-999,0.2776442307692308,0.4891826923076923,0.23317307692307693,-999
census,1,101,Saithe,0,869,-999,0.25431530494821636,0.46490218642117376,0.2807825086306099,-999
census,1,102,Saithe,0,874,-999,0.23569794050343248,0.4610983981693364,0.30320366132723114,-999
census,1,103,Saithe,0,856,-999,0.2967289719626168,0.4649532710280374,0.2383177570093458,-999
census,1,104,Saithe,0,866,-999,0.2690531177829099,0.48498845265588914,0.24595842956120093,-999
census,1,105,Saithe,0,870,-999,0.26666666666666666,0.46551724137931033,0.267816091954023,-999
census,1,106,Saithe,0,858,-999,0.2540792540792541,0.5023310023310024,0.24358974358974358,-999
census,1,107,Saithe,0,882,-999,0.25963718820861675,0.46938775510204084,0.2709750566893424,-999
census,1,108,Saithe,0,809,-999,0.28182941903584674,0.5030902348578492,0.21508034610630408,-999
census,1,109,Saithe,0,802,-999,0.3092269326683292,0.513715710723192,0.1770573566084788,-999
census,1,110,Saithe,0,890,-999,0.2662921348314607,0.4640449438202247,0.2696629213483146,-999
census,1,111,Saithe,0,842,-999,0.2850356294536817,0.47030878859857483,0.24465558194774348,-999
census,1,112,Saithe,0,881,-999,0.2690124858115778,0.47105561861521,0.2599318955732123,-999
census,1,113,Saithe,0,801,-999,0.32459425717852686,0.49812734082397003,0.1772784019975031,-999
census,1,114,Saithe,0,851,-999,0.3125734430082256,0.47473560517038776,0.21269095182138661,-999
census,1,115,Saithe,0,836,-999,0.3026315789473684,0.5167464114832536,0.180622009569378,-999
census,1,116,Saithe,0,832,-999,0.3137019230769231,0.49038461538461536,0.19471153846153846,0.001201923076923077
census,1,117,Saithe,0,854,-999,0.28688524590163933,0.5,0.21311475409836064,-999
census,1,118,Saithe,0,844,-999,0.2950236966824645,0.49881516587677727,0.20616113744075829,-999
census,1,119,Saithe,0,862,-999,0.27494199535962877,0.4918793503480278,0.23317865429234338,-999
