"Year","Species.n","Yield","DeadM1","DeadM2","Fbar","SSB","TSB","Recruits"
1974,16,252714,69247.0753470475,136294.645864217,0.720951,182550,409477,6978740
1975,16,241132,70987.44912027,145141.07383776,0.754839,169517,406594,4530150
1976,16,305329,71216.829551153,207933.97853662,0.824809,152545,435130,14980300
1977,16,347182,75875.952064493,223786.802175203,0.809199,123997,420185,9104810
1978,16,327061,74760.0082686055,219480.219232096,0.939042,119158,483104,12173400
1979,16,428086,77771.0545377665,188434.646651919,0.759279,113966,451516,8293990
1980,16,587443,81445.7452275975,214346.627935055,0.882367,127478,473785,9139360
1981,16,390754,80002.0644458075,292555.213073252,0.875337,132257,509047,24729400
1982,16,356376,68267.27109332,204505.803538276,0.945759,124119,418360,9084030
1983,16,279032,59224.032805148,177335.861796128,0.951622,107534,385516,9367150
1984,16,378275,59898.887542282,180277.803712684,0.882868,94101.3,349207,7590180
1985,16,245642,54674.9087623655,151524.291100576,0.891861,96999.8,361574,8064750
1986,16,339692,52257.6482291155,148876.861588295,0.963442,83992.4,295779,5613490
1987,16,243840,51257.176434046,133948.707569965,0.961066,86128.2,342417,4885550
1988,16,193767,42363.0664729805,103670.267753653,0.939335,83796.1,275364,4195570
1989,16,201155,38839.5811348845,106478.726549776,0.981233,77632.9,234636,3269510
1990,16,151592,35538.7590565295,104121.560711196,0.910349,75094.8,236768,4040990
1991,16,119678,30889.0769073005,95342.0778362716,0.91162,71299.3,188903,5132850
1992,16,148985,33613.055497952,100360.774459915,0.875951,68382.4,196839,3377240
1993,16,132900,34363.9958932335,109573.612950693,0.818554,70103.6,211235,5207860
1994,16,216500,37678.6850992905,111908.609079215,0.835134,76436,212803,4502730
1995,16,198306,39583.128517617,114432.345021648,0.924948,85618.3,248193,4291380
1996,16,142941,34660.0986696637,110392.156337731,0.986684,86911.2,224791,6035270
1997,16,135372,37117.0624503925,114553.447407314,0.893453,74280,201710,3385910
1998,16,136757,31444.9260223442,103003.212874017,0.958943,76464.7,227050,4193760
1999,16,95882.7,20458.7549476568,83048.6229049057,1.08268,63243.4,135396,7380050
2000,16,77117.6,21135.507946885,71069.3669445351,1.03713,47395.4,121699,2488520
2001,16,78723.3,20689.7292990517,68417.1663987329,0.981435,53121.7,141793,2965830
2002,16,56581.5,16614.2884985586,61766.3912200583,0.893882,45631.2,100878,3919550
2003,16,51655.7,14443.7892369167,67574.9505432733,0.903345,43878.7,92129.3,5300860
2004,16,40848,13743.5849934852,65914.6055332434,0.825476,36868.1,78082.1,4368400
2005,16,36580,14430.3046625929,89161.137163639,0.751308,37735.5,83726,7244690
2006,16,37577,15984.2506450781,78131.6065008891,0.799141,40424.7,89791.3,4144370
2007,16,54641.2,17260.8844647248,78750.9451608705,0.61812,49736.8,103738,4338770
2008,16,51795,16429.5193068883,73371.8983829888,0.692558,56980.7,98134,5280880
2009,16,54026.1,15740.3957613372,57109.6517331139,0.722692,56184.8,94602.5,3388820
2010,16,49105.7,16851.0451290707,60682.4076103381,0.703658,53134.7,94427.9,3068840
2011,16,40686.8,17627.1804245071,83986.6167601897,0.582148,58645.6,103933,7007070
2012,16,40764,17167.9589981557,79533.9956471494,0.566068,58414.8,95214.5,7682260
2013,16,40757.4,18646.9018783147,84900.1095605398,0.534439,57896.8,99302.9,7223360
2014,16,45192.4,20691.866955412,75551.1163827141,0.488836,61819.1,113677,4310530
2015,16,49899.9,21002.5875933844,65250.837821878,0.486233,69911.8,122281,3871630
2016,16,50310.5,19305.4835265536,56632.9861503814,0.462776,71368.9,110852,4563460
2017,16,46368.7,18989.2298469903,42639.9130947725,0.500756,66112.8,101659,1731490
2018,16,47904.1,15858.2932344998,50224.2461000408,0.666424,64414.8,105497,2965870
2019,16,35920.4,15483.2454244461,46815.9086921894,0.549791,46886.4,77999.5,3655180
1974,17,323103,97911.7009924957,595184.218045618,0.876049,395817,544677,42841800
1975,17,276575,107827.039288542,600259.425587761,0.889602,306527,571108,38338300
1976,17,326266,112326.905638518,701062.683918962,0.959523,402187,662818,40360500
1977,17,289854,103957.217600432,547542.313185164,0.700922,383817,582908,33585700
1978,17,188195,103220.913861259,616026.847765038,0.627292,378490,604648,34100700
1979,17,243608,108613.340682387,459211.488159219,0.69644,382384,605583,25866000
1980,17,223322,104614.882119553,444097.429252553,0.739185,395640,611587,20233900
1981,17,192184,87158.5898020555,567633.442395729,0.635308,405994,546728,33311500
1982,17,140266,62798.4087535246,298770.35994489,0.514571,300439,393382,14930500
1983,17,161319,55868.9191703388,254127.976320435,0.707661,245170,337285,16096000
1984,17,145614,51007.4519960523,272778.794585897,0.842029,189381,295279,17569200
1985,17,100364,52046.4260415692,235709.203905814,0.623869,191029,275396,17125900
1986,17,161508,66715.7558175805,315799.708613699,0.817267,198048,339943,23375400
1987,17,138802,61190.8649863286,317068.211322489,0.941283,213699,346103,20680600
1988,17,133209,59532.966664336,300468.229944366,0.736213,216728,310424,24178800
1989,17,123582,62795.4015980707,314351.830906713,0.734368,213031,361498,16755100
1990,17,152614,54297.1005280954,246083.932547668,0.775003,231135,327209,14518900
1991,17,126730,52088.8463162117,207517.901515697,0.612143,211183,296886,13034000
1992,17,108541,51157.6340438282,255793.558046884,0.590161,199390,274765,20001900
1993,17,116921,46109.9405435682,230588.091903167,0.717778,185654,267991,15882300
1994,17,101644,44398.7847237196,215411.888711736,0.670981,170694,251227,14749200
1995,17,105486,45509.1235667473,225071.221528111,0.580639,171464,254504,14275200
1996,17,76123.2,36013.2845747521,148018.511894958,0.534174,157910,222688,7166180
1997,17,61432.2,34009.4595603356,191806.411465407,0.475958,133580,175309,16144900
1998,17,47478.1,38254.6048497789,309024.229138099,0.388916,115753,171075,27381700
1999,17,60836.2,36226.5825722747,300707.758518354,0.526296,116158,200185,21890100
2000,17,63812.5,44044.4006406805,258268.658775831,0.578067,124851,211202,21151900
2001,17,45244.9,49361.3056320275,318549.0508255,0.342658,151259,238536,25263400
2002,17,46448.2,41644.451398208,283697.211212707,0.309201,156702,228793,19685400
2003,17,45642.7,32973.4073451995,214187.519003002,0.340343,145102,184181,16601700
2004,17,33557.6,28833.455794466,209711.45187554,0.265787,119398,153530,16714700
2005,17,28878.8,27456.671253564,193877.443493469,0.251892,103134,143861,15112800
2006,17,36764.3,25797.95224915,191956.702037701,0.310408,95387.7,131891,15863600
2007,17,26973.6,25037.417113289,218323.037278464,0.278255,90943.5,121112,19015300
2008,17,28242.3,26652.2887165365,217464.130127771,0.275937,95207.5,133089,17727400
2009,17,28417,24295.9408364035,128106.148431337,0.254885,97995.6,130898,8585090
2010,17,34442.1,32380.083192809,200161.611935856,0.279818,121276,154919,16379900
2011,17,30665.4,33051.655464014,223482.979189322,0.258407,124143,163934,17888600
2012,17,30210.7,29495.765437943,154937.069881044,0.210166,134396,161873,11030100
2013,17,26661.3,28616.285206777,166854.789345021,0.205577,124888,143439,13939800
2014,17,28362.2,31508.6481556595,197254.287487633,0.239385,120102,157225,15777400
2015,17,36249.6,33840.7521660405,254451.378952717,0.289884,122323,157352,22961800
2016,17,33392.6,36139.077858418,265062.852074853,0.282306,131317,169464,22921900
2017,17,29344.4,35770.1502078915,214677.998437121,0.22402,143865,187587,14723900
2018,17,28436.8,33313.700253676,158160.19940073,0.214265,147399,178799,10720000
2019,17,31281.4,34844.6147894575,170277.281468374,0.24572,135013,165790,14668800
1974,18,396271,157762.269682162,978507.014988459,0.737769,312828,864194,46410500
1975,18,494728,186725.070313246,868675.631083384,0.869773,141186,1281940,4286070
1976,18,402850,128949.623106402,422117.716559784,0.824426,165274,932023,6594740
1977,18,240340,69032.9647505687,298923.383777265,0.74908,325907,468865,12758400
1978,18,146706,61582.6177013291,369427.482657768,0.794899,127252,355690,17776400
1979,18,149064,94464.32244779,643704.976728344,0.841127,80658.1,469430,33525900
1980,18,202451,135215.625451217,634769.66715436,0.808176,93151.3,807021,15254300
1981,18,226485,131498.062063854,631327.952223254,0.562508,164950,799577,22900900
1982,18,256108,113174.695794725,478847.256699632,0.523694,385348,747904,11772900
1983,18,253230,97196.7956307505,406780.65255651,0.719412,261410,563954,20527200
1984,18,247089,100066.272057767,340801.465092683,0.858189,225859,638729,6557670
1985,18,247098,85557.3193536116,221541.439150763,0.78565,150938,543972,7009670
1986,18,223727,73337.8742036936,258560.633522024,0.81664,249136,416337,14796700
1987,18,194995,71796.7198094663,164585.21835418,0.935999,156713,464406,1683510
1988,18,179974,51588.2587787333,76420.0206706066,0.995266,118731,365364,1434470
1989,18,127719,27225.1680372795,55364.4555303948,0.935025,149142,193462,2399490
1990,18,86747.9,22580.553803017,92762.7675319981,0.891411,67343.8,124190,5597970
1991,18,97264.3,31114.8102553279,124276.267797703,0.958316,39694.5,155131,6570870
1992,18,135185,47952.5976015366,187147.551353395,0.829242,39384.8,244028,9560290
1993,18,180218,59514.3233762013,153474.730455135,0.975028,85209.9,368014,3270580
1994,18,169436,66046.9178866655,225052.066482796,0.916468,103148,345413,15208600
1995,18,168928,79294.3511741796,299246.735239342,0.807986,133567,486431,6539430
1996,18,204683,71926.8595153329,162066.239176281,0.889955,94338.2,461788,4759960
1997,18,170009,55980.9820771127,114589.152640563,0.686931,189393,341415,3443700
1998,18,161929,43292.284017408,75322.4058367947,0.755695,132787,278156,1969630
1999,18,123489,47643.4135125394,202128.092044755,1.00171,111006,188105,20854700
2000,18,126823,104341.953242331,309624.910336024,0.962825,63900.9,530580,5682210
2001,18,173366,129123.613706223,141709.672996709,0.74565,38297.4,729697,930207
2002,18,155333,81457.2918525842,85703.3815603608,0.616513,400242,531113,1413590
2003,18,74350.2,51005.2895578176,54459.4016821316,0.337345,272707,304529,1796110
2004,18,72513.1,33117.3185815785,62148.3062660952,0.365061,167993,210614,1515770
2005,18,64115.2,33788.2682316171,172013.873515765,0.407692,104863,140118,12724100
2006,18,66967.2,43218.1234748561,198584.410888244,0.674356,65991.7,272618,2770790
2007,18,67425.3,42514.4068788832,85710.2388414002,0.652985,37169.1,248624,1632080
2008,18,47787,34542.3876726115,50554.7654936198,0.394053,142129,202907,1024450
2009,18,47952.5,29154.273880738,77578.4318317688,0.334931,101959,142537,5164880
2010,18,45377.6,38986.4633951057,99622.5533355387,0.363461,83081.4,216014,700604
2011,18,49689.9,36609.3178306846,46086.4412778306,0.509663,60538,214222,318828
2012,18,43194.2,30444.0033151839,25271.9224917835,0.315639,158178,175300,806966
2013,18,47127.4,23756.770768793,21730.6243405294,0.273895,119480,137721,487603
2014,18,46284,19986.8759645581,55177.4273133475,0.485505,78455.5,103849,4075370
2015,18,41558.9,24231.5556499689,71245.9156502808,0.787185,55302.9,143196,1313340
2016,18,43152.2,27320.8533252307,64041.9113844451,0.507454,30614.5,148756,2070650
2017,18,40793.9,28938.9706946377,56569.8293205993,0.37567,102293,164851,1141300
2018,18,39492.2,27650.0794762753,52425.4119763629,0.280114,87011.1,150580,1703740
2019,18,36601.4,38529.4584741973,106719.345023738,0.236765,100302,153139,8875810
1974,19,341457,158338.398130245,0,0.458002,573596,875148,281532
1975,19,308362,154211.044664845,0,0.521892,495770,836887,150858
1976,19,432832,131056.7166238,0,0.574941,374747,750073,180779
1977,19,242626,97901.904945895,0,0.736505,297631,616398,160298
1978,19,179361,84521.46614877,0,0.433067,251328,461191,355182
1979,19,144250,90885.2089097,0,0.449539,244006,487822,273220
1980,19,146784,90078.305444725,0,0.523838,226675,474834,277904
1981,19,150025,104628.68212479,0,0.491564,216674,555629,251903
1982,19,205438,105534.250654655,0,0.502716,196908,569007,304933
1983,19,205616,94747.797258785,0,0.713153,200405,549760,626345
1984,19,245308,87225.704464086,0,0.603397,165866,452603,293857
1985,19,280080,92743.493194897,0,0.596011,144637,449926,268535
1986,19,236972,89946.098013446,0,0.795863,130021,517255,174444
1987,19,195418,72033.635399367,0,0.666529,131981,403172,167756
1988,19,156418,62357.832266901,0,0.722534,132105,363225,231185
1989,19,126442,55141.4815185465,0,0.657161,112252,305517,186884
1990,19,126902,55037.201148202,0,0.582735,107302,287686,224965
1991,19,133739,56227.2892325575,0,0.570897,100980,296386,169956
1992,19,117430,63652.5299616715,0,0.538905,98910.5,312356,489321
1993,19,135112,69844.3690647835,0,0.70467,110958,356217,207479
1994,19,128816,79367.9797340445,0,0.522058,109729,367156,286034
1995,19,143477,109956.194798781,0,0.643388,133958,559304,136756
1996,19,130551,93738.849170154,0,0.557204,146953,490391,264142
1997,19,121523,92420.6317731695,0,0.406978,178917,469615,145764
1998,19,118480,80015.9665517625,0,0.428943,179222,407369,320598
1999,19,120395,80815.25691852,0,0.56363,181804,422772,353647
2000,19,94675.6,88526.20819981,0,0.412336,171395,427753,243400
2001,19,104100,101095.47057005,0,0.322381,179355,474384,188629
2002,19,129849,111227.39273629,0,0.426221,211463,563001,309160
2003,19,121658,92387.755665515,0,0.451966,201443,476931,126066
2004,19,113792,106003.378607125,0,0.323517,251591,528962,175592
2005,19,119234,95654.619965645,0,0.380802,236010,498399,112964
2006,19,128711,91434.12158304,0,0.366888,258348,483793,121621
2007,19,106333,82055.388575465,0,0.313184,240467,426561,186722
2008,19,129887,73516.08892352,0,0.46643,228777,401195,101313
2009,19,114519,69636.54419816,0,0.466099,218703,374947,170917
2010,19,104723,71324.20349816,0,0.470153,206629,386009,182202
2011,19,102008,62146.026854305,0,0.435803,163022,323258,114520
2012,19,87049.1,62327.552945905,0,0.402222,146471,314584,146256
2013,19,87269.8,64390.804900215,0,0.363202,149221,327962,225857
2014,19,82171.6,67247.91529616,0,0.381356,171574,345620,161144
2015,19,81446.6,70665.44435389,0,0.379743,178840,355544,92743.4
2016,19,77671.3,74271.83444795,0,0.348613,170835,375860,130827
2017,19,94572.8,73970.035195885,0,0.406336,196571,396637,210969
2018,19,95446.2,68051.52772043,0,0.371955,196742,355681,204577
2019,19,96634.5,73988.87646302,0,0.370335,207129,375693,204427
1974,20,604750,922130.882958938,0,0.123877,4960250,5599670,4539640
1975,20,780518,901652.779333913,0,0.165649,4767990,5527790,4633300
1976,20,826864,877271.821223662,0,0.188141,4536020,5388480,3056910
1977,20,619776,835966.128344625,0,0.147283,4364960,5145360,779005
1978,20,735619,741510.454166625,0,0.186442,4272620,4789750,2419530
1979,20,840578,645546.417028875,0,0.229804,3770900,4159690,4645450
1980,20,733063,540547.179047587,0,0.244064,2699800,3257250,5285780
1981,20,750656,562380.673839982,0,0.252027,2449280,3263130,6394360
1982,20,716385,598706.031626738,0,0.248243,2447770,3414660,1759610
1983,20,671927,561060.545548763,0,0.213445,2622690,3407790,1268730
1984,20,633027,493788.641799502,0,0.219993,2642290,3052670,6108660
1985,20,609877,548944.65146769,0,0.196696,2523150,3127100,3013240
1986,20,600246,564716.682445751,0,0.184274,2607790,3336140,3118220
1987,20,654429,542129.079493462,0,0.20161,2637990,3231510,4672690
1988,20,677317,562788.938514562,0,0.21851,2618620,3309500,3171950
1989,20,582714,546984.502634963,0,0.186851,2488220,3224750,3934290
1990,20,624046,555747.201389138,0,0.202885,2640460,3279870,2876700
1991,20,674986,549212.001098513,0,0.240485,2752910,3357010,3398790
1992,20,758475,523895.832426368,0,0.277803,2701890,3198580,4221510
1993,20,823385,521436.005308125,0,0.320611,2581110,3153570,4526020
1994,20,817922,517470.791288662,0,0.344267,2516520,3109760,3915960
1995,20,755210,523142.550036,0,0.326588,2538180,3142080,3365180
1996,20,561267,500602.103372887,0,0.244928,2426950,2952780,3479750
1997,20,570291,499320.187505325,0,0.237454,2442780,2951170,2907090
1998,20,662343,474479.382809325,0,0.271058,2441060,2867130,2946840
1999,20,636297,461461.316790413,0,0.280668,2385900,2802220,3319420
2000,20,736472,434193.63110775,0,0.332669,2250710,2659050,1978210
2001,20,735748,387762.715237238,0,0.371428,2096890,2442200,3964430
2002,20,770238,363487.85579445,0,0.447332,1798840,2182290,5369230
2003,20,678030,407309.81217588,0,0.429759,1754690,2326450,3526370
2004,20,684412,434021.352752456,0,0.469797,2051850,2512370,4838220
2005,20,549854,466624.404185044,0,0.342696,1975310,2551340,7768810
2006,20,478373,594321.401864385,0,0.279557,2203630,3096250,8887690
2007,20,588318,737095.265994622,0,0.314318,2674100,3912710,8156650
2008,20,622041,831119.244417037,0,0.289893,3185670,4520700,7630300
2009,20,738620,895000.337981929,0,0.269774,3748710,4976660,7272140
2010,20,877019,924054.386232941,0,0.253725,4199120,5179320,10941000
2011,20,947366,1101601.07815283,0,0.236178,4870040,6096790,10225900
2012,20,895262,1173036.42542932,0,0.206422,5049370,6537090,5919060
2013,20,933733,1102171.15603976,0,0.20353,5385480,6419830,4635800
2014,20,1395450,1018353.59762801,0,0.25551,5436580,6169030,7017270
2015,20,1215560,1027750.26312795,0,0.238574,5449210,6148420,2690600
2016,20,1096450,959137.4991432,0,0.226499,5255170,5912910,8132610
2017,20,1155500,907437.394325775,0,0.245115,4578900,5354940,4868670
2018,20,1025910,916561.563150862,0,0.234736,4368590,5494290,5853330
2019,20,840182,886309.785322238,0,0.196276,4207010,5209220,4217490
1974,21,266013,30091.8623934323,104334.293783551,0.715947,227630,271876,9882040
1975,21,253937,19793.8938327293,56360.3205955168,1.25367,157296,201612,4123200
1976,21,159255,10695.6361092033,30815.779432794,0.810644,81942,100128,2249420
1977,21,39314.4,8669.67222525225,23857.5593806338,0.215043,56246.2,66730.6,1445240
1978,21,0,10480.801292712,25855.2617540663,0,66374.1,77176.4,1098910
1979,21,0,14655.6715521225,41276.4166164535,0,92167,103606,4128070
1980,21,73449.9,25681.2635811275,118749.532550199,0.122392,119680,149601,16553900
1981,21,208745,43700.14176683,219942.993323172,0.175727,183227,275112,21849200
1982,21,277070,74530.1963536725,332552.380788221,0.143621,328312,462103,32655900
1983,21,430216,111354.172525605,377020.824792471,0.321877,589420,793529,28225700
1984,21,460933,138011.079944275,385479.330552964,0.516045,884422,1091890,31969600
1985,21,659339,142344.297809885,445152.994812515,0.572796,929186,1159310,47582700
1986,21,752731,155116.113078347,511470.73727489,0.471018,884471,1149520,56000900
1987,21,1008730,185907.089868775,529045.225482798,0.437324,1008400,1341040,44392000
1988,21,1140870,199873.074077428,465037.142479227,0.442048,1353310,1647130,23912300
1989,21,910318,188777.71355962,364932.244782837,0.377201,1380460,1586390,21866400
1990,21,739056,176370.949315973,328472.737881987,0.368855,1407140,1529170,20756000
1991,21,685045,158663.02214875,291078.622104578,0.389082,1243800,1363960,22474300
1992,21,764432,141842.254235085,304601.568494654,0.530557,1009210,1222410,32195800
1993,21,687902,124965.899424875,317117.934786354,0.716807,717535,1062140,32975500
1994,21,597208,116069.898443105,277426.85619139,0.684732,716398,952374,25064500
1995,21,595417,105897.921380005,309088.370965006,0.798475,683832,914852,27104200
1996,21,274372,105598.47328875,290598.934779989,0.324706,591862,787300,26684100
1997,21,264056,129912.14196139,295305.839016479,0.287886,707055,949574,17476500
1998,21,380193,147765.185497142,296325.382187869,0.436468,961661,1226800,13421400
1999,21,369622,151741.719716595,368455.891170984,0.330357,1023450,1205260,38766400
2000,21,421779,181880.14623244,376116.58916206,0.334219,1053260,1331330,24881500
2001,21,363691,227963.155822503,659009.993488269,0.26663,1360300,1661270,68422400
2002,21,390438,293134.35723905,744439.573780112,0.236617,1692990,2111860,27807700
2003,21,487432,337438.244118675,686638.885449265,0.247682,1929070,2756360,18833300
2004,21,589576,310512.259282625,735335.60144782,0.261341,2135450,2772790,21462000
2005,21,665396,249743.1920099,524270.844608446,0.342601,2097040,2306270,14389900
2006,21,513247,191836.050093125,434808.427371055,0.2755,1537830,1728410,17333000
2007,21,406368,158929.364095025,415896.059871454,0.240047,1200520,1363430,22394600
2008,21,258713,150984.227525425,393429.167086029,0.167716,1076170,1210010,20124800
2009,21,168589,172157.96386355,387296.678229666,0.0987535,1211770,1336300,21738700
2010,21,186255,211272.3020421,418982.648504548,0.113912,1278210,1612030,22566400
2011,21,224049,245541.23041075,482270.361281321,0.10267,1697730,1933970,20521200
2012,21,434509,249586.289175925,475353.389337063,0.193382,1994140,2115480,19629600
2013,21,511220,234204.92547365,474528.103329302,0.222604,1817510,1967800,32084300
2014,21,518042,231778.54433985,548539.870214099,0.214664,1639770,1836970,36158400
2015,21,494949,248117.62814135,448381.907570391,0.23993,1563740,1947080,9980770
2016,21,563618,245870.50863975,485750.402615199,0.241923,1797840,2113980,15156800
2017,21,490975,213050.383456825,377487.066894982,0.184114,1646560,1822370,7735040
2018,21,591798,189870.568946175,389243.691419908,0.241615,1466170,1700480,17927800
2019,21,432123,163684.3078001,299577.532594112,0.219223,1226580,1375860,14279000
1974,22,220388,142040.02070745,1060220.63017289,0.282691,246977,987998,235886000
1975,22,196585,95403.00205535,737336.054015229,0.372888,303030,715623,184008000
1976,22,110245,86410.53412475,602804.586497506,0.288392,163039,513527,198283000
1977,22,271729,76896.89375865,432587.651527003,0.702329,159701,610482,106720000
1978,22,133700,73290.2807673,418717.348720984,0.458258,142840,407577,163668000
1979,22,202374,127998.95989785,803755.874443211,0.173612,149061,548119,330147000
1980,22,303285,142628.06137325,944965.842432547,0.518761,279383,1049390,223195000
1981,22,152257,113308.70848055,895399.757705914,0.303682,270559,717328,269791000
1982,22,87780.1,100013.3724715,748046.572714308,0.281257,152584,692671,246715000
1983,22,96993.3,108192.0531589,695189.21653711,0.116026,146961,536055,195562000
1984,22,98661.2,139302.44329025,734310.715002315,0.106798,228968,579374,107290000
1985,22,91674,175842.9067355,829415.738364363,0.1692,330966,613182,222179000
1986,22,400801,147780.5278872,929986.760277775,0.385034,193715,707654,287202000
1987,22,408065,153624.7777661,851384.528995433,0.278723,253077,772106,132504000
1988,22,393355,134574.63634455,962469.590183971,0.363442,319899,570350,385221000
1989,22,478128,111996.6350711,621616.861295956,0.791053,176904,753050,146725000
1990,22,252809,87508.20790095,549308.643306081,0.629424,155053,478054,202396000
1991,22,413418,98735.90642625,706315.095522547,0.430385,165532,587034,242064000
1992,22,190875,141088.19410805,856718.540898081,0.260513,128925,448106,283019000
1993,22,279254,158974.97546645,1303352.5566216,0.248919,235347,752506,511178000
1994,22,502751,192843.8057327,1382737.42251733,0.697213,279546,983804,522633000
1995,22,365350,175996.7500955,1213835.50865259,0.299933,263537,1086150,266626000
1996,22,328107,215261.3285914,1396920.87800571,0.316447,348415,995137,889925000
1997,22,584720,238993.1846826,1311440.63920441,0.343661,259539,1662040,158483000
1998,22,562957,121711.43972605,713149.438946852,0.463259,510557,812700,193865000
1999,22,296332,169671.764781,862540.561918544,0.407604,232849,575105,262713000
2000,22,267363,133881.44390075,1076135.64591762,0.475599,173002,810416,301112000
2001,22,291694,110371.85981815,919398.252486036,0.293019,146562,617039,194417000
2002,22,163107,70919.24877365,523463.637250803,0.478845,127083,509573,78392400
2003,22,72291.1,53179.10956885,441671.964524122,0.24082,93729.4,214443,139477000
2004,22,80779,42688.131610625,355025.510660581,0.469963,47730.6,271219,82427200
2005,22,23672.7,36890.444845695,355202.068455915,0.187509,56004.9,223276,137132000
2006,22,16351.6,64425.278276765,559462.028994536,0.0630646,48036.1,249809,201597000
2007,22,89771.6,85923.683187275,664784.809312569,0.208847,89416.7,498764,174996000
2008,22,88546.2,82174.108852335,560317.087757797,0.381771,148132,525449,157208000
2009,22,29590.5,118485.490346,724541.707772324,0.0327187,109239,431192,304010000
2010,22,76346,128616.18828065,625978.736336341,0.122839,269281,1007750,56500100
2011,22,95974.8,73094.07806725,391158.166991574,0.153808,344142,515897,42993400
2012,22,43052.6,87961.2264155,590399.216453302,0.059211,217265,328662,230986000
2013,22,25468.6,116233.7694523,690692.734188117,0.0857765,94871,593742,175093000
2014,22,134873,106140.73070775,663417.710370919,0.544792,208514,686552,233982000
2015,22,119794,124907.62289155,558219.513078546,0.227668,190861,759125,40154800
2016,22,46563.1,115330.46132895,857623.793339475,0.0915149,286861,383828,703808000
2017,22,204772,232267.9744699,1099664.12610353,0.139822,194396,1537520,59959800
2018,22,110539,139791.44266655,776057.411639554,0.146878,508367,752382,287743000
2019,22,143583,262985.5575593,1143066.20437478,0.15249,312204,1067710,476346000
1974,23,118670,116682.6313275,363752.139788424,0.158315,371280,664483,179012000
1975,23,162704,141164.70276,420912.88799677,0.233327,337257,954862,90538700
1976,23,316414,119473.6916165,363565.144903524,0.455162,470288,838022,145035000
1977,23,314952,145228.9188069,417630.823562352,0.475577,309937,795094,320069000
1978,23,665810,199922.57649025,580523.145419756,0.613029,334884,1512500,152094000
1979,23,481048,149120.7497871,296676.655862827,0.916529,569402,1187470,152525000
1980,23,420808,134676.7457112,311616.473394177,0.617993,350875,966079,113515000
1981,23,375286,149578.9168285,603888.417571184,0.616973,390605,838134,422513000
1982,23,537998,144155.44208785,422873.868249556,0.982056,181283,1207460,41051900
1983,23,470143,116464.92503175,360123.142001241,0.53007,331153,496827,338831000
1984,23,572693,161599.3385489,539931.531169724,0.772696,192813,1077770,109786000
1985,23,524433,127664.57704165,391094.876628475,0.933481,335139,639209,365634000
1986,23,463796,191691.80721895,608344.302337856,0.32206,181123,1115310,90339400
1987,23,415066,169242.5097372,495328.033087771,0.228722,624642,1011910,83821900
1988,23,507642,139051.7530469,402767.54083797,0.563703,511517,741975,217719000
1989,23,539481,138338.1776286,452387.395839769,0.666627,169241,681021,103835000
1990,23,370806,115037.1588486,383359.221552873,0.796366,273613,624030,149004000
1991,23,489379,148247.7951514,458440.762290324,0.543086,319407,854493,219608000
1992,23,678507,167402.54846795,467112.715069492,0.48513,277460,1055050,62640000
1993,23,292075,136697.52809305,399032.806085949,0.504708,419065,684008,204314000
1994,23,283720,169286.59234815,529042.874803527,0.49879,235657,791838,278029000
1995,23,493912,227409.961284,652966.510398241,0.331489,388288,1428900,89469000
1996,23,472730,204873.3627442,648231.289038423,0.622078,501635,790698,479377000
1997,23,551195,311830.350253,864557.942516578,0.339569,236194,1871600,107893000
1998,23,486734,186202.587456,601860.120470828,0.471943,745112,1157330,167594000
1999,23,469095,124207.34503325,516972.846285264,0.775982,352534,732280,206122000
2000,23,353295,142733.49545455,557308.020808817,0.50858,175076,711008,316438000
2001,23,685450,158123.02883715,622417.097563902,0.912779,219713,834535,382461000
2002,23,647250,189261.84477605,605381.292059472,0.435793,209085,1178900,45306400
2003,23,236111,68969.8636429,347233.811794217,0.676603,376626,513457,176228000
2004,23,266244,61531.7802415,264878.614626642,0.755356,100162,421180,75473400
2005,23,145410,62694.99278847,318032.086985808,0.816017,105405,318918,166369000
2006,23,265023,77998.40451051,348339.264048268,0.807116,70285.4,450872,135653000
2007,23,114490,104421.91554704,572525.159978496,0.53844,133345,433636,272895000
2008,23,245966,114054.17842242,499194.823599346,0.620215,143369,780101,119483000
2009,23,298067,136387.8827453,604910.774584758,0.777469,217933,494903,629215000
2010,23,325647,266484.7523061,936688.094564057,0.298177,164406,1832130,73463200
2011,23,339262,132738.2247846,601099.538962976,0.265819,668835,949461,109923000
2012,23,56754.3,101862.5293714,528029.728358789,0.0782401,297599,543040,185267000
2013,23,235406,78914.5695711,354557.342003841,0.790283,161659,464499,107307000
2014,23,92328.5,66411.1935541,339468.235756088,0.512301,103141,319352,196672000
2015,23,188375,79691.88244478,334122.068182897,0.834098,112413,526488,56189000
2016,23,22090.9,86109.2589392,426372.756419679,0.0902101,155497,281411,320781000
2017,23,274609,117355.44521075,456670.99773983,0.543992,112894,785508,31379500
2018,23,148005,46299.0310171,191884.373247925,0.609149,220292,316079,114348000
2019,23,69622.1,71720.9466385,264620.961092102,0.24359,66130.7,258249,311994000
1974,24,732535,178149.134627,1532778.82319281,1.53486,273864,1045620,249712000
1975,24,508262,197898.384058,1869165.82120988,1.07334,266860,814152,389492000
1976,24,472608,199028.349881,1834306.54359085,0.964519,338750,1115510,288494000
1977,24,383967,150797.68593,1227470.61376755,0.688807,333461,952372,137426000
1978,24,253756,123560.03742,955867.799301212,0.770771,297802,616636,184368000
1979,24,339898,159016.64622,1074953.12938549,0.921673,240515,744121,202854000
1980,24,534650,154860.927176,1074549.91495027,1.05371,347431,934179,125113000
1981,24,431928,100791.7393,1021340.08725412,0.613248,296167,548340,181597000
1982,24,390197,121191.36967,1088652.60932936,0.725113,161580,525916,211389000
1983,24,475746,122403.753725,932945.143968134,0.970411,231891,716553,135348000
1984,24,376484,101860.035832,800895.319365038,1.22781,235901,588570,124430000
1985,24,227635,63653.425876,559701.184883418,1.52769,169792,420576,87371800
1986,24,180330,64881.504312,647594.727673888,0.803212,86971.6,272485,133566000
1987,24,148927,52833.795421,431386.725969511,1.2857,117222,380585,41932500
1988,24,109219,37102.993424,349580.903833605,0.581697,83642.2,144320,79390500
1989,24,166742,53815.56178,452533.456362031,0.75334,70530.3,234394,84468700
1990,24,138841,65889.154065,532843.608409595,0.840509,117209,279012,113864000
1991,24,189819,82505.071106,616004.279707916,1.31026,136466,389832,126122000
1992,24,302275,82944.849448,612774.317727436,0.677955,158453,441752,87305300
1993,24,181098,54826.18856,422652.850697664,1.14539,199506,355115,66273800
1994,24,183618,78280.70766,637584.938960638,0.874434,87119.4,219300,174589000
1995,24,231894,109014.85056,858062.715448161,0.475799,164301,601104,88447300
1996,24,156224,86866.52366,666033.286597014,0.503629,257322,422123,128651000
1997,24,156781,88470.64333,580271.4057446,0.507237,177753,520411,38473200
1998,24,73980.5,57197.65867,470578.042016968,0.373294,215117,299995,77641900
1999,24,92388.1,64718.6918,519031.657757977,0.517921,110091,274177,106292000
2000,24,185103,76632.32247,515106.516647199,0.557016,141120,412848,53751100
2001,24,64358.3,56677.48035,518746.173713144,0.16392,192326,301239,75680000
2002,24,77138.2,40866.36492,415094.052076243,0.392676,116411,257990,50535400
2003,24,24569.2,23743.610009,236462.16478793,0.353945,65357.2,152779,24567500
2004,24,13487.8,16706.008929,190473.538715352,0.210239,40745.5,84729.2,29990300
2005,24,41.44,25296.714727,280865.711605989,0,26239.3,79679.3,60515300
2006,24,46529,33467.282892,329207.233731775,0.33195,50884.5,174522,43804800
2007,24,5799.45,34495.472857,351899.137077974,0,65933.8,151710,58948200
2008,24,34843.6,50132.58857,483492.554432621,0.189581,77918.6,193560,92492300
2009,24,45821.5,70766.78946,548538.146833918,0.232364,106750,300756,94555200
2010,24,131191,70451.50181,486323.082151536,0.509825,181533,432370,25450700
2011,24,6839.87,37591.59129,393497.047448461,0.0223821,150881,203547,57542900
2012,24,26946.1,46490.4563,530346.174963196,0.0270078,74339,163778,110410000
2013,24,82179.4,47607.643229,439090.491123929,0.332548,86391.1,292499,37480000
2014,24,44189.1,53197.828369,549927.096574289,0.303282,96957.2,168238,126415000
2015,24,57351.2,72977.43211,645664.713290963,0.367829,94720.7,360630,78167900
2016,24,60202.7,57214.520486,603618.735088864,0.366408,162199,303281,96263900
2017,24,33940.9,49206.85572,472676.005107966,0.182719,89454.5,272034,48518500
2018,24,36151.5,52498.005423,548051.505936703,0.282329,101396,185676,119446000
2019,24,97554.6,106426.246146,774953.212603974,0.43544,92662.9,347367,175596000
1974,25,354208,339319.485905,2285322.31251702,0.415163,552546,1016960,396905000
1975,25,806769,501143.11062,3459242.70552219,1.02708,606658,1062070,833818000
1976,25,679972,280360.69132,2037893.69137576,0.984479,741476,1598260,343682000
1977,25,345286,256507.491101,1478453.54712535,0.834341,389689,670667,391559000
1978,25,462129,366199.225145,2040725.96342934,0.715391,347634,731485,753758000
1979,25,469921,316953.49177,1948883.34943024,0.420673,532719,1068920,358715000
1980,25,413620,157480.363795,1077421.04995209,1.07155,598947,872420,148395000
1981,25,291266,61991.720927,445270.152792624,0.640393,168872,290053,66110500
1982,25,189095,40559.823625,249178.192439384,0.597644,99023.1,167358,37097200
1983,25,80941,62345.773908,333799.537069956,1.46035,135849,240716,66939400
1984,25,104337,50366.385062,326989.908915401,0.815789,86644.2,181337,54233500
1985,25,69432.2,42611.169246,235402.568062092,0.901051,147216,273538,32825900
1986,25,30003.3,46874.197635,394286.733791371,1.25775,73126.5,132788,88774200
1987,25,46373.5,50117.32469,311780.344809441,0.323206,128505,294733,37119200
1988,25,74626.2,39841.563038,271980.441096985,1.16813,134803,212402,46671600
1989,25,74956.5,43738.804395,397768.241528092,0.388708,62580.6,125723,97146400
1990,25,83011.5,62886.512922,494473.781975147,1.00286,124568,259772,93390400
1991,25,118053,68211.4758045,340950.387069701,0.827778,95056.1,191544,59902400
1992,25,133348,70644.7033675,475058.604564983,0.34072,83782.7,162127,93258000
1993,25,201199,116614.6065685,706880.465128479,0.870842,112157,203182,177008000
1994,25,402641,112124.991262,627962.940856307,0.39286,142896,289885,120205000
1995,25,415810,55850.340134,313795.505592644,1.0159,212040,351860,37364100
1996,25,153713,37406.37402,182328.421081864,0.988433,119099,185100,34614600
1997,25,119875,39350.93154,219967.331987198,0.739954,62824.4,122013,45924700
1998,25,157740,70552.05892,347721.93719654,1.23742,128733,230130,102245000
1999,25,221064,62238.698205,391446.155276745,0.677474,110688,237005,74857800
2000,25,226525,62900.064907,286545.368156625,0.91918,110276,184466,50445400
2001,25,218622,48012.267882,266103.342394585,1.18589,105031,182402,53131300
2002,25,154880,61238.5476245,239866.558706114,1.21047,152672,297545,52079300
2003,25,181541,53491.620877,294437.264155161,0.938867,84448.7,159196,64423900
2004,25,114471,124905.2319383,668073.392179702,1.09242,148747,294286,182635000
2005,25,242173,76943.89029,407120.727516089,0.677964,157901,338034,54775900
2006,25,127796,55105.029607,336238.24072437,1.19246,172510,279736,60672000
2007,25,98037.7,56696.7693125,291105.255256659,0.921132,132426,260173,55072400
2008,25,61255.9,83148.6931085,509667.390225862,0.709873,78845.9,143590,127671000
2009,25,141182,118428.94895,660068.91609188,0.529718,236674,509660,127848000
2010,25,158496,108705.142475,673201.106714629,0.533709,214856,370862,143301000
2011,25,152271,79298.410765,613931.164392338,0.5389,226821,416250,109173000
2012,25,95535.8,77130.62499,432102.232482789,0.609831,231117,396446,63535000
2013,25,64121.6,92885.498263,710802.565136911,0.853325,89521.2,160154,203854000
2014,25,127615,197564.298105,760713.771109004,0.172426,352927,777359,158882000
2015,25,290620,155176.189425,752191.733370091,0.748709,406443,693125,118221000
2016,25,223289,76401.111251,540569.20017703,1.37507,222292,356447,138502000
2017,25,114152,91392.276424,638836.303509379,0.651006,103553,211198,210969000
2018,25,161896,107772.038563,673225.813152117,0.657548,183377,357858,193031000
2019,25,125053,137841.283989,678536.872044639,0.380962,216772,395857,232024000
1974,26,157490,34526.97696,0,0.47142,299055,433323,824833
1975,26,195250,36706.9467955,0,0.554171,310812,480255,653554
1976,26,166919,37218.3339375,0,0.440979,316018,465000,955692
1977,26,176698,36731.69053425,0,0.475659,323016,466781,810816
1978,26,159632,36995.5767495,0,0.422185,318598,460028,858072
1979,26,213301,34818.88775,0,0.637038,314503,468180,1110000
1980,26,171853,34184.71791,0,0.508713,299016,436823,1029910
1981,26,174253,32799.51991,0,0.524326,284314,413949,2139930
1982,26,205256,36842.1730015,0,0.568388,280201,474559,1472460
1983,26,220273,40879.3341895,0,0.541805,330639,528483,1405680
1984,26,236610,43205.268832,0,0.559676,350328,561239,1926700
1985,26,232402,48239.070944,0,0.504168,373593,590751,4694670
1986,26,308876,57255.93221175,0,0.62114,411002,749910,2182110
1987,26,359282,57122.93388875,0,0.638599,469928,769224,2099680
1988,26,324986,49511.0413425,0,0.67932,413525,682946,1439510
1989,26,286666,45139.21835,0,0.60577,425015,609039,1123380
1990,26,240671,41449.72186975,0,0.532777,380967,536822,987753
1991,26,238215,39095.9411195,0,0.627062,372146,525326,856013
1992,26,193772,32574.15332675,0,0.674682,318195,446527,559138
1993,26,163530,28087.19678975,0,0.654353,275949,382493,543284
1994,26,145716,24016.08390425,0,0.665172,229105,323636,908497
1995,26,131181,23842.33123625,0,0.623387,211300,312391,905111
1996,26,143445,22906.236555,0,0.723777,191871,296055,2545760
1997,26,193112,25175.21902575,0,0.877243,181088,345941,942058
1998,26,183573,24952.459429,0,0.753061,200215,340140,813918
1999,26,160706,23553.2527565,0,0.795055,192936,328111,952966
2000,26,135074,22789.1039195,0,0.614586,192445,298258,605824
2001,26,193207,23493.4260794,0,0.778517,206787,319798,1750410
2002,26,134260,23251.440656625,0,0.79378,171563,315961,573727
2003,26,154019,22534.9052964,0,0.792001,186902,313576,1171130
2004,26,127979,22356.9800055,0,0.614872,158141,292084,727508
2005,26,119045,21216.673617625,0,0.649113,179837,283230,731868
2006,26,131304,21799.44162175,0,0.640999,177405,288313,1080410
2007,26,100965,20515.4559035,0,0.565662,157808,261833,926404
2008,26,105331,23782.8453595,0,0.489496,182525,297787,853307
2009,26,108260,27764.06259375,0,0.430618,213762,340373,1089540
2010,26,116903,31197.6248895,0,0.441501,252380,383196,1305830
2011,26,118084,29823.0189875,0,0.449545,242585,369412,1089370
2012,26,141936,30431.43851425,0,0.457977,241335,376680,1167630
2013,26,126254,32863.2417995,0,0.420145,264542,401838,1273110
2014,26,133627,35393.6513515,0,0.419246,292328,437172,717820
2015,26,134459,27606.4555985,0,0.44926,266992,348296,830157
2016,26,136948,25914.3224225,0,0.517324,255275,331555,1289100
2017,26,114291,25867.063518,0,0.396226,235249,316244,743155
2018,26,105774,24684.7145601525,0,0.400192,211431,291185,2244810
2019,26,86091.8,27292.6359725,0,0.274741,212167,313991,1060500
1974,27,17985.6,4813.058267205,0,0.45879,40997.6,59470.2,49141.8
1975,27,20769.5,4686.21405373,0,0.466147,43211,58406.9,111019
1976,27,17322.2,4262.502567317,0,0.435226,42834.8,52525,138258
1977,27,18000.7,4440.495305395,0,0.394448,35068.2,53691.3,51184.8
1978,27,20275.7,4566.5610111625,0,0.484393,39999.4,58216.2,14954
1979,27,22594.9,4176.775136795,0,0.476925,45967.6,53114.2,151835
1980,27,15803.2,3553.048546113,0,0.481789,36197.8,43847.1,162427
1981,27,15399.8,4305.2827142625,0,0.480132,25077.2,50669,147010
1982,27,21574.5,4815.6118634425,0,0.541939,34149.7,59278.1,149864
1983,27,24924.2,5312.877160981,0,0.509387,42180.3,66981,77112.2
1984,27,26836.7,5038.07264474325,0,0.584804,45357.1,66142.2,92671.6
1985,27,24245.4,4238.3305711025,0,0.550252,41869.5,54684.8,143123
1986,27,18197.7,4116.29363665825,0,0.608517,36282.3,53672.6,66924.7
1987,27,17365.1,4619.9673661085,0,0.497266,29949.7,52053.4,509291
1988,27,21586.8,5738.4247668832,0,0.497806,36517.9,68385.2,115792
1989,27,21801.5,8319.066544547,0,0.407854,32569.6,96251.5,235062
1990,27,35118.1,9448.98525580475,0,0.428942,91205.8,117110,83109.3
1991,27,33511.2,8902.249887183,0,0.472297,77736.6,109388,422870
1992,27,29338.8,8786.1246167295,0,0.456725,78289.6,109376,86095.4
1993,27,31489.1,8335.378083365,0,0.509444,54650.3,104586,61456.8
1994,27,33000,6848.2195250625,0,0.549068,76934.1,90264.4,103584
1995,27,30466.3,5543.795905955,0,0.504207,59764.6,72524.8,62340.2
1996,27,22648.1,4236.65197750083,0,0.727832,40751.9,56590.8,260155
1997,27,14899.4,3971.61973470875,0,0.617266,29156.6,49373.7,118067
1998,27,20864.9,4659.274914503,0,0.653392,21845.2,58131.4,91889.6
1999,27,23473.2,4427.14093139625,0,0.581965,38976.3,56354.7,124175
2000,27,22639.1,3951.0348371859,0,0.646809,35686.9,52362.2,67035.1
2001,27,19941.8,3809.53177800625,0,0.539218,28614.6,46844.9,183452
2002,27,18659.3,3860.96388899255,0,0.535827,31165,48098.2,85472.8
2003,27,19285.6,4250.57621105538,0,0.528241,26235.3,52920.5,45508.9
2004,27,20941.8,3811.3502240125,0,0.521125,36968.9,49025.3,50294.4
2005,27,17696.1,3127.21600469275,0,0.556307,31370.7,39530.9,184905
2006,27,13588.3,3216.9301237036,0,0.474188,24018.8,39094.9,73832
2007,27,15504.8,3764.43820647437,0,0.478295,17735.9,45035.4,72050.9
2008,27,14615.1,3875.1787477993,0,0.409045,33741,46789.9,89803.4
2009,27,15213.9,3700.5654822373,0,0.471978,31950.9,44901.6,185987
2010,27,14850.2,4130.42089560368,0,0.529085,29284.6,49456.4,228646
2011,27,13188.5,4920.459245728,0,0.460637,25636,58663.2,58439.3
2012,27,14694.8,3438.701362975,0,0.519091,30622.6,43241.9,105075
2013,27,15958.1,3499.613883575,0,0.467542,36591.9,43348.2,155951
2014,27,14639.6,3375.255085925,0,0.44289,31403.7,41694.7,112289
2015,27,14590.4,3885.2819277275,0,0.402244,29185.2,46572.6,68239.6
2016,27,15323.4,3384.6895233825,0,0.453218,34913.1,41946.1,138691
2017,27,13573.9,3127.786066638,0,0.40828,31029.2,38076.8,112278
2018,27,12265.7,3916.9107997275,0,0.351159,27506,40166.3,632963
2019,27,10605.2,4470.76625871,0,0.299295,27878.8,51251.8,24286.4
